gun,S,pay,pnl,cm,taker
08-14,1786665900,600.0,132.0,,0.0
08-14,1786666200,1879.401344,322.5579580300001,0.9388387392352698,651.1299999999999
08-14,1786666500,2964.2700970000005,1948.6990210800004,0.6373050439434078,1951.76
08-14,1786666800,598.9359549999999,52.34059952999996,,0.0
08-14,1786667100,1370.703229,259.02879934,,0.0
08-14,1786667400,1009.368727,288.07299776,,0.0
08-14,1786667700,718.28229,154.22169959999997,,0.0
08-14,1786668000,696.135495,206.77519955000002,,0.0
08-14,1786668300,218.25,30.241799999999984,,0.0
08-14,1786668600,262.48,55.97000000000003,,0.0
08-14,1786668900,2495.6897729999996,508.1054992299996,,0.0
08-14,1786669200,2364.1437619999997,-310.4935256799997,1.2545162789211683,695.3
08-14,1786669500,1828.2569549999998,-292.0170757000002,1.3168328032185876,614.12
08-14,1786669800,406.59428099999997,64.58185885999995,,300.0
08-14,1786670100,1115.730743,383.99739635000026,,0.0
08-14,1786670400,723.1879920000001,-62.69679870000016,1.439752072896244,198.62
08-14,1786670700,273.31,38.26339999999999,,0.0
08-14,1786671000,731.3403999999999,-112.90692000000007,1.4473257037829055,191.0
08-14,1786671300,219.555554,30.580309439999994,1.0092307692307694,65.0
08-14,1786671600,788.713741,168.49659842999995,,0.0
08-14,1786671900,461.27070000000003,33.656143000000014,0.8540789958594377,0.0
08-14,1786672200,187.40990799999997,26.039184739999996,1.0935118744365604,0.0
08-14,1786672500,1422.6334350000002,-871.0416428300002,1.2506595780438912,293.77
08-14,1786672800,50.905271,9.632128049999999,0.6214276756275743,0.0
08-14,1786673400,305.80555400000003,-47.443054700000005,1.05,0.0
08-14,1786673700,1042.0360819999999,-661.6931069899999,,0.0
08-14,1786674000,1299.8469050000003,123.02822398,0.805192483424316,552.45
08-14,1786675200,143.256841,42.76539979000002,,0.0
08-14,1786675500,212.94803600000003,92.77329825000001,,0.0
08-14,1786675800,140.756582,62.22339862000001,,0.0
08-14,1786676100,200.0,98.0,,0.0
08-14,1786676400,404.762284,149.66679940000006,,0.0
08-14,1786676700,400.0,100.0,,0.0
08-14,1786677000,56.301611,1.3184284099999992,0.94,28.15
08-14,1786678200,102.400424,48.12819928,,0.0
08-14,1786678800,234.24666399999998,-32.97260099333201,1.1400000266692254,0.0
08-14,1786679400,200.526271,51.1395916,0.49,0.0
08-14,1786679700,5829.975667,1048.5209953399997,0.5957267597787856,4691.110000000001
08-14,1786680000,61.836543999999996,-27.826444799999997,,0.0
08-14,1786680600,100.0,67.0,,0.0
08-14,1786680900,200.15305,23.996938999999998,0.9,0.0
08-14,1786681200,7.0,2.66,,0.0
08-14,1786681500,2244.1129659999997,-248.31757182000024,1.2205387843509705,259.25
08-14,1786681800,138.38090499999998,12.59698865,0.81370187367059,17.0
08-14,1786682100,1586.307797,-2.1367335300001287,1.0509789681410489,0.0
08-14,1786682400,759.988935,192.76403944999993,0.48948866683091685,379.98999999999995
08-14,1786682700,2613.870709,973.4078095999997,0.4973806483045241,382.93999999999994
08-14,1786683000,1047.5021339999998,228.09369127000002,0.7320583951627957,0.0
08-14,1786683300,419.13,74.0173,0.6823009172637249,0.0
08-14,1786683600,400.0,22.0,0.8900000000000001,0.0
08-14,1786684200,759.8422390000001,-264.49884761,,0.0
08-14,1786685400,200.0,18.0,,0.0
08-14,1786686000,458.66,10.846099999999979,0.9527052718789517,0.0
08-14,1786687200,206.0,80.05016999999998,0.9000000000000001,6.0
08-14,1786687500,400.0,4.0,0.98,0.0
08-14,1786687800,64.64844,-6.464843999999999,,0.0
08-14,1786688100,200.0,70.0,,0.0
08-14,1786688700,208.499229,42.73839953999999,,0.0
08-14,1786689300,100.0,16.0,,0.0
08-14,1786689900,382.36,49.49916999999999,,182.35999999999999
08-14,1786690500,275.404091,187.71639552,,0.0
08-14,1786690800,595.2,-151.58959,1.4917557123655913,341.6
08-14,1786691400,400.0,10.0,0.95,0.0
08-14,1786692300,44.28,-2.619959999999999,1.1015582655826557,22.14
08-14,1786694400,300.0,-231.0,,0.0
08-14,1786694700,343.42513399999996,143.54819957999993,,0.0
08-14,1786695000,414.328102,101.77857916000002,0.581716989182894,179.41000000000003
08-14,1786695300,345.53999999999996,93.02449999999999,0.4615702957689414,0.0
08-14,1786695600,1664.316224,214.9817908,0.7382884247933866,200.73999999999998
08-14,1786695900,1280.88128,342.5503960499999,,0.0
08-14,1786696200,2139.1347479999995,112.13266217999967,1.2067658748686334,385.35
08-14,1786696500,538.9858909999999,83.75950973999994,,40.25
08-14,1786698600,10.0,0.04999999999999982,0.99,0.0
08-14,1786699200,399.99902199999997,-178.93982396,,200.0
08-14,1786699800,209.416362,1.8844998199999736,1.1450270095873785,0.0
08-14,1786700400,139.0,-16.439120000000003,0.81,39.0
08-14,1786701600,619.3,-168.159,,0.0
08-14,1786701900,269.8402500000001,190.7953950000001,,0.0
08-14,1786702500,100.0,-30.000000000000007,,0.0
08-14,1786704900,799.9998169999999,84.86105452999999,0.7851347375866424,68.14
08-14,1786705200,400.0,-122.0,,0.0
08-14,1786705500,8.913792,5.16999936,,0.0
08-14,1786705800,2656.5594049999995,372.62402216999993,0.35071167500486417,417.37
08-14,1786706400,73.395732,-18.348933,,0.0
08-14,1786707000,98.260425,27.222101000000002,0.43,49.13
08-14,1786707300,209.385674,33.50368264000001,0.68,0.0
08-14,1786707600,399.964182,83.98889642,,0.0
08-14,1786707900,0.756755,-0.47675565,,0.0
08-14,1786708500,172.119993,-61.685295849999996,,0.0
08-14,1786709400,528.0,114.75,,0.0
08-14,1786709700,205.148076,38.48739853500004,,0.0
08-14,1786710000,751.014422,-70.28292255999997,1.0553831424042577,0.0
08-14,1786710300,252.66,-5.265999999999991,0.8965151316651382,0.0
08-14,1786711500,30.0,-0.5981499999999986,1.03,15.0
08-14,1786711800,199.951268,-121.97027347999999,,0.0
08-14,1786712100,107.81808500000001,-85.17628715000001,,0.0
08-14,1786712400,659.840738,16.068598220000013,0.9915554747444966,300.0
08-14,1786712700,393.02333,36.68170939999993,1.6018129346916394,46.51
08-14,1786713300,348.77,56.85239999999999,,0.0
08-14,1786713600,422.0,-162.82,,0.0
08-14,1786713900,342.02,-75.75112000000001,1.42498041050231,239.02
08-14,1786714500,826.106577,-82.98660111000004,1.8132135818359298,58.32
08-14,1786714800,297.601547,-152.26532733,,142.91000000000003
08-14,1786715700,1185.5963,14.392991650000113,0.9719497822884222,226.26
08-14,1786716000,1267.539538,-164.6430121599999,1.2592160078032486,22.61
08-14,1786716600,169.19711,-6.808878600000002,0.6417271991651657,0.0
08-14,1786716900,737.977634,9.233376240000041,1.1877763392731646,341.8
08-14,1786717200,300.0,33.0,,0.0
08-14,1786717500,107.481427,12.023699889999989,,0.0
08-14,1786717800,369.874877,-86.69840595999997,1.4579005495710025,181.23
08-14,1786718100,167.916664,20.14999967999998,,0.0
08-14,1786718700,1399.996897,83.23075002000007,0.8745760973476349,400.02
08-14,1786719600,3008.101401,1670.30477881,0.5164133552392449,1776.4
08-14,1786719900,722.6413709999999,-187.94927854000002,,0.0
08-14,1786720500,348.77698899999996,-23.59904162999996,0.967350558294475,141.29
08-14,1786720800,99.996828,40.99869948,,0.0
08-14,1786721400,681.09,208.16664999999995,,371.09000000000003
08-14,1786721700,155.375649,35.73639927000002,,0.0
08-14,1786722000,172.640601,-37.50523222999999,1.319653453501321,58.519999999999996
08-14,1786722300,557.572116,-279.77171768,,0.0
08-14,1786722600,1135.567898,-66.89354991584196,1.0511967230079855,361.53
08-14,1786722900,998.5133189999999,122.87118744000009,1.3333882597462143,141.0
08-14,1786723200,1199.994938,180.99830806,0.6774342201506951,800.0
08-14,1786723500,852.5980059999999,139.80929953999998,,0.0
08-14,1786723800,913.208043,-5.398834539999996,1.010722334971315,80.0
08-14,1786724100,192.701001,2.4685136299999897,1.0180352706734295,88.52000000000001
08-14,1786724400,200.0,93.2675,,100.0
08-14,1786724700,3918.0895790000004,-833.0891675,1.4162804431672218,2472.37
08-14,1786725000,900.0,475.87691000000007,,900.0
08-14,1786725300,545.887363,166.88339818000003,,0.0
08-14,1786725600,199.989562,86.28999852,,100.0
08-14,1786725900,1889.466427,-223.62180010999987,1.3624016522329596,600.0
08-14,1786726800,136.03,47.279,0.5400111018595615,0.0
08-14,1786727100,41.9675,-15.4083,,0.0
08-14,1786728000,793.817791,49.63183866999998,0.9976512804463367,310.32000000000005
08-14,1786728600,762.560421,-20.630437889999996,1.0909793155828227,0.0
08-14,1786729500,90.082494,25.22309831999999,,0.0
08-14,1786730400,85.230221,-35.39662155,,0.0
08-14,1786730700,166.16570899999996,18.58288730000001,0.7763057004067289,0.0
08-14,1786731000,300.702624,-18.75076544000001,1.1099999999999999,150.35
08-14,1786731600,934.6934819999998,54.27372056999991,0.9825260328562175,109.3
08-14,1786731900,755.320366,-143.61770100000007,1.2381728223102204,0.0
08-14,1786732200,1160.1327689999998,64.04166381000005,0.8767350679914947,550.37
08-14,1786733100,234.547361,19.77640858999999,0.8300000000000002,117.27
08-14,1786733700,300.0,-165.0,,0.0
08-14,1786734000,2485.421919,-189.95721478000019,1.1435295300099417,905.87
08-14,1786734300,600.0,-57.36635999999993,1.19,22.0
08-14,1786734600,103.299997,30.98999910000002,,0.0
08-14,1786735200,441.417067,-7.6978004100000135,1.0348722725366295,0.0
08-14,1786735800,370.849227,-46.88367944999999,1.2463391219933124,185.42
08-14,1786736100,949.7238,272.9747972800001,,0.0
08-14,1786736700,329.96,-216.35707,,172.11
08-14,1786737000,900.0,183.0,,0.0
08-14,1786737600,518.810234,162.91389798000006,,0.0
08-14,1786737900,121.05758200000001,20.22508755999999,1.0680372235977469,13.51
08-14,1786740000,234.06308,-11.703154,,0.0
08-14,1786740900,92.90122,-4.645061,,0.0
08-14,1786741200,661.64,159.40999999999997,,0.0
08-14,1786741500,127.13989899999999,-42.163537469999994,1.5999999999999999,0.0
08-14,1786742100,120.623698,-10.85613282,,0.0
08-14,1786742400,1510.6595409999998,214.8729261000001,0.809616751334891,263.57
08-14,1786742700,64.163332,-6.098132160000006,1.19,0.0
08-14,1786743000,200.0,80.0,,0.0
08-14,1786743600,1587.526114,-151.53433626999959,1.4799566294912072,103.38
08-14,1786743900,125.74636100000001,15.947299390000012,,0.0
08-14,1786744200,282.48273,-111.58353330000001,1.1468128250720324,0.0
08-14,1786745400,400.0,78.0,,0.0
08-14,1786745700,200.0,45.23608999999999,,91.83
08-14,1786746000,201.88679100000002,19.99999923,0.8103703700904663,0.0
08-14,1786747500,79.39183299999999,-30.22055499,,0.0
08-14,1786747800,226.86283600000002,54.44975908,0.52,0.0
08-14,1786748100,289.74384200000003,-81.84063881999995,1.4968157559103998,6.36
08-14,1786748400,499.998887,-78.02060068,1.1384343060702466,0.0
08-14,1786749600,232.56244099999998,-89.53625075000001,,0.0
08-14,1786749900,424.287793,6.57988801999997,0.9240518750029431,199.99999999999997
08-14,1786751400,200.99999999999997,-69.66726000000001,1.163624,199.99999999999997
08-15,1786752000,268.732797,-22.67824969,0.4207876900094984,0.0
08-15,1786752300,146.757,58.702799999999996,,0.0
08-15,1786752600,199.98790400000001,-113.99310528,,0.0
08-15,1786752900,55.566875,8.890700000000002,,0.0
08-15,1786753200,2593.216305,63.83775394499992,0.6662535707846069,191.09
08-15,1786753500,600.522999,57.66939912999999,0.806707635754166,137.63
08-15,1786753800,231.21285600000002,69.61399968000003,,0.0
08-15,1786754100,659.2071649999999,51.6529338499999,1.2234182494110586,129.6
08-15,1786754400,199.95439500000003,67.98449430000002,,0.0
08-15,1786754700,937.473168,10.498803960000032,0.8610597485424282,89.52000000000001
08-15,1786755000,204.3478,17.652175999999997,0.99,0.0
08-15,1786755300,500.109868,148.02089843368594,,0.0
08-15,1786755600,168.754877,-30.37587786,,0.0
08-15,1786755900,1074.914614,-124.96130018000008,1.2324982098133757,0.0
08-15,1786756200,131.645784,-7.92523584,,0.0
08-15,1786756800,12.150908,1.3365998799999996,,0.0
08-15,1786757100,354.53505700000005,11.036019250000038,1.110920040725491,0.0
08-15,1786757400,187.84317500000003,-85.931403,1.2913618677042802,0.0
08-15,1786758600,421.865914,-94.19833373,,0.0
08-15,1786758900,169.993408,-4.208908479999991,1.0495615170531813,0.0
08-15,1786760700,640.986409,244.01616873000006,0.5966794903411334,0.0
08-15,1786761000,399.986058,165.99539914,,0.0
08-15,1786761300,327.719046,106.82099965999998,,0.0
08-15,1786761600,322.19927699999994,57.50744267000002,0.7673690618337757,0.0
08-15,1786761900,341.84630000000004,20.593098999999995,0.973714323179385,0.0
08-15,1786762200,130.424647,-35.868148790000006,1.55,0.0
08-15,1786762500,67.14691300000001,4.030197380000004,0.8799999999999999,0.0
08-15,1786762800,774.251623,-122.53454506999992,1.2020996633945173,200.0
08-15,1786763100,637.40047,48.72529878,0.8583089906626307,0.0
08-15,1786763700,187.37,71.07527,,172.0
08-15,1786764000,795.4,142.1587800000001,,200.0
08-15,1786764600,683.690638,165.03806126,0.5764928729199937,0.0
08-15,1786764900,262.441877,28.468698830000008,0.7830500000392464,0.0
08-15,1786765200,146.04685,22.638597499999996,0.6900000000000001,0.0
08-15,1786765500,58.587498,-1.75762494,,0.0
08-15,1786765800,200.0,-56.00000000000001,,0.0
08-15,1786766100,341.93665999999996,-27.28966240000001,1.0965536054945164,0.0
08-15,1786766400,437.31605699999994,-79.03356,,0.0
08-15,1786766700,516.9211540000001,-58.36880234,,0.0
08-15,1786767000,399.967055,-33.84092759999996,1.1597994799479947,199.98000000000002
08-15,1786768200,972.0362819999999,-252.35260073,,0.0
08-15,1786768500,779.3999630000001,79.23531146999994,0.8290057037144263,0.0
08-15,1786768800,818.653713,-139.81251081,,200.0
08-15,1786769100,341.75027,-92.01045268000001,0.6638686337613717,0.0
08-15,1786769400,82.758325,-3.310333,,0.0
08-15,1786769700,870.610195,-226.10212723999996,,0.0
08-15,1786770000,79.41173,-11.911759500000002,,0.0
08-15,1786770300,532.354095,58.44113727000001,0.5945444228090525,50.0
08-15,1786770600,705.66695,-182.87057098000002,,0.0
08-15,1786770900,812.15098,-153.47996456,,200.0
08-15,1786771200,130.053777,-23.409679859999997,,0.0
08-15,1786771500,987.7259740000001,-62.43012588000002,0.7451228243164468,90.10000000000001
08-15,1786771800,808.675761,38.635627099999965,0.9528742835498574,456.71
08-15,1786772700,58.043332,43.132498999999996,,0.0
08-15,1786773300,697.46729,-50.28359039999998,1.1434594760627799,100.0
08-15,1786774200,200.0,-44.0,1.44,0.0
08-15,1786774500,208.05584100000002,20.20963375999999,0.6469657352015775,10.1
08-15,1786774800,254.231856,20.301223610000022,0.8743425820300463,0.0
08-15,1786775100,111.62635399999999,-57.45915514,,0.0
08-15,1786775400,199.971017,13.99942763,0.86,0.0
08-15,1786775700,100.0,-23.0,,0.0
08-15,1786776300,71.200644,20.394399280000002,0.71,0.0
08-15,1786776900,100.0,-60.0,,0.0
08-15,1786777500,448.466858,-164.15026057,,0.0
08-15,1786777800,691.6974789999999,-22.134736490000023,1.0612145453175343,93.08
08-15,1786778700,400.0,-127.65871,,200.0
08-15,1786779600,100.0,-15.0,,0.0
08-15,1786779900,555.340321,-114.10158976000001,,0.0
08-15,1786780200,1541.1466139999998,-76.54581561999998,0.945579303629763,392.08
08-15,1786780500,1108.2358009999998,-36.775809809999885,0.9664962006026749,411.27
08-15,1786781700,395.60225,134.43238000000002,0.3136035864101646,77.66
08-15,1786782600,200.0,138.0,,0.0
08-15,1786782900,58.83218500000001,9.02501405,0.6932814461081351,0.0
08-15,1786783200,495.52131,78.0912373,0.5515098928060383,0.0
08-15,1786784100,199.9925,69.91456,,177.60999999999999
08-15,1786784400,431.27,-175.6238,1.375,200.0
08-15,1786785300,69.130699,-10.87190271,,0.0
08-15,1786785900,169.8496,-42.4624,,0.0
08-15,1786786500,2.483166,-0.44696988000000015,,0.0
08-15,1786786800,200.0,72.0,,0.0
08-15,1786787100,61.6,-27.372230000000002,,56.6
08-15,1786787400,291.40000000000003,183.31810000000002,0.8029604730562105,0.0
08-15,1786788900,345.487793,-48.18780274000001,,0.0
08-15,1786789200,310.043993,-45.07821654999999,,0.0
08-15,1786789500,203.61129799999998,27.236243079999998,0.30711947749709567,0.0
08-15,1786790100,202.255908,162.25408548000001,,0.0
08-15,1786790400,55.64,41.1736,,0.0
08-15,1786791000,194.437756,30.597167020000015,0.6820459582711536,26.630000000000003
08-15,1786791300,200.0,-186.0,,0.0
08-15,1786791600,233.73563000000001,-58.3856319,,0.0
08-15,1786791900,49.87,9.475299999999997,,0.0
08-15,1786792800,118.330388,20.718777039999992,0.6900000000000002,0.0
08-15,1786793100,55.699999999999996,6.684000000000001,0.76,0.0
08-15,1786793400,543.5148790000001,-78.72611737999999,,0.0
08-15,1786793700,400.0,90.01590999999999,0.5324735,200.0
08-15,1786794000,9.57,5.3591999999999995,,0.0
08-15,1786794300,303.964367,-4.363188890000032,0.9973104538186622,0.0
08-15,1786794900,287.97593900000004,64.45279914000002,,0.0
08-15,1786795500,280.55384499999997,60.834509699999984,,200.0
08-15,1786795800,92.626266,19.522744480000007,0.716890407408085,63.03
08-15,1786796100,399.28484199999997,73.67057779999999,0.5608807823237215,47.53
08-15,1786796400,399.982266,-17.999371919999987,1.0899999999999999,0.0
08-15,1786796700,556.064192,6.422238460000017,0.9769000044338525,0.0
08-15,1786797000,501.158741,-71.1735519,,0.0
08-15,1786797300,140.74,-4.585000000000008,0.9900000000000001,0.0
08-15,1786797600,536.414651,134.262196533086,,0.0
08-15,1786797900,336.78184999999996,42.0979995,0.75,0.0
08-15,1786798200,163.91,-4.9173000000000044,,0.0
08-15,1786798800,841.6441030000001,2.808728090000045,1.5451257712082707,0.0
08-15,1786799100,827.7296350000001,275.09539614000016,,0.0
08-15,1786799400,908.4783170000001,27.921846189999997,0.9407476866005676,0.0
08-15,1786799700,1680.593401,-613.96931452,1.7299793686996334,173.89000000000001
08-15,1786800000,1045.68512,-49.88234080000018,1.2064186380874342,8.3
08-15,1786800300,522.173912,103.90524951999998,,120.0
08-15,1786800600,649.355832,-170.48233263999998,1.4709082430317064,200.0
08-15,1786800900,754.527876,206.01709816000005,,0.0
08-15,1786801200,200.0,57.13835,,200.0
08-15,1786801500,8.666665,2.5999995,,0.0
08-15,1786801800,100.0,30.0,,0.0
08-15,1786802100,118.593547,44.763999569999996,,0.0
08-15,1786802400,100.0,56.00000000000001,,0.0
08-15,1786803000,199.994443,140.14205909,,100.0
08-15,1786803300,599.964537,-48.894230719999996,1.1533211341156562,293.56000000000006
08-15,1786803600,999.968884,100.85661780000004,0.7980083120816215,199.98
08-15,1786803900,819.2599,130.62819768000008,,0.0
08-15,1786804200,576.5822459999999,-10.287826530000018,0.9181030250131856,146.66000000000003
08-15,1786804800,100.0,18.0,,0.0
08-15,1786805100,470.58485400000006,26.941250440000005,0.8796654015909912,135.29
08-15,1786805400,522.7428600000001,38.714971440000056,0.8481447072840551,68.65
08-15,1786805700,505.51306300000005,-55.51380334000004,1.21335647527684,147.44
08-15,1786806000,99.995,39.998000000000005,,0.0
08-15,1786807200,620.561045,-67.93144555,1.046237752256346,12.58
08-15,1786807500,266.868237,21.411540540000004,0.87,0.0
08-15,1786808100,400.0,77.00598000000002,,200.0
08-15,1786808700,381.90101999999996,-13.86036,,0.0
08-15,1786809000,365.01289599999996,-28.757785279999997,0.985534192834423,30.77
08-15,1786809300,496.675673,-36.91170691000002,0.9137801816525406,248.34
08-15,1786810500,6.765655,-0.52567385,,0.0
08-15,1786812000,823.8773679999999,244.6682836,0.5646781183908516,155.87
08-15,1786812300,599.9769410000001,95.95889648999992,0.8141999077533644,31.0
08-15,1786812600,674.518341,-104.29831471,,0.0
08-15,1786812900,985.6766819999999,-22.77736993999997,0.5641521883697558,200.0
08-15,1786813200,966.207518,199.78202840999995,0.576835388873689,295.27
08-15,1786813500,749.6425770000001,76.96287762999992,0.7887470885487751,127.1
08-15,1786814100,409.434842,-104.77424497999998,,0.0
08-15,1786814700,154.053983,9.078204159999999,0.8821503048559639,0.0
08-15,1786815000,143.5,53.351330000000004,,143.5
08-15,1786815300,543.0518509999999,-89.20748817999998,0.34429336395583604,0.0
08-15,1786815600,1038.389232,213.03444499999995,0.5776082566724287,522.61
08-15,1786815900,800.5801239999998,-223.16135641000002,,0.0
08-15,1786816200,670.7098759999999,-69.61038884000001,0.8275916650550068,0.0
08-15,1786816500,458.940396,-103.71961025999998,,0.0
08-15,1786816800,524.262345,-61.28728540000003,0.7917120923425289,42.0
08-15,1786817400,77.504975,8.258401000000013,0.86,0.0
08-15,1786819800,715.0797299999999,63.679477460000044,0.8176860514060018,135.43
08-15,1786820700,100.0,24.0,,0.0
08-15,1786821300,367.214357,41.91420922999998,0.9794593903092377,200.0
08-15,1786823100,913.40949,-125.31297987999999,,200.0
08-15,1786823400,706.7036989999999,-214.2456758,0.900048068545497,174.28000000000003
08-15,1786824000,163.931281,-36.064881820000004,,0.0
08-15,1786824300,281.949321,-8.588029859999978,1.0609136414410734,0.0
08-15,1786824900,1237.302723,-108.51357538999997,0.8445910356628842,200.0
08-15,1786825200,802.0940559999999,-85.29614563999999,,0.0
08-15,1786825500,2106.483968,576.03928879,0.4731765753114141,145.0
08-15,1786825800,607.667658,-86.2075882,,0.0
08-15,1786826100,59.422631,-1.7826789300000017,,0.0
08-15,1786826400,200.0,-30.000000000000004,,0.0
08-15,1786826700,180.326817,35.301219479999986,0.6077284826974269,5.0
08-15,1786827000,203.26085,-22.237727999999997,,199.99999999999997
08-15,1786827600,787.3532600000001,-186.45716190000002,,200.0
08-15,1786827900,851.73217,-277.41869231,,399.99999999999994
08-15,1786828800,54.426128,15.13397936,0.44000000000000006,27.21
08-15,1786829400,329.710475,-116.753676,,0.0
08-15,1786829700,104.0,11.310690000000001,0.7653846153846153,52.0
08-15,1786830000,427.69824400000005,60.514531379999966,0.717028860626887,0.0
08-15,1786830300,1149.8947620000001,47.89730846000003,0.7285014823967606,218.23999999999998
08-15,1786830600,1006.378716,-305.95340670999997,1.1196471411309168,453.99999999999994
08-15,1786830900,441.944136,136.03926344,0.9551287064856698,0.0
08-15,1786831200,1069.350688,-59.16343729000005,0.9755569313317741,10.0
08-15,1786831500,1038.676276,105.38418961000002,0.7559063445375312,0.0
08-15,1786831800,435.829702,36.00711365000001,0.8344533979332472,33.59
08-15,1786832100,482.407331,45.78251261999998,0.8098726900598225,38.239999999999995
08-15,1786832400,943.908101,195.78727814000007,0.7744161070517351,0.0
08-15,1786832700,555.9269380000001,381.5613058299999,0.842421529736058,243.04000000000002
08-15,1786833000,523.988175,62.83699500000003,0.7745836118949955,0.0
08-15,1786833300,200.0,-30.0,,0.0
08-15,1786833900,599.982299,85.70643102999998,0.8,144.38
08-15,1786834200,199.995,-7.9998000000000005,,0.0
08-15,1786834500,581.920789,-100.47509897,,0.0
08-15,1786835100,97.46063699999999,30.212797469999984,,0.0
08-15,1786835400,323.9177499999999,-22.027744900000005,,0.0
08-15,1786835700,201.753286,-27.01489094,,0.0
08-15,1786836000,400.00000000000006,-228.33245999999997,,400.00000000000006
08-15,1786836300,703.2016000000001,33.27402799999993,0.8983303845333437,308.29999999999995
08-15,1786836600,147.13,-83.41958000000001,,147.13
08-15,1786837500,934.517942,493.80282068,1.1160574712599456,505.42
08-15,1786838100,517.5313610000001,239.21452759,0.7101935979516144,105.0
08-16,1786838700,287.985293,93.84474751000002,,137.5
08-16,1786839000,135.304567,-101.59736835,,0.0
08-16,1786839900,535.7675399999999,-120.2045761,,0.0
08-16,1786840500,200.0,93.50834000000002,,200.0
08-16,1786840800,861.5805439999999,-242.65480839000003,,400.0
08-16,1786841700,231.94310499999997,42.57864874999997,0.709959262074723,0.0
08-16,1786842300,247.54122700000002,-3.4243506100000047,1.0106277773289167,123.77
08-16,1786842900,268.181817,51.999999480000014,,0.0
08-16,1786843200,209.786922,15.272299860000004,,0.0
08-16,1786844100,222.904543,-48.27482381000004,1.4200000000000002,111.44999999999999
08-16,1786844400,2258.545099,-281.27431166999986,1.240889606262348,648.24
08-16,1786844700,1146.308962,167.39400786,1.004321535512522,0.0
08-16,1786845000,1324.0222210000002,-421.71533166000006,1.0767679780550354,1000.0
08-16,1786845300,714.2855910000001,203.84008197000009,,300.0
08-16,1786845600,1635.274548,262.73079901999995,0.8454975397214542,0.0
08-16,1786845900,878.774287,-3.0333009600000196,1.004245489157192,0.0
08-16,1786846200,319.81999999999994,22.555009999999953,0.9282936401061908,59.91
08-16,1786846500,57.502219,5.46309913,0.81,0.0
08-16,1786846800,400.0,60.88763000000006,,200.0
08-16,1786847100,874.535638,427.02664931999993,0.548787413984831,0.0
08-16,1786847400,309.221427,2.7525991199999993,0.5493036408624956,0.0
08-16,1786847700,1978.005371,-465.5540046199999,1.1663917987305503,200.0
08-16,1786848000,924.540465,162.49297360000003,0.8186940967346182,0.0
08-16,1786848900,132.46651400000002,-77.56651898,,0.0
08-16,1786849800,117.1,-53.487,1.5099999999999998,0.0
08-16,1786850400,105.86021400000001,-9.560434979999997,,100.0
08-16,1786850700,160.97910000000002,97.56369800000002,,0.0
08-16,1786851000,197.522253,129.739797071674,,0.0
08-16,1786851300,1489.8223850000002,431.65097799000006,0.4987860879239627,312.57
08-16,1786851600,623.050557,-202.8460639,,0.0
08-16,1786851900,713.894694,38.28791655999993,0.8605411740010903,228.18
08-16,1786852200,1065.366072,255.17541529,0.6142817424001591,199.99999999999997
08-16,1786852500,1689.082186,50.000464729999976,0.7855448248984015,456.0
08-16,1786852800,1.450733,-0.08704398000000008,,0.0
08-16,1786853100,647.616925,59.792877000000004,0.6099881612271665,85.69
08-16,1786853400,751.246189,124.32388938000005,0.6597084466844088,200.0
08-16,1786853700,800.0,306.96362,,800.0
08-16,1786854000,1933.765598,54.61681218000001,0.4418546854499185,243.86
08-16,1786854300,312.431105,95.00788132999999,0.5430428815406712,0.0
08-16,1786854600,874.299145,-267.37854685,1.4225874719002063,0.0
08-16,1786854900,709.5869500000001,-255.104926,,200.0
08-16,1786855200,404.294564,-150.83926456000003,,200.0
08-16,1786855500,392.180642,48.78232958999999,0.7480321961606866,41.79
08-16,1786855800,671.843782,165.09619934000006,,0.0
08-16,1786856400,260.30046899999996,240.87201616399997,,0.0
08-16,1786856700,471.91824699999995,34.94619087999996,0.8507618358165228,15.77
08-16,1786857000,950.672412,123.47839947999995,0.8740608576979614,226.93
08-16,1786857300,297.71434999999997,36.1155095,0.8805044574814009,0.0
08-16,1786857600,728.5957730000001,116.95042142000005,0.9726450634708369,294.42
08-16,1786857900,316.156407,-156.33000764,,0.0
08-16,1786858200,426.626437,14.9807931,0.6186259312449819,0.0
08-16,1786858500,400.0,72.0,0.64,0.0
08-16,1786858800,637.540644,31.26119344,1.1479993761593743,399.98
08-16,1786859100,319.39650900000004,-99.12651325,,0.0
08-16,1786859400,605.162084,156.36599432,0.6354304080424972,121.87
08-16,1786859700,1561.042151,-85.12783480000019,1.1011135298222923,482.3500000000001
08-16,1786860000,800.0,498.0,,0.0
08-16,1786860300,1198.549179,110.41706849999991,0.9166918225799617,20.0
08-16,1786860600,1438.196506,-132.58665011999994,1.0602842683763753,45.0
08-16,1786860900,1659.5614959999998,399.6568803099997,0.6022177857845012,347.51000000000005
08-16,1786861200,1005.0949130000001,23.657218419999992,0.8315211901393063,104.98
08-16,1786861500,187.29598700000003,-8.144012960000007,,0.0
08-16,1786862100,909.1561379999999,332.19627807,0.46384614054593354,200.0
08-16,1786862400,396.500657,59.865096110000025,0.6853919026889055,200.0
08-16,1786863000,233.580533,-40.558138580000005,0.7415442459566499,0.0
08-16,1786863300,652.2835439999999,-3.1737428300000374,0.6798003647360473,175.69
08-16,1786863600,571.7536399999999,-118.18622676,,200.0
08-16,1786863900,163.762196,-56.78671639000001,0.964422239039751,31.88
08-16,1786864200,1563.44259,270.97944533999976,1.1202523830076396,1400.0
08-16,1786864500,641.485333,-2.543336589999967,0.8632263620033945,481.04999999999995
08-16,1786864800,164.80456,21.432829600000005,0.74,0.0
08-16,1786865100,496.91435,-236.850061,,400.0
08-16,1786865700,399.99636000000004,-115.42193040000001,1.5723385425614747,126.17
08-16,1786866000,487.09790000000004,31.754954000000055,0.8481084801706693,343.55
08-16,1786866600,813.2554630000002,145.42035263000002,0.6695636019131342,200.0
08-16,1786866900,223.00292100000001,20.832692339999994,0.8345072824686369,0.0
08-16,1786867200,332.95286699999997,-1.9646955300000286,1.07169682649586,147.31
08-16,1786867500,199.99825900000002,-7.321860430000001,1.058836,100.0
08-16,1786867800,877.1189,43.53923156000002,0.887914641144023,370.64000000000004
08-16,1786868100,638.680632,157.15849312000003,0.4878767010041123,515.3399999999999
08-16,1786868400,402.39000000000004,236.10139,,100.0
08-16,1786868700,629.383223,133.12443525999998,0.5570822392211189,502.55
08-16,1786869000,1083.892284,654.95613121,0.23736555667290787,227.77
08-16,1786869300,1123.7451449999999,-211.76887907999992,1.346824168030021,502.35
08-16,1786870200,1956.0289599999999,236.78163965999966,0.9608980006534418,1395.6399999999999
08-16,1786870500,1271.48512,501.6715711999999,0.5044493583608743,800.0
08-16,1786870800,861.34,-282.3307000000001,1.4411333971582356,553.43
08-16,1786871100,700.273585,-4.324542650000041,0.7195669916291904,400.0
08-16,1786871400,200.0,-84.0,,0.0
08-16,1786872300,850.851688,-291.4161089,,199.99999999999997
08-16,1786872600,178.91438599999998,-2.9511608600000443,1.6901290217681115,133.32
08-16,1786872900,429.454816,23.436945439999988,1.136850948809979,145.55
08-16,1786873200,559.904211,36.939219390000005,0.8831262715506949,192.0
08-16,1786873500,964.744026,71.06467107999998,0.8704206898446103,0.0
08-16,1786873800,732.894686,156.40089951999994,,0.0
08-16,1786874100,354.2469,30.419862999999992,0.8459803457207244,256.5
08-16,1786874400,56.5,8.89,,0.0
08-16,1786875000,513.681,63.0976,0.821429365451237,0.0
08-16,1786875300,200.0,71.67571999999998,,200.0
08-16,1786875600,247.411478,48.74072720000001,0.8770199414791497,200.0
08-16,1786875900,69.928814,2.096983019999996,0.94,0.0
08-16,1786876500,628.152415,30.540114450000004,0.7489266608497973,60.69
08-16,1786876800,647.747811,-213.97578992,,399.99999999999994
08-16,1786877100,8.7,0.4350000000000005,,0.0
08-16,1786877400,63.24,-12.015600000000001,,0.0
08-16,1786878000,121.48076599999999,13.250119159999997,0.7816463615409944,2.5
08-16,1786878300,385.883213,-221.05841578000002,,0.0
08-16,1786878600,997.122954,-62.67920864000007,1.0089500456033986,693.44
08-16,1786878900,400.0,136.0,0.32,0.0
08-16,1786879200,386.633325,20.749667000000017,0.89,200.0
08-16,1786879500,187.1479,-7.485916,,0.0
08-16,1786879800,441.705,63.72209999999999,0.3525993454885461,0.0
08-16,1786880400,259.68,27.67559999999999,0.794372177055104,0.0
08-16,1786880700,725.0806209999998,-10.266086589999986,1.0241477120874158,128.03
08-16,1786881000,139.20587799999998,5.120557779999999,0.9097006631276731,69.6
08-16,1786881300,12.3,0.12300000000000022,0.98,0.0
08-16,1786881600,769.739948,73.78136173999997,0.799604085659294,313.28
08-16,1786881900,544.6371979999999,71.62371811999998,0.7343557448683583,67.33
08-16,1786882200,288.486031,13.342228610000035,0.8994662811420959,112.80999999999999
08-16,1786882500,199.97844700000002,30.887487910000004,0.6900000000000001,24.189999999999998
08-16,1786882800,213.91119999999998,8.710108439999999,0.9078961980656162,145.45
08-16,1786883100,305.06,-80.20626999999999,1.271059394631639,105.06
08-16,1786883400,399.994995,-93.55809029999998,1.4502906409443272,200.0
08-16,1786883700,424.114215,137.69118265,0.9213607567620694,135.69
08-16,1786884000,113.33755000000001,14.110117639999999,0.7459592037516425,19.14
08-16,1786884300,367.64475300000004,15.835438129999972,0.9092277935427963,160.23000000000002
08-16,1786884600,967.4910560000001,-55.25947899999994,1.109269810111249,334.63
08-16,1786884900,1204.366361,-125.84879453999991,0.7047937858906965,392.24
08-16,1786885200,1065.4005809999999,-162.11820625999994,0.6951411334507285,382.92
08-16,1786885500,495.687189,54.38675704000002,0.8329598759139313,0.0
08-16,1786885800,1049.292783,47.59459915000008,0.909278750728614,0.0
08-16,1786886400,947.1731470000001,-247.46986639999994,1.2009034296677992,200.0
08-16,1786886700,938.5185610000001,-301.98150682,,200.0
08-16,1786887000,1437.4223740000002,-66.42704148999997,0.9655278920050232,678.4300000000001
08-16,1786887300,177.35788,-6.4491559999999994,,0.0
08-16,1786887600,460.35665000000006,-51.09980600000003,1.0297527894668825,109.62
08-16,1786887900,795.823705,-113.40579935000002,0.8802010827338342,217.43
08-16,1786888200,1296.612831,176.8025406700001,0.663451843283018,268.78999999999996
08-16,1786888500,1306.0300120000004,-200.05649630000005,0.9836572386434966,588.25
08-16,1786888800,600.0,13.75154999999998,0.7186440000000001,400.0
08-16,1786889100,2410.743322,-30.064734420000036,0.7590881397978755,1221.28
08-16,1786889400,2222.8874180000003,-207.40073097999982,1.003777306686334,1295.32
08-16,1786889700,1937.5737040000001,329.4467042299999,0.6523344281910091,832.4300000000001
08-16,1786890000,437.34683999999993,53.23412880000001,0.753990663491495,56.91
08-16,1786890300,874.450015,28.24391744999997,0.9286746883592093,200.0
08-16,1786890600,275.1714109999999,-48.17742576,,0.0
08-16,1786890900,2015.713029,485.62576951000005,0.6769595467984076,758.19
08-16,1786891200,693.28185,84.16524894000003,0.8340304878516074,0.0
08-16,1786891500,507.231928,33.002591039999984,0.6598956260028135,0.0
08-16,1786891800,799.986613,170.65065209000002,0.5561060701907515,400.0
08-16,1786892100,1665.8533760000003,262.70758503,0.6844263646573465,104.68
08-16,1786892400,732.254613,71.16765775000005,0.7982575684529152,217.45
08-16,1786892700,800.7032479999999,-270.36102011,,400.00000000000006
08-16,1786893000,1202.433595,161.17719389000007,0.7260112339690766,308.94000000000005
08-16,1786893300,604.5935820000001,175.34878846000004,0.7528887225698879,398.52
08-16,1786893600,2023.243093,-249.19368252000004,1.248385955335611,1517.07
08-16,1786893900,797.462853,88.37022046999994,0.7727956477525935,135.9
08-16,1786894200,697.259545,59.24746883999998,0.6809998621469909,142.41
08-16,1786894500,632.240074,44.126218630000096,0.9456836273921133,219.96
08-16,1786894800,204.34325,-11.564029999999999,,0.0
08-16,1786895100,1437.5300630000002,131.58175434999998,0.813210634422795,238.41
08-16,1786895400,700.7483000000001,-217.48375199999998,,400.0
08-16,1786895700,316.77705100000003,207.40839468000001,,0.0
08-16,1786896000,975.879213,330.9778781200001,,200.0
08-16,1786896300,1029.098652,19.63193228,1.13466375242453,199.99
08-16,1786896600,931.6895710000001,28.126386480000036,0.5743217022909466,0.0
08-16,1786896900,541.879612,159.8045396,0.5947575586826982,0.0
08-16,1786897200,611.384501,-20.07238948999992,1.1722603457093261,141.24
08-16,1786897500,651.7899970000001,160.44209928000004,,0.0
08-16,1786897800,827.6800000000001,174.0272,,0.0
08-16,1786898100,1381.8092219999999,-377.4979354200001,1.5413856572657263,200.0
08-16,1786898400,403.179605,106.32599483999996,,0.0
08-16,1786898700,221.05,-74.94800000000001,1.1600000000000001,0.0
08-16,1786899300,625.921211,144.52199962999998,,0.0
08-16,1786899600,1269.002739,-247.23283991099993,1.3936975690562563,300.0
08-16,1786899900,202.318614,58.672398060000006,,0.0
08-16,1786900200,200.0,85.99999999999999,,0.0
08-16,1786900500,911.56917,595.94234093,0.8966489443077172,0.0
08-16,1786900800,617.417663,13.791068980000034,0.9516096057615385,86.49000000000001
08-16,1786901100,400.0,103.11840999999998,,400.0
08-16,1786901400,227.70045299999998,40.98619932,0.6400000000000001,0.0
08-16,1786901700,605.1117630000001,-78.86891435000001,1.4689112415093055,0.0
08-16,1786902000,4.0,-0.68,,0.0
08-16,1786902300,632.9461989999999,-151.26714648,,0.0
08-16,1786902600,200.0,-15.999999999999993,,0.0
08-16,1786902900,545.0533819999999,53.863227480000006,0.8008414308505548,124.29
08-16,1786903200,1835.534231,-205.42878796999992,0.96111562616436,469.66
08-16,1786903500,1269.6,270.8171,0.5070848267622461,300.0
08-16,1786904100,652.26782,107.94947519999997,0.6690157336379617,0.0
08-16,1786904400,243.869207,60.966888289999986,0.7751857151065249,0.0
08-16,1786904700,827.3419620000001,113.88195024999999,0.7239671835399448,113.7
08-16,1786905000,1086.048927,-148.72029341999996,0.9599820953036058,194.37
08-16,1786905300,10.0,-2.0500000000000007,1.4100000000000001,0.0
08-16,1786905600,516.51425,28.929602970000047,0.8073136579701228,213.45000000000002
08-16,1786905900,144.778591,-26.496109560000008,0.9594380232334785,0.0
08-16,1786906200,135.31,-4.8184000000000005,0.54,0.0
08-16,1786906500,229.654428,-14.372447919999999,,0.0
08-16,1786906800,199.99052700000001,-13.99933688999999,,0.0
08-16,1786907100,199.996512,-15.999720959999992,,0.0
08-16,1786907400,400.0,47.98729,0.7446999999999999,200.0
08-16,1786907700,260.21277,-52.15337679999999,,0.0
08-16,1786908000,1613.940454,458.917860032,0.441205661968041,494.28
08-16,1786908300,612.897732,114.15059917000008,,0.0
08-16,1786908600,330.12,17.864689999999996,0.8808481764206956,330.12
08-16,1786908900,384.0885,30.31822999999997,0.85,0.0
08-16,1786909200,799.999388,2.6230592200001297,0.9828400496452759,394.34000000000003
08-16,1786909500,474.613393,113.44421673999997,0.874381594518761,8.14
08-16,1786909800,256.326285,155.732991982943,,0.0
08-16,1786910100,569.070584,-62.59889473999999,,0.0
08-16,1786910400,176.5472,-12.358303999999992,,0.0
08-16,1786910700,324.525365,-5.918487449999986,1.0320389885885284,125.45000000000002
08-16,1786911000,600.0000000000001,171.7179100000002,,200.0
08-16,1786911300,47.592864999999996,14.896598789999999,,0.0
08-16,1786911600,1065.278027,-80.93232477999993,1.0274610323549247,288.61
08-16,1786911900,199.88,36.58709999999999,,199.88
08-16,1786912500,433.5510739999999,-79.74851662000003,1.5577541734340512,225.65
08-16,1786913400,1610.850695,-319.18685354,1.3953652618442742,86.47
08-16,1786913700,548.1442629999999,215.76828462999993,,0.0
08-16,1786914000,425.786175,-204.4769405,1.3524861762546267,289.18
08-16,1786914300,327.603668,104.30042877000005,,150.79999999999998
08-16,1786914600,973.4880280000001,-2.623948960000007,0.9933872540305309,400.0
08-16,1786914900,182.51,38.32709999999997,,0.0
08-16,1786915200,400.0,52.0,,0.0
08-16,1786915500,950.6769909999999,179.61957915999994,0.6140705332854454,411.52000000000004
08-16,1786915800,447.07817600000004,64.92820487999998,0.76959659262209,0.0
08-16,1786916100,799.99111,-165.4554101000001,1.404680991119534,218.07999999999998
08-16,1786916400,1373.219373,60.60713412000007,0.9117291934751954,0.0
08-16,1786916700,663.8857979999999,-338.81109924,1.5677494330189512,0.0
08-16,1786917000,1344.4475749999997,74.26010960000008,0.8894651727733955,0.0
08-16,1786917300,2211.797949,-224.86369095999999,1.1215041941850936,337.58000000000004
08-16,1786917600,594.552489,100.23509651999996,,0.0
08-16,1786917900,228.88117499999998,9.078404000000006,1.2551855997015482,14.44
08-16,1786918200,662.851661,-27.75810272000001,1.262939102987215,0.0
08-16,1786919100,381.594957,92.99119871000005,,0.0
08-16,1786919400,33.038822,5.616599740000002,,0.0
08-16,1786919700,398.76666400000005,-1.5110002400000155,1.0069813851682896,0.0
08-16,1786920000,736.224071,-324.8094399799999,1.6495936864302327,0.0
08-16,1786920300,800.0292029999999,6.610296659999904,1.3838913714110255,0.0
08-16,1786920600,641.39,55.002999999999986,1.1896818279984225,0.0
08-16,1786920900,384.443403,123.00819855999998,,0.0
08-16,1786921200,316.301665,150.1807192,,200.0
08-16,1786921500,400.0,22.0,0.89,0.0
08-16,1786921800,365.84691799999996,-115.04351931999994,1.6289031326707204,0.0
08-16,1786922100,551.05272,185.9947936000001,,0.0
08-16,1786922400,427.083582,85.63829846000004,1.0786272009164204,200.0
08-16,1786922700,201.923075,48.999999,,0.0
08-16,1786923000,428.823267,116.12643818999993,,5.0
08-16,1786923300,200.0,28.00000000000003,,0.0
08-16,1786924200,17.977616,-10.427017280000001,,0.0
08-17,1786924800,799.9764460000001,238.87497826000026,,111.18
08-17,1786925100,382.60763599999996,87.15649883999993,,0.0
08-17,1786925400,479.85231300000004,-77.17932382,,0.0
08-17,1786926300,451.557121,-286.01192586999997,,0.0
08-17,1786926600,501.697544,-110.0493151200001,1.437645857921969,38.49
08-17,1786926900,473.54,-196.84210000000004,1.8313641930987878,0.0
08-17,1786927200,46.74,-16.592699999999997,1.71,0.0
08-17,1786927800,65.466665,-25.991575250000004,1.79,32.73
08-17,1786928100,641.758823,208.47559667000002,,0.0
08-17,1786928400,199.991537,51.997799619999995,,0.0
08-17,1786928700,629.3199999999999,-202.058,1.6108903194461313,0.0
08-17,1786929000,319.334537,37.92699902999999,,0.0
08-17,1786929300,224.402845,62.70239590000003,1.4320506418952554,0.0
08-17,1786929600,164.30639000000002,-24.670725799999985,1.233779804939348,0.0
08-17,1786929900,893.6966510000001,-173.51091059999982,1.387129097606843,77.42
08-17,1786930200,427.25646900000004,124.61666973000001,,200.0
08-17,1786930500,188.40208800000002,-21.558601310000014,1.2270723201564833,16.96
08-17,1786930800,1011.0209580000001,126.45870498999989,0.8985236446879538,0.0
08-17,1786931100,1036.801467,22.342762279999988,1.4894876232865106,286.65999999999997
08-17,1786931400,7.692306,0.9999997800000004,,0.0
08-17,1786931700,342.05,65.83049999999997,,0.0
08-17,1786932000,39.25,-23.549999999999997,,0.0
08-17,1786932300,442.829846,-21.650658378477004,1.083548793951061,195.12
08-17,1786932600,200.0,89.99999999999999,,0.0
08-17,1786932900,827.9922240000001,118.23361244999995,0.7113490358456588,179.79
08-17,1786933200,183.06,45.764999999999986,,0.0
08-17,1786933500,200.0,60.0,,0.0
08-17,1786933800,879.794165,-117.49434462000008,0.9213121823432451,180.07
08-17,1786934100,526.738513,-51.20690951,1.1944255401758292,0.0
08-17,1786934400,402.15104,-50.13005080000002,1.240660878056997,106.6
08-17,1786934700,297.683332,-78.62790016,1.338293806767361,89.35
08-17,1786935000,129.156755,35.12799935000001,,0.0
08-17,1786935300,32.760068000000004,1.9677978800000009,0.8800000000000001,0.0
08-17,1786935600,999.9885600000001,-149.12487564000014,1.29813327272928,23.5
08-17,1786935900,1347.9815389999999,-190.46736813999996,1.2823263720889648,341.52
08-17,1786936200,566.167877,-162.53491981000002,,0.0
08-17,1786936500,416.074977,-38.58450841000001,1.1854659874218827,0.0
08-17,1786936800,108.37078,-11.920785799999999,,0.0
08-17,1786937100,400.0,16.30850000000001,0.9184574999999999,0.0
08-17,1786937400,449.605252,268.2951823,0.8007998532997955,26.89
08-17,1786938000,4.53,1.9931999999999999,,0.0
08-17,1786938300,128.66332,-3.430722000000003,1.0499999999999998,64.33
08-17,1786938600,124.277232,-9.504483920000006,,0.0
08-17,1786938900,718.3785859999999,-282.7259189200001,1.4849098091175996,0.39
08-17,1786939200,232.260511,38.13900262999998,0.7297880915918985,0.0
08-17,1786939500,463.966337,133.72409887999999,,0.0
08-17,1786939800,894.3319009999999,-118.11557699999997,0.8896053540394653,115.81
08-17,1786940100,200.0,48.0,,0.0
08-17,1786940700,299.96666,26.996999399999936,,0.0
08-17,1786941000,489.1289,-84.35610543000001,1.214055156728175,0.0
08-17,1786941600,346.23666499999996,147.8738999,,0.0
08-17,1786941900,535.546655,-50.878163400000005,1.1900000000000002,0.0
08-17,1786942200,534.504865,-13.415875700000015,1.1345541184479238,0.0
08-17,1786942500,708.7683810000001,29.196894280000038,0.9605325212201266,0.0
08-17,1786943100,799.961611,77.99869867000001,0.8025006150922877,300.0
08-17,1786943400,799.999997,-41.72804017999994,1.1041929993939474,8.07
08-17,1786943700,264.94857,-86.05087079999997,1.41,0.0
08-17,1786944000,636.787365,130.93919870000002,1.0890330035284599,0.0
08-17,1786944300,400.0,-18.0,1.09,0.0
08-17,1786944600,370.960204,-46.45985246,,0.0
08-17,1786944900,200.0,30.0,,0.0
08-17,1786945200,20.619999999999997,-14.0216,,0.0
08-17,1786945500,1153.04,-260.5261999999999,1.563478848298303,200.0
08-17,1786945800,199.97999599999997,59.993998799999986,,0.0
08-17,1786946100,120.959611,-38.40781781,,0.0
08-17,1786946400,681.8284249999999,-128.25093171999998,0.9579620754146849,190.38
08-17,1786946700,164.106069,1.2751011699999992,0.9785603141886391,0.0
08-17,1786947000,964.2889170000001,312.53951576999987,0.6585652956556257,0.0
08-17,1786947300,332.315742,89.82839874,0.5792682179386898,0.0
08-17,1786947900,584.135816,196.60237419999999,1.1129352354584996,12.0
08-17,1786948200,395.100794,-154.30030361999997,,0.0
08-17,1786948800,429.817692,59.54256085999998,0.7308572245411233,200.0
08-17,1786949100,227.79999999999998,12.436639999999997,0.8840000000000001,113.9
08-17,1786949700,1403.3040409999999,-77.1650403399999,1.0221765830075757,284.38
08-17,1786950300,209.732303,58.204699129999995,,0.0
08-17,1786950600,1283.140372,-384.4725532600001,1.2282343259665576,85.52000000000001
08-17,1786950900,436.32075299999997,113.24999908999996,,0.0
08-17,1786951200,42.22,2.9553999999999974,,0.0
08-17,1786951500,71.190165,-2.135704950000002,,0.0
08-17,1786951800,571.6364299999999,-112.82043558000002,0.8873882307768921,0.0
08-17,1786952100,894.1036409999999,18.39373422999995,0.967742656313634,60.870000000000005
08-17,1786952700,699.3666639999999,135.24281808000003,0.6018114782588937,349.68
08-17,1786953000,1103.582254,392.12218341,0.5088181077520412,278.0
08-17,1786953300,778.329165,136.77189980000003,,0.0
08-17,1786953600,297.56214,161.51559840000002,0.6,0.0
08-17,1786954200,452.300908,85.2275914,0.7996629879531496,0.0
08-17,1786954500,580.184215,-47.56977831999998,0.710188495044682,135.76
08-17,1786955100,541.511,-115.24663197000001,,62.16
08-17,1786955400,400.0,-68.0,1.3399999999999999,0.0
08-17,1786955700,199.98636100000002,65.99549913000001,,0.0
08-17,1786956600,600.9999999999999,222.43836999999985,,400.0
08-17,1786956900,342.149997,53.27999864999998,0.9572483232455746,0.0
08-17,1786957200,848.75,-104.678,1.1731467782626521,0.0
08-17,1786957800,181.646775,-11.235867750000011,1.164831928506144,98.47
08-17,1786958100,72.59,23.228800000000007,,0.0
08-17,1786958700,127.631245,5.87581179,1.1886285055993167,0.0
08-17,1786959000,13.0,-0.6767199999999987,1.0899999999999999,6.5
08-17,1786959900,138.762042,-9.71334294,,0.0
08-17,1786960500,83.219968,-5.82539776,,0.0
08-17,1786960800,85.07823200000001,28.92659888000002,,0.0
08-17,1786961100,274.471574,18.407542239999998,0.8431320177574735,199.32
08-17,1786961400,658.3517330000001,-65.52022461000007,1.19801129974523,102.07
08-17,1786962300,316.76,57.19,,0.0
08-17,1786962600,485.17999999999995,98.24770999999998,,300.0
08-17,1786962900,568.852306,91.14819978000003,,0.0
08-17,1786963500,628.714284,301.04999940000005,,0.0
08-17,1786963800,399.99999999999994,-39.21319999999997,1.185152,199.99999999999997
08-17,1786964100,410.08777200000003,106.01369858000004,,0.0
08-17,1786964400,520.9426639999999,-95.18366339999994,1.1853038495866235,165.0
08-17,1786965000,400.00000000000006,82.73387000000002,0.574535,200.0
08-17,1786965300,1129.4080749999998,42.51662576999996,0.6165357104656115,273.86
08-17,1786965600,200.0,104.0,,0.0
08-17,1786966200,323.442116,96.81459831999999,,0.0
08-17,1786966500,323.00745,79.15739619999997,0.7384417778915103,200.0
08-17,1786966800,871.513794,61.115232930000104,0.7686084061941707,0.0
08-17,1786967100,836.171273,81.67061830999995,0.6983123763592359,500.00000000000006
08-17,1786967400,200.0,14.0,,0.0
08-17,1786967700,200.0,8.200000000000017,,0.0
08-17,1786968000,422.947361,134.75999859,,0.0
08-17,1786968300,895.0078139999999,-45.658062549999954,1.1020318940413554,0.0
08-17,1786968600,126.6,8.86199999999998,,0.0
08-17,1786969200,290.48,62.02377000000001,0.9489032113013827,23.61
08-17,1786969500,866.969562,52.57593510000004,0.8739130636546556,352.36
08-17,1786969800,599.995272,10.508000079999988,0.951278,490.43
08-17,1786970100,444.583566,-7.220072439999967,1.02,158.01999999999998
08-17,1786970400,590.827313,-37.48866945999998,1.1250793041969718,161.43
08-17,1786970700,168.87102199999998,9.290375159999982,0.89,0.0
08-17,1786971000,299.99571299999997,20.999699910000004,,0.0
08-17,1786971300,693.236795,0.4380450800000517,0.9973249550488218,47.0
08-17,1786972200,289.66,117.7106,,0.0
08-17,1786972500,50.983779999999996,3.941617199999996,1.124475620975161,0.0
08-17,1786972800,346.1,143.75900000000001,,0.0
08-17,1786973100,1101.458175,-402.69401765000003,0.8119868711252983,115.66
08-17,1786973700,1728.3642810000001,172.03284535,0.9572362410102396,40.39
08-17,1786974000,663.71093,169.25922229999995,0.6099552949920972,0.0
08-17,1786974300,722.6693059999999,-315.69142239999996,1.7401210162159255,300.0
08-17,1786974600,749.109858,-455.24466098,1.4781699286122525,0.0
08-17,1786975200,453.82116799999994,53.14893896000001,0.7566442015664167,217.65
08-17,1786975500,217.72,-4.480780000000038,1.2147831600304337,60.0
08-17,1786975800,1434.21052,128.08419879999997,0.8487697163061428,600.0
08-17,1786976100,249.334443,-46.79012051999999,1.3701197207386189,79.29
08-17,1786976400,517.1481249999999,-68.024135,1.2629614727031666,1.7
08-17,1786977000,599.995,-185.09766999999994,1.6122690378172968,150.55
08-17,1786977300,70.0,7.699999999999996,,0.0
08-17,1786977600,472.503332,80.40079967999998,,0.0
08-17,1786977900,162.24,71.3856,,0.0
08-17,1786978200,610.347774,95.77789932000002,0.8500000000000001,0.0
08-17,1786978500,633.588042,130.46219869999993,,0.0
08-17,1786978800,1385.5733340000002,375.6253952300003,,0.0
08-17,1786979100,2799.0370649999995,174.1381111999999,1.3685367815833236,322.62
08-17,1786979400,1360.290537,-1108.6001384699998,,0.0
08-17,1786979700,323.326664,-40.79292520000001,1.244630087838674,72.50999999999999
08-17,1786980000,575.460315,134.50649865000003,,0.0
08-17,1786980300,475.029754,99.59999834000001,,0.0
08-17,1786980600,527.590165,-95.06382645000001,0.7068284986815079,0.0
08-17,1786981200,484.203852,-1.4917848400000082,1.0,150.97
08-17,1786981800,446.721307,203.49999727000002,,0.0
08-17,1786982100,295.024817,-6.227618890000002,1.0422126590849514,0.0
08-17,1786982400,851.216266,-360.304268,1.6126357745400786,0.0
08-17,1786982700,599.06,-110.8261,1.37,0.0
08-17,1786983000,510.521584,32.41691673999998,0.8724211222802964,22.27
08-17,1786983300,1309.6237680000002,213.61472357000002,0.6713604744572477,416.19
08-17,1786983600,4019.8076069999997,987.3547998900001,0.5813723321980131,1160.9099999999999
08-17,1786983900,444.84207100000003,-72.72520433999998,0.8252524770677401,0.0
08-17,1786984200,1214.29,-13.946890000000053,1.1278847339010643,59.22
08-17,1786984500,58.21,21.537699999999994,,0.0
08-17,1786984800,396.442854,-257.56695510000003,,0.0
08-17,1786985100,267.70294,-25.679650399999986,1.1799999999999997,90.7
08-17,1786985400,149.85222399999998,-38.18414234,,0.0
08-17,1786985700,405.41,-47.81430000000002,,0.0
08-17,1786986000,647.4596540000001,164.26979806000003,1.0744970554765274,21.58
08-17,1786986300,122.74000000000001,41.159000000000006,,0.0
08-17,1786986600,309.818967,63.12629972999997,,0.0
08-17,1786986900,168.8,-94.52800000000002,,0.0
08-17,1786988100,408.3604,-167.50680000000003,,0.0
08-17,1786988400,900.6884970000001,508.25675442,0.8535109745456659,73.62
08-17,1786989000,324.514816,86.41096014,0.4674474204797938,0.0
08-17,1786989300,983.010908,202.69979976000002,,0.0
08-17,1786989600,663.136478,130.34317282,0.8508729639156984,36.0
08-17,1786989900,300.0,-114.0,,0.0
08-17,1786990200,333.902764,145.57489907999997,,0.0
08-17,1786990500,1670.5841,38.03959800000001,0.8244022690272822,0.0
08-17,1786990800,789.0025,-20.87979999999999,1.1702458065142816,0.0
08-17,1786991100,116.944572,-9.941774519999996,1.17,0.0
08-17,1786991400,480.29999999999995,-136.90142000000003,0.9292810457516341,146.39
08-17,1786992000,822.2372230000001,373.91105115,0.6331412859698393,112.56
08-17,1786992300,817.581101,-35.06041647000001,0.943480726134433,84.0
08-17,1786992600,1855.3069029999997,31.00887354000008,0.9213958055707236,336.0
08-17,1786992900,1429.693264,-317.4343646399999,0.8944423796794454,300.0
08-17,1786993200,600.0,-110.81844000000001,1.3684543333333337,18.23
08-17,1786993500,1355.794562,-24.72140677999994,0.956117336550864,300.46
08-17,1786994100,424.00850700000007,-42.76373025000002,0.849063457611008,0.0
08-17,1786994400,455.00073499999996,0.018817119999994247,0.9999044773345225,0.0
08-17,1786994700,599.990908,-117.13140011999997,1.3904346798403637,0.0
08-17,1786995000,279.388887,50.28999965999998,,0.0
08-17,1786995300,19.088749999999997,-0.025989999999998403,1.0,9.54
08-17,1786995600,743.25309,19.202430520000064,0.9483210073909043,0.0
08-17,1786995900,249.154,12.457700000000017,,0.0
08-17,1786996500,900.0,192.0,0.26,0.0
08-17,1786996800,599.99636,68.9995995999999,,0.0
08-17,1786997100,158.25881299999998,-19.628861859999997,,0.0
08-17,1786997400,338.219791,117.66469895000003,,0.0
08-17,1786997700,1077.8168560000001,71.89712239999994,0.7978049354061456,0.0
08-17,1786998300,137.12283200000002,27.607899720000006,,0.0
08-17,1786998600,167.9912,-25.076700000000017,1.298516273133376,0.0
08-17,1786998900,2293.226181,-390.54854052999985,1.0982262079108753,982.2900000000001
08-17,1786999200,225.479869,10.146630129999991,0.91,0.0
08-17,1786999500,239.60000000000002,18.485730000000004,0.8329098497495826,94.80000000000001
08-17,1786999800,640.0094060000001,-6.062138140000059,1.0105480881653135,239.59
08-17,1787000100,624.4393650000001,143.00087203000004,1.0444192153371121,0.0
08-17,1787000400,395.551457,49.130367519999936,0.9298399312977397,0.0
08-17,1787000700,719.443332,93.30889936000005,0.7406099909812904,0.0
08-17,1787001000,1051.5383929999998,-265.42549778999995,1.4291451982046617,0.0
08-17,1787001300,1148.5369160000002,-555.47381312,0.8193713855344328,0.0
08-17,1787001600,187.592332,-11.394261960000009,1.1206677365613038,9.61
08-17,1787002200,82.32838399999999,0.23256903999999423,0.98,41.160000000000004
08-17,1787002500,749.319287,-5.785046800000032,0.9325062943203192,427.21000000000004
08-17,1787002800,639.6356230000001,-283.19392663,,0.0
08-17,1787003100,871.1104009999999,-125.69900235000011,1.2183233384696441,300.0
08-17,1787003400,201.42721200000003,-78.55661268,,0.0
08-17,1787003700,1437.2633070000002,-318.4270445600001,1.4351432130897155,512.58
08-17,1787004000,87.8,28.535,0.35,0.0
08-17,1787004300,400.0,26.0,0.8700000000000001,0.0
08-17,1787004900,242.17999999999998,49.56599999999999,0.6000000000000001,0.0
08-17,1787005200,549.996771,-89.00034701999999,1.3236380580909686,0.0
08-17,1787005800,79.18,0.0,1.0,0.0
08-17,1787006400,3.0,1.0499999999999998,,0.0
08-17,1787006700,345.231042,22.388275800000002,0.8699989632993435,15.620000000000001
08-17,1787007000,932.141897,-74.92538358999997,0.8921206195326159,229.82
08-17,1787007300,1390.593394,64.76596414000016,0.9863170291062915,255.70999999999998
08-17,1787007600,1950.0856429999997,-322.99768502999996,1.0599251567228096,79.1
08-17,1787007900,279.185322,25.096655690000006,0.819111011700117,15.08
08-17,1787008200,216.897459,38.21326916999999,0.6444322530725571,58.45
08-17,1787008500,289.95681799999994,22.208545080000007,0.7833948422674213,60.00000000000001
08-17,1787008800,207.224703,38.754885259999995,0.82436409621644,50.0
08-17,1787009100,245.002825,21.359999749999986,1.0320947135330227,0.0
08-17,1787009400,389.66013399999997,-52.54203653999997,1.2696809244505438,0.0
08-17,1787010000,225.93512099999998,-58.70832464,,0.0
08-17,1787010300,39.374704,6.693699680000002,,0.0
08-17,1787010600,326.800609,-33.3142357,,0.0
08-17,1787010900,409.99042000000003,81.5201182,0.601352819007763,45.0
08-18,1787011200,41.213102,11.951799580000003,,0.0
08-18,1787011800,309.92855999999995,42.999248840000035,0.849927151114148,0.0
08-18,1787012100,599.9925000000001,121.99880000000007,,0.0
08-18,1787012400,573.72938,-58.55428239999998,1.2041061445401002,0.0
08-18,1787013300,453.252257,-35.19265766000001,1.155299827913339,0.0
08-18,1787013600,415.63363499999997,50.979099849999955,,0.0
08-18,1787013900,599.953067,83.99389871000005,,0.0
08-18,1787014200,446.27905499999997,103.83994891999998,1.0812832515111253,19.0
08-18,1787014500,401.913928,-102.39392912000005,1.2535495642848609,0.0
08-18,1787014800,237.975713,-1.6811400900000137,1.5104332150577702,78.53999999999999
08-18,1787015100,242.60000000000002,71.84500000000003,0.8252539981185325,0.0
08-18,1787015700,400.0,-132.97807000000006,1.6586530000000002,200.0
08-18,1787016000,43.862201999999996,-8.553602819999998,1.39,0.0
08-18,1787016600,671.086188,140.38859939999998,,0.0
08-18,1787016900,171.615029,8.999932309999977,0.8719740355777981,148.92000000000002
08-18,1787017200,528.525079,70.92816947,0.7316033695707672,0.0
08-18,1787017500,49.95,-7.4925,,0.0
08-18,1787017800,580.191303,94.52799937999998,0.9589357999069296,0.0
08-18,1787018100,572.194854,154.6481989,,0.0
08-18,1787018400,410.0,42.55000000000001,1.2603703703703704,0.0
08-18,1787018700,453.91908600000005,48.41189946000003,,0.0
08-18,1787019000,52.842854,3.6989997800000083,,0.0
08-18,1787019300,316.688786,9.503299380000016,0.94,0.0
08-18,1787019600,254.446665,63.88399949999999,0.9300887299896352,0.0
08-18,1787019900,392.750447,-70.33535644999998,1.1390808068925433,0.0
08-18,1787020200,407.083325,18.91666699999999,0.9095599734995815,0.0
08-18,1787020500,423.70777499999997,10.068863749999963,0.944245421765471,100.19
08-18,1787020800,200.0,38.0,,0.0
08-18,1787021100,346.04563400000006,65.62989726000002,0.62,173.02
08-18,1787021700,200.0,24.0,,0.0
08-18,1787022000,341.0,62.329999999999984,,0.0
08-18,1787022300,279.993332,7.060667200000012,0.9495852182445375,0.0
08-18,1787022600,76.671051,-3.241700309999999,1.084503425173497,0.0
08-18,1787022900,200.0,68.0,,0.0
08-18,1787023200,333.91999999999996,-2.9914200000000335,1.0100000000000002,166.95999999999998
08-18,1787023500,545.530486,44.847200459999954,0.8342493959995152,25.610000000000003
08-18,1787023800,70.164332,8.966199840000002,,0.0
08-18,1787024100,441.265992,-42.84764757999994,1.1869541633223715,139.09
08-18,1787024400,116.74,11.0903,0.81,0.0
08-18,1787024700,200.0,-22.0,,0.0
08-18,1787025000,2.040815,0.99999935,,0.0
08-18,1787025300,874.796836,31.522930720000033,0.8698783246546622,33.88
08-18,1787025600,645.273352,54.27177427999999,0.8317996710986831,0.0
08-18,1787025900,199.993156,37.998699639999984,,0.0
08-18,1787026200,837.3266649999999,-166.18709600000005,0.7003349273698594,71.69
08-18,1787026500,1835.58431,-49.080659030000106,1.0647510042961583,736.26
08-18,1787026800,1663.951178,-66.88255054000001,1.0695556505302661,741.14
08-18,1787027100,613.831905,-85.35913058,1.1067389026391141,248.01000000000002
08-18,1787027400,200.0,42.0,,0.0
08-18,1787027700,525.641108,-325.5032294,,223.98000000000002
08-18,1787028000,513.580413,33.747404279999955,0.8646569469893665,123.99
08-18,1787028300,260.0,-71.24000000000001,1.548,0.0
08-18,1787028600,558.7997640000001,30.769397040000058,0.8919335442587486,63.0
08-18,1787028900,2032.910455,-288.6078025699999,1.2736662154092022,816.45
08-18,1787029200,1199.9903809999998,88.08180841999996,0.8449386313661804,312.45
08-18,1787029500,71.290316,22.099997960000003,,0.0
08-18,1787029800,1067.646549,-107.16815682000004,1.3359885117474384,0.0
08-18,1787030100,821.2585809999999,310.24139074000004,0.5847975752004821,0.0
08-18,1787030400,214.24546,-98.72676552000001,,0.0
08-18,1787030700,392.0064,68.40070000000003,1.2415510919360686,100.0
08-18,1787031000,158.170276,-47.451082799999995,,0.0
08-18,1787031300,41.679176999999996,-11.25337779,,0.0
08-18,1787031600,599.9947810000001,21.760969630000034,0.9259737843683797,64.94
08-18,1787032200,1196.748783,-61.59548622,1.155685029979171,0.0
08-18,1787032500,354.178785,-309.05178537,,0.0
08-18,1787032800,525.566398,-5.299065089999999,1.0580244069268634,0.0
08-18,1787033100,932.1562999999999,-97.30011665,1.2086368106645393,86.30000000000001
08-18,1787033400,255.944536,13.45141959899999,,0.0
08-18,1787034300,2877.6466390000005,32.423741099999916,1.030880754736735,76.64
08-18,1787034600,376.705059,56.71019905999998,,0.0
08-18,1787034900,446.661788,18.737395600000013,0.9109832113786855,79.1
08-18,1787035200,542.463865,-29.789443600000027,1.098096885224257,309.16
08-18,1787035500,1173.225985,-86.93154725000011,1.1362564718965342,400.0
08-18,1787035800,294.78164200000003,-21.709884819999985,1.1447838630602658,93.68
08-18,1787036100,152.07999999999998,-42.84173000000001,1.5510533929510786,76.03999999999999
08-18,1787036400,797.825413,-187.86581345000002,1.4696695527124883,233.05
08-18,1787036700,627.604806,128.13179900000006,,0.0
08-18,1787037000,799.988648,-118.32087804000003,1.2890932629372651,165.60999999999999
08-18,1787037300,482.88,33.13082000000003,1.0174112503503152,182.14
08-18,1787037600,982.2300899999998,243.67248234999988,0.7408403906505158,0.0
08-18,1787037900,479.458886,-33.110407640000034,0.9527581121356506,344.44
08-18,1787038200,786.1026870000001,73.32980061000018,0.9023697014820379,58.26
08-18,1787038500,847.3802390000001,-151.66544101000005,1.3579629121796928,0.0
08-18,1787038800,892.0657099999999,52.79107604000001,0.8345913927249083,232.32999999999998
08-18,1787039400,532.048509,-64.30747976999999,1.213855940377527,466.02
08-18,1787039700,349.321013,1.4372046699999999,0.9745608611015688,174.66
08-18,1787040000,767.6525340000001,196.48449914000005,0.4901577808889385,300.0
08-18,1787040600,118.83758800000001,2.525896549999999,0.9537589851021396,14.16
08-18,1787040900,32.0,12.8,,0.0
08-18,1787041200,966.588515,-60.35789855999997,1.3098519737503915,72.97
08-18,1787041500,579.816817,-33.64913122300004,1.1039099119182731,212.34
08-18,1787041800,200.74,50.04560000000001,,0.0
08-18,1787042100,200.0,32.0,,0.0
08-18,1787042400,138.761427,12.268099890000002,,0.0
08-18,1787042700,200.0,56.0,,0.0
08-18,1787043600,57.049,0.759400000000003,0.96,28.52
08-18,1787044200,169.003332,25.971499800000004,,0.0
08-18,1787044500,193.031817,21.233499870000003,,0.0
08-18,1787044800,270.75135,76.1779995,,0.0
08-18,1787045100,437.714848,-47.03521947999997,1.2135094403980993,17.71
08-18,1787045400,408.388213,-0.2573133599999835,1.0012335699529358,0.0
08-18,1787045700,188.272294,-24.22103652,1.2325104674494607,110.68999999999998
08-18,1787046000,200.0,26.0,,0.0
08-18,1787046600,229.21555,-18.929305,1.0330917605680763,104.0
08-18,1787046900,200.0,-4.0000000000000036,,0.0
08-18,1787047200,1669.714082,10.948880160000158,0.9764470221523859,511.46
08-18,1787047800,605.3752400000001,-11.735162000000003,1.032356920759145,0.0
08-18,1787048100,754.790968,123.87463413000006,0.6805660053179651,400.0
08-18,1787048400,200.0,14.0,,0.0
08-18,1787048700,10.99,-8.3524,,0.0
08-18,1787049000,72.83,33.501799999999996,,0.0
08-18,1787049300,599.9917379999999,183.99809973999993,,0.0
08-18,1787049600,90.735,31.4448,,0.0
08-18,1787049900,342.87,-105.8269,1.393913043478261,0.0
08-18,1787050200,478.451289,-106.29912020999998,1.1102589790713684,198.49
08-18,1787050500,402.119065,-4.6085846700000275,1.0277540756484305,4.57
08-18,1787050800,38.28,-7.1544,,0.0
08-18,1787051400,200.0,40.0,,0.0
08-18,1787051700,622.828844,75.17154234,0.7586374590468621,0.0
08-18,1787052000,92.21564,-8.900561999999997,,0.0
08-18,1787052300,725.8710120000001,391.1185855000001,,0.0
08-18,1787052600,492.48696299999995,41.35981505999999,0.9393718515738576,200.0
08-18,1787052900,300.0,76.0,,0.0
08-18,1787053200,669.777124,11.672459720000006,0.7587196925813373,199.99999999999997
08-18,1787053500,335.779909,-47.4013128,,0.0
08-18,1787053800,172.81214099999997,86.03663803999999,0.6895304200919754,0.0
08-18,1787054100,599.853032,90.45530903999997,0.8050673467948568,0.0
08-18,1787054400,599.9869550000001,51.85662965,0.81537538333395,276.88
08-18,1787055300,1073.758366,-104.39656997999992,1.0981825524854993,307.06
08-18,1787055600,273.642445,-17.658321540000003,1.1213555469219663,71.85
08-18,1787056200,130.25,-48.192499999999995,,0.0
08-18,1787056500,70.4,-9.642959999999995,1.27,35.2
08-18,1787056800,264.987804,-94.46286627000002,1.3575638738394384,0.0
08-18,1787057100,303.17,121.10950000000003,,0.0
08-18,1787058000,300.0,24.0,,0.0
08-18,1787058300,595.8806410000001,-26.92728127999999,1.2275007832602056,223.74
08-18,1787058600,283.221815,-109.65372064,,0.0
08-18,1787059200,99.992902,-37.99730276,,0.0
08-18,1787059500,799.980391,-80.39924158999997,1.1874940920437616,399.99
08-18,1787059800,950.978839,225.49933203999996,0.6553352858973929,300.0
08-18,1787060100,1710.439862,-358.30889166,,0.0
08-18,1787060400,1089.289896,-45.214420560000235,1.1275383595106612,600.0
08-18,1787060700,4818.161595,193.16669559999946,1.1845355499475745,1694.6999999999998
08-18,1787061000,261.6,-28.776000000000003,,0.0
08-18,1787061600,644.72,167.75760000000002,,0.0
08-18,1787061900,48.695612999999994,-12.41361359,1.2699999999999998,0.0
08-18,1787062200,731.8587,219.46619652645393,,300.0
08-18,1787062500,241.50748599999997,94.58499744999997,,0.0
08-18,1787062800,1338.984799,364.42589838000004,,0.0
08-18,1787063100,852.04895,23.231098920000022,1.0811922884374656,0.0
08-18,1787063400,729.24,-137.07899999999995,1.3759503044265262,0.0
08-18,1787063700,415.40350299999994,242.4799967099999,,0.0
08-18,1787064000,374.015353,-41.26341519000002,0.9966949316052642,26.67
08-18,1787064300,1011.850685,17.03299865000008,1.05393885793173,0.0
08-18,1787064600,363.100305,-261.46270669,,0.0
08-18,1787064900,390.98945000000003,16.179643999999996,1.0226333613129177,0.0
08-18,1787065500,461.85243199999996,-98.13343775999999,,0.0
08-18,1787067300,339.640108,72.60805628999998,0.5724059535028199,0.0
08-18,1787067600,454.0,27.060000000000002,0.8807929515418502,0.0
08-18,1787068200,380.94,-49.09139999999999,,0.0
08-18,1787068500,369.110587,-217.47378742000004,,0.0
08-18,1787070000,423.654811,-318.33981227,,0.0
08-18,1787070300,400.41333199999997,-29.814000600000014,1.1500824959090048,0.0
08-18,1787070600,683.9433570000001,-119.29796299000003,1.1673264633167917,165.72
08-18,1787070900,245.06956399999999,18.148199439999985,0.8836652760334016,0.0
08-18,1787071200,247.907008,-135.53242383999998,0.8888091068301226,6.52
08-18,1787071500,534.961101,28.41330238000006,1.0183964009274602,200.0
08-18,1787071800,240.229994,31.681917299999995,0.7289790034478613,99.97
08-18,1787072100,1048.9513849999998,-195.26645566000013,1.1534456707678682,66.65
08-18,1787072400,243.56,38.337199999999996,1.2329461628640994,0.0
08-18,1787072700,379.866574,-114.68277498,,0.0
08-18,1787073000,389.04892199999995,152.95259499999997,,0.0
08-18,1787073600,196.816661,41.70799932,,0.0
08-18,1787073900,645.644896,-32.60559555999998,1.088302223798006,234.76999999999998
08-18,1787074200,203.683413,-26.796864649999975,1.2537555665438957,0.0
08-18,1787074500,400.0,-10.0,1.05,0.0
08-18,1787074800,227.410625,111.14146000000002,,199.99999999999997
08-18,1787075100,201.15,80.4945,,0.0
08-18,1787075400,193.790381,-42.633883819999994,,0.0
08-18,1787076000,694.798837,200.34407702000004,,51.900000000000006
08-18,1787076300,478.80666299999996,162.90679867999995,,0.0
08-18,1787076600,68.644614,26.771399460000005,,0.0
08-18,1787076900,167.448708,64.21029148,1.1319910123194847,0.0
08-18,1787077200,229.99166499999998,53.09799959999998,,0.0
08-18,1787077500,329.494281,62.462674169999985,1.2831927540926749,250.0
08-18,1787077800,422.53155100000004,136.66279887000002,,0.0
08-18,1787078100,639.351281,235.588658016,0.6275125448028673,158.0
08-18,1787078700,177.243332,15.951899879999985,,0.0
08-18,1787079000,28.798288,-13.654491839999999,,0.0
08-18,1787079300,412.610524,8.597232689999998,0.9507026344706866,114.07
08-18,1787079600,1084.242993,160.66345526999993,0.6998785141548036,314.57000000000005
08-18,1787079900,121.0,29.599999999999994,1.02,0.0
08-18,1787080200,200.0,58.0,,0.0
08-18,1787080500,896.101233,132.97539700999994,0.9158029771989286,0.0
08-18,1787080800,617.989997,166.85739922000005,,0.0
08-18,1787081400,567.861477,50.43969879000008,0.9815264299338414,0.0
08-18,1787082000,200.0,54.0,,0.0
08-18,1787082300,456.495713,-296.93391354000005,,0.0
08-18,1787082600,319.05,94.16650000000001,,0.0
08-18,1787082900,279.383826,91.31039822,,0.0
08-18,1787083200,371.391107,-14.21999396000004,1.0457871864330885,22.64
08-18,1787083500,200.0,-142.0,,0.0
08-18,1787083800,236.82211999999998,170.30259919999997,,0.0
08-18,1787084100,400.0,141.29114000000004,,200.0
08-18,1787084400,749.7453650000002,-45.37135533999998,0.8800737022570859,0.0
08-18,1787084700,200.0,-127.40585,,200.0
08-18,1787085000,65.76,-16.7688,1.5099999999999998,0.0
08-18,1787085300,431.54697799999997,69.09049834000001,0.7475273296504145,0.0
08-18,1787085900,357.11874600000004,-35.50698432,,0.0
08-18,1787086200,1188.715104,-234.72644699999995,1.123227445897064,398.61
08-18,1787086500,198.4,-117.55199999999999,,0.0
08-18,1787086800,223.64,15.319220000000001,1.2835436893203882,11.34
08-18,1787087100,447.60513900000007,147.0612958700001,,0.0
08-18,1787087400,54.0,13.5,,0.0
08-18,1787088000,453.138519,138.53689770999995,,0.0
08-18,1787088300,195.34225600000002,15.745239040000001,0.85,0.0
08-18,1787088600,80.879992,-45.292795520000006,,0.0
08-18,1787089200,768.677942,173.29402205999992,0.7372882250802114,398.69
08-18,1787089500,378.72,-36.245600000000024,1.1914110688635404,0.0
08-18,1787089800,322.97193999999996,-32.38848669,,0.0
08-18,1787090100,56.25,9.0,,0.0
08-18,1787090400,333.28,62.78950999999998,0.8262049905243211,150.2
08-18,1787090700,283.32,14.499600000000015,1.1551783497475792,0.0
08-18,1787091000,561.451222,80.90063527999996,0.9023506039933599,0.0
08-18,1787091300,1169.329678,-10.023109630000022,1.0700466914691948,0.0
08-18,1787091600,255.15,72.8905,,0.0
08-18,1787091900,268.82,94.28079999999997,,0.0
08-18,1787092200,398.709442,37.79219912000002,0.8859210711318848,0.0
08-18,1787092500,501.168611,38.86439789000002,1.166598204322688,0.0
08-18,1787092800,607.22,-179.4224,1.4146515780330084,0.0
08-18,1787093100,399.99169400000005,55.228501249999994,0.7238663756205795,0.0
08-18,1787093400,200.0,-10.0,,0.0
08-18,1787094000,200.0,82.0,,0.0
08-18,1787094300,269.03076999999996,-109.409677,,0.0
08-18,1787094900,765.232477,89.95319411000003,0.714805628758314,169.9
08-18,1787095200,235.57,47.17877999999999,,197.47000000000003
08-18,1787095500,856.9507410000001,205.28780659000012,0.7684681526787385,207.55
08-18,1787095800,670.9829450000001,255.46347724999998,1.1162783764737125,254.49
08-18,1787096100,1108.477666,417.70599885,,0.0
08-18,1787096400,781.9819219999999,298.27203944,1.0188106854192807,477.41
08-18,1787096700,627.952853,-107.07141115999994,1.0515510169981543,200.0
08-18,1787097000,207.556799,-112.90681588000001,,0.0
08-18,1787097300,777.530374,201.77509821,,0.0
08-19,1787097600,599.0890890000001,-275.05017021000003,1.4223269589842333,229.49
08-19,1787097900,213.902606,5.180393380000012,0.9515473292908823,0.0
08-19,1787098200,377.63888299999996,107.94999787999996,,0.0
08-19,1787098500,426.696427,63.138729780000006,,200.0
08-19,1787098800,145.857141,15.419999740000009,,0.0
08-19,1787099100,294.571424,51.55999935999998,,0.0
08-19,1787099400,637.258834,20.435468859999958,1.1869020857792436,134.14
08-19,1787099700,400.0,-19.70888000000005,1.0912045,85.0
08-19,1787100300,1154.55268,-147.36715560000005,1.2869553763461856,0.0
08-19,1787100600,234.87926800000002,56.99459964000005,,0.0
08-19,1787100900,12.43,1.8644999999999996,,0.0
08-19,1787101200,459.89952100000005,98.18959815,,0.0
08-19,1787101500,178.86,35.23025000000001,,178.86
08-19,1787101800,504.18,-51.17579999999995,1.199014637629418,59.74
08-19,1787102100,414.99239000000006,126.90859932000006,,0.0
08-19,1787102400,562.155493,-385.47569362999997,1.3626889055552616,0.0
08-19,1787102700,663.540694,-43.28476530000006,1.5656774387780332,65.03999999999999
08-19,1787103000,287.30332699999997,98.38199619999997,,0.0
08-19,1787103300,292.367892,54.91019896,,0.0
08-19,1787103600,511.684745,-82.82922079999992,1.317669078533777,124.48
08-19,1787103900,41.421211,13.668999630000002,,0.0
08-19,1787104500,257.219511,-136.32000048999998,1.2132478632478634,0.0
08-19,1787104800,68.46000000000001,6.810600000000004,0.8010341805433829,0.0
08-19,1787105100,197.0,60.84,,0.0
08-19,1787105400,693.4675540000001,11.189762060000021,1.2332417532696356,101.24000000000001
08-19,1787105700,256.148945,-56.0257468,,0.0
08-19,1787106000,49.521903,-13.669533739999999,1.5500000000000003,24.759999999999998
08-19,1787106300,172.661369,127.51919104000001,,0.0
08-19,1787106600,406.28999999999996,-126.0256,1.6081705366232004,0.0
08-19,1787107200,378.482306,-70.98830687999998,1.1071345547908886,0.0
08-19,1787107500,833.5588240000001,-61.53465030999996,1.0214126565862445,407.28
08-19,1787107800,302.06391199999996,107.01919951999997,,0.0
08-19,1787108100,363.80871599999995,-47.56742276,1.2590179318190633,0.0
08-19,1787108400,802.466001,-196.66858589000003,1.2777586108473482,0.0
08-19,1787109000,794.753222,-295.04002348,1.639524813794564,0.0
08-19,1787109300,393.728901,119.55519891,,0.0
08-19,1787109600,400.0,-292.7594,,200.0
08-19,1787110200,2564.158578,259.92229909000025,1.1406486279069064,1381.55
08-19,1787110500,800.0,409.5042,,600.0
08-19,1787110800,575.02,-123.5084,1.231332195616234,0.0
08-19,1787111100,200.0,-112.00000000000001,,0.0
08-19,1787111400,691.010933,-260.84912053,1.0201859246137057,0.0
08-19,1787111700,380.292156,84.39069871999993,,0.0
08-19,1787112000,251.21137000000002,106.99649887999999,,0.0
08-19,1787114100,210.59759499999998,-16.71468309000001,0.5685521170044583,44.3
08-19,1787114400,584.74261,-33.620780800000006,0.9045822816947748,200.0
08-19,1787118000,718.851276,-168.20143724000002,1.3352345323144377,124.38
08-19,1787118300,580.604406,186.0723157500001,,200.0
08-19,1787118600,434.66512499999993,-22.132916249999994,1.0911178369998815,139.47
08-19,1787118900,421.9878540000001,106.40085022,0.49573459715639817,0.0
08-19,1787119200,260.987664,-180.6913648,,0.0
08-19,1787119500,137.281427,-96.63202744,,0.0
08-19,1787119800,620.296952,234.0754979200001,,0.0
08-19,1787120100,421.30332899999996,44.77386419999999,1.2763818538770177,8.15
08-19,1787120400,556.01,125.79353000000003,,200.0
08-19,1787121000,186.309031,-25.05543138999998,1.0271369067071878,0.0
08-19,1787121300,243.403332,38.41399984,,0.0
08-19,1787121900,598.721343,-42.363613090000115,1.1240386306081351,299.36
08-19,1787122200,210.111665,25.820099700000014,,0.0
08-19,1787122500,0.95,-0.15200000000000002,,0.0
08-19,1787122800,429.105394,117.85839922000002,,0.0
08-19,1787123100,409.37543700000003,102.26398025999993,0.843286435535009,0.0
08-19,1787123400,464.524282,102.72239856000004,,0.0
08-19,1787123700,463.32061899999997,-208.54205951,,0.0
08-19,1787124300,437.57300399999997,139.31819573999996,,0.0
08-19,1787124600,407.18951799999996,-183.35522044,1.0247017709867807,0.0
08-19,1787124900,613.065523,-2.8583170699999982,1.1983006013791648,46.88
08-19,1787125200,1013.58595,-196.22338764,1.1533291935850585,331.0
08-19,1787125500,291.861227,-98.15142945,,0.0
08-19,1787125800,537.19461,-216.50222243999997,,0.0
08-19,1787126100,192.691611,59.73439941000001,,0.0
08-19,1787126400,2055.674644,11.480175149999695,1.079463447723282,730.56
08-19,1787126700,1062.892066,-49.24256686000001,1.0886131298594042,131.45
08-19,1787127000,198.564675,90.38439724999998,,0.0
08-19,1787127300,413.41999999999996,-25.012,1.1792332947629298,0.0
08-19,1787127600,940.736006,319.99739594999994,,0.0
08-19,1787127900,1165.288141,416.01380514000004,1.0377874455035838,200.0
08-19,1787128200,539.070395,198.18133601999995,,199.99999999999997
08-19,1787128500,893.423799,144.09689558000002,0.756270297659577,0.0
08-19,1787128800,829.2900000000001,68.62969999999996,0.9110353452436453,0.0
08-19,1787129100,158.42,24.55509999999999,0.6900000000000001,0.0
08-19,1787129400,652.533032,40.177742999999964,1.0001248117190484,6.02
08-19,1787129700,508.6725,141.45440000000002,,0.0
08-19,1787130000,145.194672,59.037094960000005,,0.0
08-19,1787137500,294.061513,67.88625858,0.5363170781473168,30.83
08-19,1787137800,389.824345,-47.73040935,1.0688182319819286,0.0
08-19,1787138100,400.0,66.0,,0.0
08-19,1787138400,400.53,154.21199999999996,,0.0
08-19,1787138700,232.5,-89.125,1.3199999999999998,0.0
08-19,1787139000,204.88846,45.9064994,,0.0
08-19,1787139300,918.3025250000002,-47.769093329999976,1.1025127207449792,210.57
08-19,1787139600,567.07484,-64.95639800000004,1.2290893460808714,0.0
08-19,1787139900,300.0,45.0,,0.0
08-19,1787140200,1480.322818,-103.38760549600022,0.7964872286344513,800.0
08-19,1787140500,15.388072000000001,0.15202416000000074,0.98,0.0
08-19,1787140800,945.129485,43.04978403999996,1.0988083851799981,0.0
08-19,1787141100,385.2,-268.084,,0.0
08-19,1787141400,298.036661,4.142634070000014,0.9722024360081454,0.0
08-19,1787141700,400.0,94.0,,0.0
08-19,1787142000,196.518725,-7.860749,,0.0
08-19,1787142300,648.234,184.25546999999995,0.5847652788498865,400.0
08-19,1787142600,400.0,-52.0,1.26,0.0
08-19,1787142900,1012.293516,301.84045388999994,,32.29
08-19,1787143500,766.631019,322.50139661000003,,0.0
08-19,1787143800,324.01,-184.96540000000002,,0.0
08-19,1787144100,200.0,20.0,,0.0
08-19,1787144700,211.41,29.801999999999992,,0.0
08-19,1787145000,101.3836,21.559899999999995,0.5747059983903294,0.0
08-19,1787145300,1189.789288,40.02239594000014,0.9271843714834411,220.13
08-19,1787145600,233.244284,35.61099976,,0.0
08-19,1787145900,210.6,181.696,,0.0
08-19,1787146200,1115.234976,141.7832030180001,0.7968792742433934,0.0
08-19,1787146500,462.802053,-213.12384069,1.5539931659953905,0.0
08-19,1787146800,117.46000000000001,1.7302700000000044,1.3852522188518144,21.0
08-19,1787147100,519.8577750000001,171.04159925,,0.0
08-19,1787147400,885.154092,-511.45709408,,0.0
08-19,1787147700,2.272726,0.9999994399999999,,0.0
08-19,1787148000,200.0,50.0,,0.0
08-19,1787148300,200.0,42.0,,0.0
08-19,1787148600,1106.2328619999998,-339.92287136999994,1.1335094866047797,0.0
08-19,1787148900,918.718678,491.8344926,,0.0
08-19,1787149200,192.0,37.44,0.6100000000000001,0.0
08-19,1787149500,206.37246800000003,31.923495760000037,,0.0
08-19,1787149800,121.33,16.986199999999997,,0.0
08-19,1787150100,65.323827,30.702198689999996,,0.0
08-19,1787150400,200.0,60.0,,0.0
08-19,1787151000,8.590625,1.3745000000000003,,0.0
08-19,1787151300,372.241431,39.48539011,0.7838878716194596,107.89
08-19,1787151600,209.57,70.9237,0.9299999999999999,0.0
08-19,1787151900,400.0,72.0,,0.0
08-19,1787152200,148.80099299999998,64.72059698999999,,0.0
08-19,1787152500,619.425001,-190.55540797999998,1.203210126475031,0.0
08-19,1787152800,308.82,58.50280000000001,,0.0
08-19,1787153100,655.554478,186.01449790000004,,0.0
08-19,1787153700,1072.712635,167.92604138999997,0.7889416906817271,30.0
08-19,1787154000,1558.777944,-158.1245051200001,0.7803265403436617,0.0
08-19,1787154300,676.8622250000001,-96.966239309036,,0.0
08-19,1787154600,229.304162,-28.836869819999997,,0.0
08-19,1787154900,553.32934,-80.82529768,1.1113751108606085,0.0
08-19,1787155200,707.2060369999999,-50.14570666999995,0.8575495081084458,178.84
08-19,1787155500,315.519229,40.99639976999998,,0.0
08-19,1787156100,9.379481,-2.06348582,,0.0
08-19,1787156700,375.85,54.483000000000004,0.73,0.0
08-19,1787157000,373.185381,-37.650082880000014,0.9708608187582759,0.0
08-19,1787157900,289.645825,-5.585833,,0.0
08-19,1787158200,211.34,-17.3608,,0.0
08-19,1787158800,735.082189,-87.12811246999999,,0.0
08-19,1787159100,1068.228518,158.36169744,0.5864842987558443,0.0
08-19,1787159400,663.168078,152.25665001,0.48541508350527807,115.56
08-19,1787159700,81.529178,2.797421639999996,0.9278704831581002,36.42
08-19,1787160000,57.511622,24.72999746,,0.0
08-19,1787160300,457.411763,-4.240000290000012,1.0699999999999998,0.0
08-19,1787160600,969.5359189999999,435.01259266999995,0.6789419008263342,0.0
08-19,1787160900,200.0,-24.0,,0.0
08-19,1787161200,204.37359999999998,-39.148608,,0.0
08-19,1787161500,280.30476,29.361569200000005,0.7848487153068955,88.9
08-19,1787161800,171.29049,-20.097310750000002,,0.0
08-19,1787162100,1401.319646,554.6829360099999,0.3926704715785924,0.0
08-19,1787162400,241.16278499999999,-69.6627899,,0.0
08-19,1787162700,314.229125,-66.845825,,0.0
08-19,1787163600,562.0,-32.400000000000006,0.7851933701657459,0.0
08-19,1787163900,65.135788,5.571859719999999,1.1397735366960986,16.33
08-19,1787164200,176.022052,-19.06713656,,0.0
08-19,1787164500,685.6635279999999,402.13362959000006,0.8259470350495355,0.0
08-19,1787164800,81.9,9.009,,0.0
08-19,1787165100,591.862833,188.09522739000005,0.6156404765466188,0.0
08-19,1787165400,26.0,-14.3,,0.0
08-19,1787165700,67.2886,-1.3457720000000002,,0.0
08-19,1787166000,115.72264,36.69437109,0.3659599676169648,0.0
08-19,1787166300,394.93476499999997,5.16593806000003,0.9722542625824202,20.0
08-19,1787166600,635.000671,269.43043589000007,,292.88
08-19,1787167200,19.2,2.2616400000000008,0.75,9.6
08-19,1787167500,401.136244,53.588021079999976,0.7315963279099514,0.0
08-19,1787167800,400.0,132.0,,0.0
08-19,1787168100,136.763159,51.626798730000004,,0.0
08-19,1787168400,200.0,34.0,,0.0
08-19,1787168700,987.5010800000001,-179.61466607,0.9649504701028025,0.0
08-19,1787169300,300.0,63.0,,0.0
08-19,1787169600,667.939547,228.51646533000002,0.9245411907621219,0.0
08-19,1787170200,300.0,165.0,,0.0
08-19,1787171100,223.719205,-106.44117462,1.4459262347628736,0.0
08-19,1787171700,96.684997,-16.440800359999997,1.3399999999999999,0.0
08-19,1787172000,300.0,-6.000000000000005,,0.0
08-19,1787172300,371.361216,31.41379968000001,,0.0
08-19,1787172900,608.481141,116.23605835000001,1.1733955618175416,0.0
08-19,1787173200,502.90822599999996,-182.16293389999998,1.3473446735668577,0.0
08-19,1787173500,1288.1708979999999,131.39259901999992,0.9018549784088057,0.0
08-19,1787173800,900.23,-19.550699999999978,0.9167521972603747,0.0
08-19,1787174100,339.98706400000003,45.386198070000006,1.436932572876466,42.33
08-19,1787174400,893.3333319999999,175.79999976,,0.0
08-19,1787174700,424.032237,-101.27034800999999,,0.0
08-19,1787175000,420.696665,45.8745998,,0.0
08-19,1787175300,565.547776,-145.65444664000006,1.5092138535733328,206.26
08-19,1787175900,944.6789930000001,201.58359480000024,,0.0
08-19,1787176200,1731.070276,829.3242962899999,,0.0
08-19,1787176500,90.0,-11.700000000000003,1.26,0.0
08-19,1787177100,1164.3151409999996,211.76379843999996,0.7612808832768093,300.00000000000006
08-19,1787177700,1232.916336,350.17979829,,0.0
08-19,1787178000,843.834834,296.2813850900001,0.717875707778089,2.0
08-19,1787178300,1482.4325880000001,525.3259988,,0.0
08-19,1787178600,2100.86,516.1791000000001,0.5766666666666667,300.0
08-19,1787178900,300.0,51.0,,0.0
08-19,1787179500,429.3,36.51600000000002,,0.0
08-19,1787179800,561.650637,91.41169855999988,,0.0
08-19,1787180100,70.0,9.799999999999997,,0.0
08-19,1787180400,262.42375300000003,178.05999824000003,,0.0
08-19,1787181300,123.78171900000001,35.34669851000001,,0.0
08-19,1787182800,600.0,-57.00000000000001,,0.0
08-19,1787183100,76.361817,1.932009739999998,0.9400000000000001,38.18
08-20,1787184000,284.54371699999996,98.07949592999995,,0.0
08-20,1787184300,345.19230600000003,176.49999912000004,,0.0
08-20,1787184600,623.5032,-343.36920000000003,1.3654868189382467,0.0
08-20,1787184900,300.0,48.0,,0.0
08-20,1787185200,1331.979074,-590.21020442,0.898301872980994,80.0
08-20,1787185800,51.96818,11.432999599999995,,0.0
08-20,1787186100,1092.8814750000001,478.2357966500001,0.7716225227919942,0.0
08-20,1787186700,600.0,135.0,,0.0
08-20,1787187000,129.84,6.492000000000004,,0.0
08-20,1787187900,59.752684,16.389998920000004,,0.0
08-20,1787188200,171.157893,-106.11789366000001,,0.0
08-20,1787188500,336.42076499999996,-110.14854554999997,1.24,123.03
08-20,1787188800,459.771561,-103.63358769999999,,0.0
08-20,1787189100,249.461,64.51290000000003,,0.0
08-20,1787189400,180.601024,-112.42472464,,0.0
08-20,1787189700,300.0,87.0,,0.0
08-20,1787190000,395.15999999999997,89.9624,,0.0
08-20,1787190300,320.92307500000004,88.93999950000003,,0.0
08-20,1787190600,187.98470600000002,-98.50250796,,0.0
08-20,1787190900,200.0,-13.99999999999999,,0.0
08-20,1787191200,112.888886,50.799998699999996,,0.0
08-20,1787191500,11.25,1.799999999999999,,0.0
08-20,1787191800,545.140908,40.2139998799999,1.2937274015280502,0.0
08-20,1787192100,291.486484,-75.78648584,,0.0
08-20,1787192400,30.998566999999998,2.169899690000001,,0.0
08-20,1787192700,300.0,36.0,,0.0
08-20,1787193000,517.1455,191.71639999999996,,0.0
08-20,1787193900,604.380044,-166.64353940000007,1.2653345576852364,90.0
08-20,1787194200,282.82,-101.86009999999999,,0.0
08-20,1787194500,629.31666,-79.912966,,0.0
08-20,1787194800,91.05856800000001,15.679499520000007,,0.0
08-20,1787195100,394.510636,137.41999892,,0.0
08-20,1787195700,488.91855,-119.21465318000003,1.4552245539489697,0.0
08-20,1787196300,154.016189,28.452249379999998,0.8561223502081117,20.03
08-20,1787196900,350.92683999999997,147.453658,0.55,0.0
08-20,1787197200,600.0,-96.0,,0.0
08-20,1787197500,600.0,-86.74795,1.286659,175.93
08-20,1787199000,476.782607,94.65999960999994,,0.0
08-20,1787199300,595.7618170000001,-150.36021752,1.5047639395861478,0.0
08-20,1787199600,445.642853,-85.08285531999998,,0.0
08-20,1787200500,200.0,-12.0,,0.0
08-20,1787200800,200.30875,64.09879999999998,,0.0
08-20,1787201100,324.77,5.4850999999999885,1.07,0.0
08-20,1787201400,239.62666499999997,22.339599799999945,,0.0
08-20,1787201700,464.94536300000004,-137.80039356,,0.0
08-20,1787202000,792.0130790000001,47.387218210000015,0.7334474235277834,0.0
08-20,1787202300,485.46579,-3.8919014099999742,0.6169287146064213,0.0
08-20,1787202600,1.295079,-0.50508081,,0.0
08-20,1787202900,316.68,-131.16599999999997,1.39,0.0
08-20,1787203200,1240.1688049999998,-5.587797330000058,1.139339649843502,0.0
08-20,1787203500,1354.7902250000002,42.399899000000005,0.9943937880782389,0.0
08-20,1787203800,47.789127,10.99149921,,0.0
08-20,1787204100,394.955869,-147.36329501999998,1.5808956188605803,0.0
08-20,1787204700,300.0,15.0,,0.0
08-20,1787205000,204.621523,51.99479425999999,0.4918010212789033,0.0
08-20,1787205300,1102.666021,52.0604376,0.5592719002116573,13.18
08-20,1787205600,487.921837,-78.03374696,,0.0
08-20,1787206200,824.603203,-192.731524454976,,0.0
08-20,1787206500,950.977869,4.925001860000066,1.0522877513789592,170.98000000000002
08-20,1787206800,456.708822,68.64049974,,0.0
08-20,1787207100,151.835625,-21.766299999999994,1.15,0.0
08-20,1787207700,23.57,3.535499999999999,,0.0
08-20,1787208000,171.05610799999997,24.431649719999996,0.8500000000000001,0.0
08-20,1787208300,481.266297,96.11029972,,0.0
08-20,1787208600,405.793085,-128.72468650000002,,0.0
08-20,1787208900,250.142461,-20.13192291,0.8033934297719345,25.07
08-20,1787209200,200.0,68.00000000000003,,0.0
08-20,1787209500,162.86,24.429000000000002,,0.0
08-20,1787209800,623.972106,-246.06263680000004,,441.06
08-20,1787210400,600.0,312.0,,0.0
08-20,1787211000,455.555553,58.99999976999993,,0.0
08-20,1787211300,548.1891049999999,-158.3593145,,0.0
08-20,1787211600,194.35140800000002,-50.96901280000001,,0.0
08-20,1787212500,704.205356,109.01181001999998,0.42899940137969506,0.0
08-20,1787212800,300.0,120.0,,0.0
08-20,1787213100,155.655427,8.41419989000002,,0.0
08-20,1787213400,299.99514999999997,98.99839949999995,,0.0
08-20,1787213700,1274.301985,144.77378193000004,1.2797411152386728,274.88
08-20,1787214000,32.14,9.320599999999999,,0.0
08-20,1787214300,775.1642360000001,-11.556675539999958,1.2059636986515363,284.98
08-20,1787214600,1869.5483519999998,50.34579882000003,1.2769896737805873,300.0
08-20,1787214900,578.9319,24.99959855000003,1.3847797639872539,138.01999999999998
08-20,1787215500,566.597175,170.09949696000007,,0.0
08-20,1787216100,508.79401700000005,-64.20981102999997,1.3693874715800556,0.0
08-20,1787216400,724.305122,79.72616986999992,1.1836978214093272,300.0
08-20,1787216700,300.0,87.0,,0.0
08-20,1787217000,300.0,54.00000000000003,,0.0
08-20,1787217300,125.664592,-10.707993919999993,1.1999999999999997,0.0
08-20,1787217600,638.13,64.47597000000002,0.813357880105285,300.0
08-20,1787217900,263.78432200000003,-88.06102562000001,1.5480720098570635,0.0
08-20,1787218200,23.809522,-18.80952238,,0.0
08-20,1787219700,82.23249999999999,-4.111625000000004,,0.0
08-20,1787220000,21.3608,-0.6408240000000001,,0.0
08-20,1787220300,237.39337,-40.35687290000001,,0.0
08-20,1787220600,300.0,51.0,,0.0
08-20,1787220900,1123.0,136.29999999999995,,0.0
08-20,1787221200,60.91,-43.2461,,0.0
08-20,1787221500,606.25,58.0,,0.0
08-20,1787221800,320.161903,25.23399962999997,,0.0
08-20,1787222100,224.585,13.475100000000026,,0.0
08-20,1787222400,430.11105999999995,125.82889099999994,0.6074295498015312,0.0
08-20,1787223000,114.59967900000001,4.527836779999994,0.8442778843877758,0.0
08-20,1787224500,682.725464,456.5470879399999,0.45663154256356564,82.65
08-20,1787224800,472.08845699999995,-83.16827236000002,,0.0
08-20,1787225100,343.169768,78.05747323999998,0.564765089426928,0.0
08-20,1787225400,191.96205999999998,-9.598103000000009,,0.0
08-20,1787225700,152.819297,54.88349929000002,,0.0
08-20,1787226300,207.79718100000002,49.22999356999998,0.3711258274291875,0.0
08-20,1787226900,194.08,19.407999999999987,,0.0
08-20,1787227500,300.0,18.0,,0.0
08-20,1787228100,56.263868,-21.38026984,,0.0
08-20,1787228400,163.473504,-37.59890591999999,,0.0
08-20,1787228700,300.0,-75.0,,0.0
08-20,1787229300,452.96875,-167.54907999999998,,308.0
08-20,1787229600,599.982177,-65.99839592999999,,0.0
08-20,1787229900,40.0,7.599999999999994,,0.0
08-20,1787230800,98.914284,6.923999879999997,,0.0
08-20,1787231100,443.86,-33.617999999999995,0.9700000000000001,0.0
08-20,1787231400,300.0,102.00000000000003,,0.0
08-20,1787231700,65.08791099999999,-8.17791199,,0.0
08-20,1787232000,1623.303862,-5.408879611776001,0.8480934219827815,0.0
08-20,1787232300,818.4709740000001,-48.092028899999974,0.9270398607570285,332.42999999999995
08-20,1787232600,1336.3015739999998,119.80427906,0.8200000000000001,668.15
08-20,1787232900,440.123256,62.52805945999995,1.150774654952769,110.55
08-20,1787233200,95.397728,-56.183729320000005,,0.0
08-20,1787233800,300.0,59.99999999999997,,0.0
08-20,1787235000,135.686664,48.84719904000001,,0.0
08-20,1787235300,272.635287,46.34799879000002,,0.0
08-20,1787235600,184.5635,-147.6508,,0.0
08-20,1787236500,675.5014819999999,447.4414889499999,,0.0
08-20,1787236800,177.05,-26.5575,,0.0
08-20,1787237400,300.0,33.0,,0.0
08-20,1787237700,336.04499999999996,199.77020999999996,,149.91
08-20,1787238000,304.094023,42.90079945999997,,0.0
08-20,1787238900,100.94632200000001,-33.49992762,,0.0
08-20,1787239800,389.095,-42.00140000000002,1.0730226398279423,35.0
08-20,1787240100,300.0,75.0,,0.0
08-20,1787240400,300.0,12.0,,0.0
08-20,1787240700,438.328944,-123.61748191999997,0.8273733493487683,0.0
08-20,1787241000,16.655765,-0.4996729500000004,,0.0
08-20,1787241300,413.990301,167.40259360000002,0.8500190361941691,19.67
08-20,1787242500,420.78,25.947600000000023,1.2599999999999998,0.0
08-20,1787242800,31.87,7.967500000000001,,0.0
08-20,1787243100,567.323447,52.109349630000025,0.8099999999999999,283.66
08-20,1787243700,299.223332,-66.86566296,,13.6
08-20,1787244000,674.2368369999999,138.21089931999995,,0.0
08-20,1787244300,296.65689799999996,-41.823932479999996,1.281951332778079,0.0
08-20,1787244600,219.368635,48.26109969999999,,0.0
08-20,1787244900,300.0,12.0,,0.0
08-20,1787245200,1067.958179,-131.39267961999997,1.246064414294054,0.0
08-20,1787245500,617.24,25.034400000000005,0.9297818686168201,0.0
08-20,1787245800,473.877273,39.612321820000034,0.97129661395658,0.0
08-20,1787246100,82.28,4.114000000000004,,0.0
08-20,1787246700,75.82732,8.784699799999999,,0.0
08-20,1787247000,273.633512,-120.83391255999999,1.319673940444161,0.0
08-20,1787247300,783.5021770000001,189.20771343000007,0.8609516586552539,50.0
08-20,1787247900,433.740945,-37.70695662999999,0.5879111924085815,0.0
08-20,1787248800,300.0,39.0,,0.0
08-20,1787249100,295.910587,50.304799790000004,,0.0
08-20,1787249400,179.515784,-60.89338712,1.0030914826498423,0.0
08-20,1787249700,302.0,20.600000000000023,1.13,0.0
08-20,1787250000,300.0,27.0,,0.0
08-20,1787250300,745.281219,-172.01486084,,0.0
08-20,1787250600,571.776488,90.56469947999994,,0.0
08-20,1787250900,341.1794249999999,-38.046761460000006,0.980472404254403,0.0
08-20,1787251200,1458.904614,-383.7775141799999,1.047185276764322,0.0
08-20,1787251500,680.89,81.87822999999997,1.2956921609357182,144.75
08-20,1787251800,1338.878489,-379.9449785200001,0.9247266186800323,72.01
08-20,1787252100,300.0,30.0,,0.0
08-20,1787252400,920.166664,354.0499992,,0.0
08-20,1787252700,300.0,72.0,,0.0
08-20,1787253000,360.425675,107.14584106000001,0.9314778675184141,0.0
08-20,1787253600,299.993332,107.99759952,,0.0
08-20,1787253900,678.4736809999999,280.5999987799999,,0.0
08-20,1787254200,528.676362,-81.50926290000001,1.2831386682058323,0.0
08-20,1787254500,486.238092,171.82539875999993,,300.0
08-20,1787254800,623.481959,307.92879909,,0.0
08-20,1787255700,1001.4916189999999,-110.74076455,1.0493607668934999,300.0
08-20,1787256300,77.27954100000001,-5.409567869999997,,0.0
08-20,1787256600,300.0,-245.99999999999997,,0.0
08-20,1787256900,365.175647,286.64688828000004,,0.0
08-20,1787257200,115.21739,62.449999399999996,,0.0
08-20,1787257500,148.137776,39.99719952000001,,0.0
08-20,1787257800,300.0,12.0,,0.0
08-20,1787258100,271.58366,258.004477,,0.0
08-20,1787258400,658.941851,248.15737618000003,,0.0
08-20,1787258700,505.0,95.0,,0.0
08-20,1787259000,784.451898,155.2690987200001,,0.0
08-20,1787259300,648.198822,196.80775948000007,1.0673013602422015,33.0
08-20,1787259600,876.130674,-92.90419013000013,1.2110577644791265,45.0
08-20,1787259900,1055.0251739999999,-104.19934913999992,1.0393794407490289,117.6
08-20,1787260200,300.0,72.0,,0.0
08-20,1787260500,257.302232,-2.1816709199999877,1.0169571361683452,0.0
08-20,1787260800,10.61,3.2890999999999995,,0.0
08-20,1787261100,765.3980409999999,-207.26844606999998,0.7339775685496592,0.0
08-20,1787261400,396.17569100000003,62.97359983000001,,0.0
08-20,1787261700,1187.9548350000002,257.48977770999994,0.8050665945870555,0.0
08-20,1787262000,365.23199999999997,227.09279999999998,,0.0
08-20,1787262300,163.37678699999998,-29.640703350000006,,0.0
08-20,1787262600,396.08504500000004,-50.99714635000001,1.2574948663825443,0.0
08-20,1787262900,300.0,60.0,,0.0
08-20,1787263200,385.33,-175.3472,1.47,0.0
08-20,1787263500,41.1425,4.937100000000001,,0.0
08-20,1787263800,1192.409392,49.669580689999975,0.9139104774574169,100.31
08-20,1787264400,415.26230400000003,79.93819890000003,,0.0
08-20,1787264700,56.34,-21.4092,,0.0
08-20,1787265000,600.0,69.0,,0.0
08-20,1787265300,351.47,64.72630000000004,,0.0
08-20,1787265600,72.699129,16.72079966999999,,0.0
08-20,1787267100,238.025879,52.464399430000014,,0.0
08-20,1787267400,386.617876,121.58269908,,0.0
08-20,1787267700,1108.158886,-81.59513021999999,1.145720273535888,174.75
08-20,1787268000,1121.412755,104.46688288999991,0.792437675015749,166.0
08-20,1787268300,2115.336342,11.373834839999972,0.8636857811693421,26.4
08-20,1787268600,509.016577,239.55324065999997,,45.0
08-20,1787268900,146.754544,15.073299840000004,,0.0
08-20,1787269200,212.261611,75.91729941,,0.0
08-20,1787269500,245.39391,56.4405993,,0.0
08-20,1787269800,374.84949099999994,61.47869926999999,,0.0
08-21,1787270700,300.0,45.0,,0.0
08-21,1787271000,776.62487,156.16789851,,0.0
08-21,1787271300,640.9174439999999,211.20399795999992,,0.0
08-21,1787271600,364.062219,-85.55532045000004,1.4700000000000002,0.0
08-21,1787271900,2564.129661,-193.06623815000034,1.4582547109570116,0.0
08-21,1787272200,1569.4934999999998,13.416409239999894,1.28614586635739,139.19
08-21,1787272800,147.319678,16.38859994,0.7755816609805091,8.46
08-21,1787273100,89.768332,5.386099920000007,,0.0
08-21,1787273400,300.0,12.0,,0.0
08-21,1787273700,65.946152,8.572999760000002,,0.0
08-21,1787274000,293.149203,21.355999730000008,,0.0
08-21,1787274300,413.13,-124.87179999999998,1.53,0.0
08-21,1787274900,749.5967640000001,77.63758795999999,0.6330562113279314,200.75
08-21,1787275200,315.5,52.13499999999996,1.2497644191714055,0.0
08-21,1787275500,322.047471,115.27559870999997,,0.0
08-21,1787275800,1638.566717,-2.2267403900000318,1.1235960538299838,281.78
08-21,1787276400,600.0,-4.941340000000082,1.006044,300.00000000000006
08-21,1787277000,374.576974,-152.23257522,,0.0
08-21,1787277300,300.0,18.0,,0.0
08-21,1787277900,53.455,-25.387400000000003,,0.0
08-21,1787278200,371.24075400000004,61.32349949000002,,0.0
08-21,1787278500,206.19528599999998,-22.473309460000003,,0.0
08-21,1787278800,600.0000000000001,281.87198000000006,,300.00000000000006
08-21,1787279400,600.0,-333.0,,0.0
08-21,1787280600,300.0,15.0,,0.0
08-21,1787280900,664.3252990000001,-17.469134919999988,1.0408868750012334,0.0
08-21,1787281200,304.82259999999997,176.75887,0.46,0.0
08-21,1787281500,2.69,-0.2152,,0.0
08-21,1787282100,714.136023,495.78088670000005,,0.0
08-21,1787282400,300.0,111.0,,0.0
08-21,1787282700,665.418984,-252.90545262999996,,0.0
08-21,1787283000,300.0,231.0,,0.0
08-21,1787283600,42.0,-11.760000000000002,,0.0
08-21,1787284200,1075.344541,88.0496363900001,0.5912053629617011,300.0
08-21,1787285100,6.666661,5.7999950700000005,,0.0
08-21,1787285400,249.637338,182.95999347,,0.0
08-21,1787286900,101.095027,-7.076651890000001,,0.0
08-21,1787287200,118.86,-57.553799999999995,,0.0
08-21,1787287500,300.0,45.0,,0.0
08-21,1787287800,776.3458289999999,-521.02323016,,0.0
08-21,1787288100,473.21713300000005,13.552488029999978,0.9391517687333585,85.56
08-21,1787288400,814.415832,182.49249983999994,0.7275579877373721,0.0
08-21,1787288700,698.34,102.58420000000012,,0.0
08-21,1787289000,600.0,60.0,,0.0
08-21,1787289300,300.0,129.00000000000003,,0.0
08-21,1787289600,300.0,12.0,,0.0
08-21,1787289900,716.161345,2.012552049999954,1.0334647087345017,0.0
08-21,1787290200,307.447141,5.181369740000008,0.96,153.72
08-21,1787290500,300.0,45.0,,0.0
08-21,1787290800,415.65133099999997,-57.66686678000001,1.0570243650948956,0.0
08-21,1787291100,300.0,42.0,,0.0
08-21,1787291400,1499.996665,7.5044198999999026,1.0345768687376191,95.25999999999999
08-21,1787291700,498.84000000000003,-146.6172,,0.0
08-21,1787292000,328.96,42.2448,,0.0
08-21,1787292300,320.77,-75.26778000000004,1.4504710502451088,47.839999999999996
08-21,1787292900,629.988887,5.698999829999991,0.986364860977879,0.0
08-21,1787293200,300.0,12.0,,0.0
08-21,1787293500,294.88,23.59039999999999,,0.0
08-21,1787293800,45.08125,-19.219749999999998,,0.0
08-21,1787294100,449.855714,-144.51479318,0.7587973293299788,0.0
08-21,1787294400,476.295684,-307.1189864,,0.0
08-21,1787294700,296.685404,-200.12310452,,0.0
08-21,1787295000,301.15999999999997,161.0256,1.3,0.0
08-21,1787295600,566.385024,111.33999892000003,,0.0
08-21,1787295900,1198.205552,-180.90413328,1.2769091889170143,911.42
08-21,1787296200,658.06777,-74.99710621999998,0.9611885351810383,153.66
08-21,1787296500,732.485874,136.5031988400001,,0.0
08-21,1787296800,400.04,40.004000000000076,,0.0
08-21,1787297100,300.0,-129.00000000000003,,0.0
08-21,1787297400,191.60761300000001,25.207198860000005,,0.0
08-21,1787297700,175.96,43.62440000000001,,0.0
08-21,1787298900,853.160723,206.19253300999986,0.7611198033340876,70.72
08-21,1787299200,628.409997,101.22919964000005,,0.0
08-21,1787299500,895.893156,-492.92895636000003,1.8023825978628962,0.0
08-21,1787299800,416.0,26.80000000000001,,0.0
08-21,1787300100,300.0,36.0,,0.0
08-21,1787300400,535.183169,98.9207989900001,,0.0
08-21,1787300700,370.769089,82.78459979000002,,0.0
08-21,1787301000,260.766747,50.011198130000025,,0.0
08-21,1787301300,253.73777,25.374223000000015,0.7999999999999999,0.0
08-21,1787301600,279.000369,75.33009963,,0.0
08-21,1787301900,20.0,3.1529999999999987,0.67,10.0
08-21,1787302200,353.136665,46.3424996,,0.0
08-21,1787302500,643.0178350000001,193.79265901000014,0.639979539579907,0.0
08-21,1787302800,1044.149301,38.54945842999996,1.339227587055027,222.07
08-21,1787303100,1846.7720920000002,-37.28936407999993,1.0384639658321455,119.34
08-21,1787303400,622.643836,-21.911921820000003,0.8963635832672534,0.0
08-21,1787303700,1366.891296,98.05339834999995,0.8627506972508892,0.0
08-21,1787304000,145.09686,-71.0974614,,0.0
08-21,1787304300,461.275,-185.3235,1.5899999999999999,0.0
08-21,1787304600,312.78,-178.9776,1.52,0.0
08-21,1787304900,1007.319319,186.31886317,0.32556181427747977,0.0
08-21,1787305500,305.0,72.65,,0.0
08-21,1787306700,5.0,-1.75,,0.0
08-21,1787307000,59.342104,22.54999952,,0.0
08-21,1787307300,60.733077,-6.028289809999999,,0.0
08-21,1787308500,354.91952,-41.476073329999984,,0.0
08-21,1787309400,2.666664,-0.9066657599999999,,0.0
08-21,1787309700,615.9740049999999,93.02122416000003,1.1081653690029714,72.42
08-21,1787310300,134.078945,-32.1789468,,0.0
08-21,1787310600,200.08189600000003,52.73161728000002,0.4837165151816238,0.0
08-21,1787310900,48.48,-11.6352,,0.0
08-21,1787311200,1360.9452760000001,-149.49047696000002,1.2761627204325323,0.0
08-21,1787311500,166.000999,-29.49672324,,0.0
08-21,1787312100,900.0,-54.0,1.395,0.0
08-21,1787312700,7.508726,4.1297993,,0.0
08-21,1787313600,157.11,128.8302,,0.0
08-21,1787313900,409.65999999999997,16.244459999999975,0.92,204.82999999999998
08-21,1787314200,201.82713900000002,-46.42024196999999,,0.0
08-21,1787315100,300.0,120.0,,0.0
08-21,1787315400,532.797498,144.53709792,,0.0
08-21,1787316000,460.0,129.60000000000002,,0.0
08-21,1787316300,300.0,72.0,,0.0
08-21,1787316900,368.26460900000006,18.482298310000004,0.9472389962436338,0.0
08-21,1787317200,961.736085,313.19591909999997,,17.87
08-21,1787317500,183.23856999999998,12.826699899999994,,0.0
08-21,1787317800,55.42,10.416200000000003,,0.0
08-21,1787318400,160.91,88.5005,,0.0
08-21,1787319000,392.742452,82.975998,,0.0
08-21,1787319300,523.917144,-364.08884514,,0.0
08-21,1787319600,55.167097,13.077199279999995,,0.0
08-21,1787319900,310.77585999999997,111.26859757999995,,0.0
08-21,1787320200,811.843314,-536.99331591,,0.0
08-21,1787320500,358.06,17.12979999999999,1.08,0.0
08-21,1787320800,359.663171,74.67839762,,0.0
08-21,1787321400,189.663329,28.449499350000025,,0.0
08-21,1787322000,211.0,-97.06,,0.0
08-21,1787322900,139.89,67.1472,,0.0
08-21,1787324700,191.59999999999997,111.12799999999997,,0.0
08-21,1787325000,707.8363999999999,401.4491974099999,,0.0
08-21,1787325300,686.877979,-337.57558132,,0.0
08-21,1787325900,222.89,38.816,1.35,0.0
08-21,1787326500,49.71,-21.872399999999995,,0.0
08-21,1787327400,10.975608,4.499999279999999,,0.0
08-21,1787327700,136.428647,50.478599390000014,,0.0
08-21,1787328300,325.17252199999996,100.43439866999995,,0.0
08-21,1787328600,238.87418,102.71589739999999,,0.0
08-21,1787328900,1254.580713,-304.7387435400001,1.478449003206455,582.29
08-21,1787329500,600.0,-339.0,,0.0
08-21,1787329800,26.2,-3.9878100000000014,1.29,13.1
08-21,1787330100,275.782757,79.97699953,,0.0
08-21,1787330400,232.02428299999997,64.99919924,,0.0
08-21,1787330700,300.0,56.99999999999997,,0.0
08-21,1787331000,339.0,115.77000000000001,,0.0
08-21,1787331300,633.592726,-2.3048001400000544,1.0189930018438114,0.0
08-21,1787331600,129.842927,-22.86875094,,0.0
08-21,1787332500,121.154665,18.173199749999995,,0.0
08-21,1787332800,401.732946,58.92299914,,0.0
08-21,1787333400,320.8633,59.55739896,,0.0
08-21,1787333700,300.0,60.0,,0.0
08-21,1787336100,815.624227,76.644559146,,0.0
08-21,1787336400,300.0,63.0,,0.0
08-21,1787336700,513.479826,-5.138826919999929,1.02,0.0
08-21,1787337000,213.989106,46.03079991999999,,0.0
08-21,1787337300,390.19405300000005,108.73379961,,0.0
08-21,1787337900,71.017646,6.755799820000007,,0.0
08-21,1787338200,518.1242810000001,-12.800734629999965,1.0997929749508262,76.41
08-21,1787338800,504.723792,-57.607492320000006,1.6725439904563077,0.0
08-21,1787339400,715.035275,65.84209974999987,,0.0
08-21,1787339700,187.776665,45.06639960000001,,0.0
08-21,1787340600,39.7,-14.689,,0.0
08-21,1787341200,238.25869600000001,93.68539927999998,,0.0
08-21,1787341500,20.589734999999997,-4.529741699999999,,0.0
08-21,1787342400,397.932705,-281.78818615,,87.91
08-21,1787342700,218.370196,-165.68629716,1.2409602852303634,0.0
08-21,1787343300,120.771816,11.73489975999999,,0.0
08-21,1787343600,42.864283,-27.86178395,,0.0
08-21,1787343900,52.96278600000001,-26.7171882,,0.0
08-21,1787344200,976.9146430000001,303.2379984500001,,0.0
08-21,1787345100,228.24,38.80080000000001,,0.0
08-21,1787345400,233.49,28.0188,,0.0
08-21,1787346000,296.0,26.639999999999986,,0.0
08-21,1787346300,300.0,72.0,,0.0
08-21,1787346600,900.0,159.0,,0.0
08-21,1787346900,398.23906800000003,74.71629804000003,,0.0
08-21,1787347200,103.86,40.5054,,0.0
08-21,1787347500,900.0,336.0,,0.0
08-21,1787347800,1493.9910180000002,302.08514761000015,1.0287441770604677,300.0
08-21,1787348100,1661.492958,-159.68080889000043,1.4501901384847065,508.90000000000003
08-21,1787348400,253.851633,38.33367898999995,1.4211027815744468,24.35
08-21,1787348700,950.278098,247.4596972400002,,0.0
08-21,1787349000,574.8,-18.22848999999991,1.32562478802023,413.40000000000003
08-21,1787349300,743.4647190000001,-345.7730187800001,1.5311956542607894,519.3299999999999
08-21,1787349600,578.1372409999999,61.190008910000074,1.4656544955605055,21.94
08-21,1787349900,772.1366399999999,25.92742880000003,1.4111835848344016,154.82
08-21,1787350200,1756.4038030000002,21.53701479999995,1.3606508457409494,57.760000000000005
08-21,1787350500,1809.023259,126.43529588000024,1.0322012493439894,0.0
08-21,1787350800,1124.8682210000002,-16.285214884281686,1.6262497938685017,189.53
08-21,1787351100,1081.153839,458.5499990700001,,0.0
08-21,1787351400,627.4969699999999,70.67719854999984,,0.0
08-21,1787351700,139.04111,-26.008970399999995,1.3599999999999999,69.52
08-21,1787352000,600.0,-100.9959,1.3199999999999998,300.0
08-21,1787352300,678.665872,113.85849688000008,,0.0
08-21,1787352600,600.0,-165.0,1.5499999999999998,0.0
08-21,1787352900,547.3,72.58529999999996,1.3743480758184952,25.0
08-21,1787353200,425.422095,72.35479884819006,,0.0
08-21,1787353500,52.42,4.1936000000000035,,0.0
08-21,1787353800,798.738387,133.83549908999998,,0.0
08-21,1787354100,600.0,225.0,,0.0
08-21,1787354400,661.7157559999999,25.523953479999932,1.481694404969164,300.0
08-21,1787354700,107.10332999999999,-42.1179003,1.4800000000000002,0.0
08-21,1787355000,448.609997,-67.15359763000004,1.655619407824899,0.0
08-21,1787355300,11.27,1.126999999999999,,0.0
08-21,1787355600,290.109409,113.57999812000003,,0.0
08-21,1787355900,122.971969,17.808599319999985,,0.0
08-21,1787356200,252.906346,-43.08556005000001,1.3407098719268702,0.0
08-21,1787356500,300.0,21.0,,0.0
08-22,1787356800,657.717901,-148.86891845477993,1.4434315798472768,222.0
08-22,1787357100,6.114938,-0.79494194,,0.0
08-22,1787357400,105.302221,9.477199890000009,,0.0
08-22,1787358300,12.0,5.76,,0.0
08-22,1787358600,1116.252026,-150.7622647999999,1.4008443989604282,133.13
08-22,1787359200,353.204053,31.940499610000018,,0.0
08-22,1787359500,12.141426000000001,-1.9430274400000016,1.32,0.0
08-22,1787359800,299.978881,188.98669503000002,,0.0
08-22,1787360100,1089.863889,-30.348548189999974,1.10291218437627,0.0
08-22,1787360400,105.322101,20.011198593168004,,0.0
08-22,1787360700,370.136665,82.85863945,,58.47
08-22,1787361000,600.0,17.792100000000005,0.9400000000000001,300.0
08-22,1787361300,505.582157,-203.15345890999998,1.371638268073062,0.0
08-22,1787361600,377.09627,-90.3341707,1.3099999999999998,0.0
08-22,1787361900,587.511671,4.51580572000006,0.9960122024932782,0.0
08-22,1787362500,470.755795,65.16556679999997,0.8000000000000002,0.0
08-22,1787362800,684.699509,58.749837020000086,1.0971728456629999,0.0
08-22,1787363100,1535.414607,-343.72168908000003,1.327275258626088,10.0
08-22,1787363400,936.785357,-32.110337812855846,1.1003877543011311,45.0
08-22,1787363700,158.98033099999998,-27.076656270000004,,0.0
08-22,1787364000,1591.923753,-1087.733424,,226.84
08-22,1787364300,2351.043064,-159.16826840999965,1.133683278564506,155.42000000000002
08-22,1787364600,548.136156,-178.51257348000001,,0.0
08-22,1787364900,795.774642,-118.94089292000001,1.1772691941118563,6.91
08-22,1787365200,1072.83269,184.68084471999998,1.1708755076561714,0.0
08-22,1787365500,466.931516,102.62599867999995,,0.0
08-22,1787365800,966.637,-281.3048,1.3081196331127969,313.40000000000003
08-22,1787366100,1028.53,237.4004,1.0682397430442123,0.0
08-22,1787366400,314.171398,153.04659560000002,,0.0
08-22,1787366700,393.43443299999996,-121.27292187000003,1.2576622580686334,0.0
08-22,1787367000,337.58720500000004,87.73759910000001,,0.0
08-22,1787367300,780.969472,-68.70370064,0.8770994508846858,0.0
08-22,1787367600,637.525383,108.52531636999998,1.1496245544054815,0.0
08-22,1787367900,812.026147,196.46523533999996,0.5721333307042381,40.0
08-22,1787368200,580.026784,139.75999952000006,,0.0
08-22,1787368500,1097.85185,-111.4318505,1.3110258890270268,0.0
08-22,1787368800,305.840302,81.78369966000002,,0.0
08-22,1787369100,2169.9903,581.6687975499997,,0.0
08-22,1787369700,377.855453,77.12819965999995,,0.0
08-22,1787370000,273.416,29.434399999999982,,0.0
08-22,1787370300,90.654633,25.383297240000005,,0.0
08-22,1787370600,28.571426,1.9999998199999993,,0.0
08-22,1787370900,504.57444100000004,160.31089896000003,,0.0
08-22,1787371500,66.43137,-32.5513713,,0.0
08-22,1787372400,30.308743,5.770098658096998,,0.0
08-22,1787373000,317.319229,24.354499309999994,,0.0
08-22,1787373300,1501.003013,-180.99938860999987,1.2335219955512549,449.02000000000004
08-22,1787373600,1510.875617,140.76167685999997,0.833756546221736,300.0
08-22,1787373900,35.655,12.6036,,0.0
08-22,1787374200,1338.321991,-121.94152446000004,0.9354546082702432,457.21999999999997
08-22,1787374500,2860.8135210000005,-55.94223395000017,0.9424517185418548,1044.03
08-22,1787374800,306.549187,-124.02399538999998,,0.0
08-22,1787375100,690.067776,66.84199952000006,1.2498473133765735,0.0
08-22,1787375400,1962.064,270.67306399999984,0.7135462272055739,1580.53
08-22,1787375700,436.871457,116.11729736999996,,0.0
08-22,1787376000,1142.334353,-60.92555939999994,0.7388858121163939,296.64
08-22,1787376300,599.995554,-74.33619027999998,1.2414143173601833,214.14
08-22,1787376600,526.206224,188.14428332000003,1.0975454580030835,125.0
08-22,1787376900,1200.011051,-213.00907031000008,1.3549175258741515,4.31
08-22,1787377200,478.890242,70.64068922000001,1.1351949241976862,48.36
08-22,1787377800,299.99456299999997,-56.998966970000005,,0.0
08-22,1787378100,1090.604318,-37.7046628600001,1.138834903360429,0.0
08-22,1787378400,828.4053530000001,109.75155633,0.5895438542276042,103.09
08-22,1787378700,1923.1707640000002,175.6540326,0.36169464117633726,0.0
08-22,1787379300,147.437357,-32.67906166,,0.0
08-22,1787379900,247.615657,-58.356869419999995,,0.0
08-22,1787380200,18.845298999999997,-0.5653589699999999,,0.0
08-22,1787380800,548.0627129999999,56.29656184999996,0.794571694329262,0.0
08-22,1787381100,886.6263190000001,-99.57164242,,0.0
08-22,1787381400,2275.678314,-237.59528164999995,0.8572854012574536,0.0
08-22,1787381700,836.923821,-73.99693412,,0.0
08-22,1787382000,477.60890800000004,-49.2080086,1.0905269684517367,0.0
08-22,1787382300,233.190094,-83.72269664000001,,0.0
08-22,1787383500,304.54303000000004,-55.98733626000002,,0.0
08-22,1787383800,721.2452780000001,-253.86798346999998,,0.0
08-22,1787384100,126.89743100000001,-27.91743482,,0.0
08-22,1787384400,1003.53855,185.36889613000002,0.4690150336710523,13.0
08-22,1787385000,17.5104,-0.3502080000000003,,0.0
08-22,1787385300,300.0,93.00000000000003,,0.0
08-22,1787385600,300.0,93.00000000000003,,0.0
08-22,1787385900,145.975812,-23.24192962,,0.0
08-22,1787386200,42.32183,-5.5018379,,0.0
08-22,1787386500,300.0,156.0,,0.0
08-22,1787387400,8.895554,0.8005998600000002,,0.0
08-22,1787388000,943.7495819999999,11.389927360000001,0.9744966706244227,161.93
08-22,1787388300,12.95,6.993,,0.0
08-22,1787388600,457.40542,-33.57395695,,0.0
08-22,1787388900,1966.9191569999998,80.47023644000001,0.6103798203754924,300.0
08-22,1787389200,501.800473,194.58599845000003,,0.0
08-22,1787390100,123.779391,-42.08499294000001,,0.0
08-22,1787390700,300.0,42.0,,0.0
08-22,1787391000,1200.0,-298.54560000000004,1.495,300.0
08-22,1787391900,785.39,211.29531999999995,,185.39
08-22,1787392200,1596.990123,-239.90792583000007,1.0389207300540098,0.0
08-22,1787392500,500.21384600000005,-166.23150888,,0.0
08-22,1787392800,473.328,-263.33040000000005,,0.0
08-22,1787393400,300.0,213.0,,0.0
08-22,1787393700,496.909087,-49.05074829,1.044864864864865,222.0
08-22,1787394000,1487.6248819999998,-22.600641400000086,1.0965014419846064,299.99
08-22,1787394300,300.436428,-130.67753124,,0.0
08-22,1787394600,902.476911,174.66307801,0.7174820668669366,0.0
08-22,1787394900,300.02281700000003,77.54379912000002,,0.0
08-22,1787395200,166.15,28.24550000000002,,0.0
08-22,1787395500,300.0,-54.0,,0.0
08-22,1787395800,11.769036999999999,-1.88304592,,0.0
08-22,1787396100,683.316,25.17981999999995,1.2016478813003664,35.0
08-22,1787396400,300.0,45.0,,0.0
08-22,1787396700,460.507223,55.84419840999999,,0.0
08-22,1787397300,363.417141,88.19599935000002,,0.0
08-22,1787397600,206.47178799999998,-67.72779852000001,,0.0
08-22,1787397900,599.967169,-191.99540936,,0.0
08-22,1787398800,69.0,58.2,,0.0
08-22,1787399100,454.685157,-89.94360180999999,,0.0
08-22,1787399700,380.19389900000004,-33.534380819999996,0.9177927252257367,95.91
08-22,1787400000,882.8602679999999,196.19978123999994,0.71,0.0
08-22,1787400600,82.85,69.594,,0.0
08-22,1787400900,344.765812,136.24929916,,0.0
08-22,1787401800,97.88391999999999,-2.9383207999999996,1.06,0.0
08-22,1787402400,136.01022199999997,34.14271671999998,0.7500000000000001,0.0
08-22,1787402700,161.903331,53.23690760999999,0.5735294996190619,0.0
08-22,1787403000,34.458,5.168700000000001,,0.0
08-22,1787403600,300.0,51.0,,0.0
08-22,1787405700,650.7243629999999,312.79892142,0.11251530985791995,0.0
08-22,1787406000,206.222752,-77.15847516000001,,0.0
08-22,1787406900,600.0,7.959600000000023,0.96,300.0
08-22,1787408100,300.0,72.0,,0.0
08-22,1787408400,600.0,74.7921,0.75,300.0
08-22,1787409000,399.98034800000005,53.11460035999997,0.7200000000000002,199.99
08-22,1787409300,1255.266604,97.33379911999998,0.7710947317597125,0.0
08-22,1787409600,137.51,78.38069999999999,,0.0
08-22,1787409900,151.84999999999997,-39.75246,0.9299372056514913,31.83
08-22,1787410200,265.71992,-26.98075525999998,0.486005075200527,0.0
08-22,1787410500,549.732399,-178.43350265000004,,0.0
08-22,1787410800,300.0,24.0,,0.0
08-22,1787411100,521.667893,276.23379934,,0.0
08-22,1787411400,323.619431,171.89886743,0.86,0.0
08-22,1787411700,173.35879500000001,15.591180750000007,0.8299999999999998,0.0
08-22,1787412300,204.21044999999998,168.58272649999998,,0.0
08-22,1787413200,200.0,80.0,,0.0
08-22,1787413800,389.339994,114.23399789999996,,0.0
08-22,1787414100,28.233330000000002,-4.473333,,0.0
08-22,1787414400,191.50942899999998,-90.00943163000001,,0.0
08-22,1787415900,600.0,182.00000000000003,0.8749999999999998,0.0
08-22,1787416200,200.0,76.0,,0.0
08-22,1787416500,64.8,-0.7503999999999991,1.0231604938271606,0.0
08-22,1787417100,277.43875,43.832100000000025,,0.0
08-22,1787417400,0.852257,-0.32385766000000005,,0.0
08-22,1787417700,375.854563,-163.61236696999998,,0.0
08-22,1787418000,405.11286099999995,181.99278938999993,,0.0
08-22,1787418300,1099.889475,356.52255715999985,0.8666554839915227,352.5
08-22,1787418600,561.8298449999999,-88.67888927999998,,0.0
08-22,1787418900,400.0,-96.0,,0.0
08-22,1787419200,326.76,190.05599999999998,,0.0
08-22,1787420100,481.704227,-87.37608053,,0.0
08-22,1787420400,243.802785,-38.34918989999999,,0.0
08-22,1787421000,84.601389,11.369435369999998,0.7291484884636598,0.0
08-22,1787421300,200.0,-100.0,,0.0
08-22,1787421600,60.373132999999996,-19.92313389,,0.0
08-22,1787421900,254.74851700000002,-187.92161741,,0.0
08-22,1787422500,140.09,-38.586,1.09,0.0
08-22,1787422800,131.903223,-50.12322474,,0.0
08-22,1787423100,510.798206,-253.93371064000002,,0.0
08-22,1787423700,156.440713,-46.932213899999994,,0.0
08-22,1787424000,700.0,-40.0,1.254,0.0
08-22,1787424300,200.0,85.99999999999999,,0.0
08-22,1787424600,381.03189999999995,108.58649859999997,,0.0
08-22,1787424900,129.78812499999998,41.53219999999999,,0.0
08-22,1787425200,212.348881,57.994998580000015,,0.0
08-22,1787425500,200.0,42.0,,0.0
08-22,1787426100,400.0,-224.0,,0.0
08-22,1787426700,400.0,-48.0,1.24,0.0
08-22,1787427000,128.504778,29.55609894,,0.0
08-22,1787427300,842.296361,381.13333884,,200.0
08-22,1787427600,200.0,-106.0,,0.0
08-22,1787427900,91.315788,17.34999972,,0.0
08-22,1787428200,513.861476,179.48519704,,0.0
08-22,1787428500,210.07246,-59.122462600000006,,0.0
08-22,1787429100,178.755471,-12.51288296999999,,0.0
08-22,1787429400,299.72,24.401380000000017,1.53237653085728,49.86
08-22,1787429700,130.96342299999998,41.47099942999998,,0.0
08-22,1787430000,365.59666500000003,110.53529965000001,,0.0
08-22,1787430300,231.327718,-72.96355727999999,,0.0
08-22,1787430600,49.84,8.957999999999998,1.2450972947318464,0.0
08-22,1787430900,105.488072,-23.80737584,,0.0
08-22,1787431200,300.0,62.99999999999997,,0.0
08-22,1787431500,320.46195,62.66211200000001,0.6866015000000001,200.0
08-22,1787431800,327.574008,90.57662198000003,0.7195775620181285,0.0
08-22,1787432100,272.14,14.095399999999984,1.0809650709051108,0.0
08-22,1787432400,173.72,42.71379999999999,,0.0
08-22,1787433300,300.0,33.0,,0.0
08-22,1787433600,783.360356,-190.34533631999983,1.472516325946113,391.68
08-22,1787433900,262.71,-168.4417,,0.0
08-22,1787434200,300.0,18.0,,0.0
08-22,1787434800,447.99487700000003,147.79549692000006,,0.0
08-22,1787435100,426.544284,63.42619976000003,,0.0
08-22,1787435700,449.31024600000006,121.74168727,0.6240243395765501,0.0
08-22,1787436000,1199.997186,-224.5251804799999,1.3662735340846714,300.00000000000006
08-22,1787436300,1081.153525,174.8950986499999,,0.0
08-22,1787436600,433.6401900000001,115.68779790000008,,0.0
08-22,1787436900,92.4,-58.212,,0.0
08-22,1787437200,307.272726,43.77727343999999,1.4206250036093757,0.0
08-22,1787437500,428.86607499999997,-331.38077774999994,,0.0
08-22,1787437800,488.48420899999996,158.31059942000002,,0.0
08-22,1787438400,45.0,19.799999999999997,,0.0
08-22,1787439000,200.0,16.0,,0.0
08-22,1787439300,200.0,8.0,,0.0
08-22,1787439600,72.45394999999999,31.155198499999997,,0.0
08-22,1787439900,300.0,150.0,,0.0
08-22,1787440200,513.75,115.83749999999998,,0.0
08-22,1787441400,357.452473,171.92009871999997,,0.0
08-22,1787441700,173.538692,-93.16089368000002,,0.0
08-22,1787442300,54.598979,-8.197392230000002,1.2999999999999998,0.0
08-22,1787442600,200.0,51.26964000000007,,200.0
08-22,1787442900,362.3754589999999,-83.49889344000002,1.3021905835176197,0.0
08-23,1787443200,317.48,-39.67214000000001,1.3511636045494313,134.54
08-23,1787443500,265.432026,-136.33280540000004,1.2929096716905608,0.0
08-23,1787443800,231.505,-40.82535,1.0355403485020802,7.09
08-23,1787444100,375.97611099999995,-45.60557023000001,1.2313261258207695,126.58999999999999
08-23,1787444700,300.0,45.0,,0.0
08-23,1787445000,268.445708,94.78959824000003,,0.0
08-23,1787445300,726.7894530000001,32.69806059999996,0.853832190153724,115.01
08-23,1787445600,396.8171499999999,101.25112020000003,1.15,0.0
08-23,1787445900,709.616197,-576.40419793,,0.0
08-23,1787446200,866.0765759999999,260.9361976099999,,0.0
08-23,1787446500,1042.502459,51.50174017000006,1.1613764668916482,0.0
08-23,1787446800,843.825788,157.66859971999997,,0.0
08-23,1787447100,180.58333199999998,-128.3087424,,129.28
08-23,1787447700,190.854826,-135.50692646,,0.0
08-23,1787448000,129.92723999999998,22.450499599999993,0.6918306102071909,0.0
08-23,1787448300,696.2057130000001,97.46879982000007,,0.0
08-23,1787448600,211.022701,-176.94430163,,0.0
08-23,1787448900,200.0,34.0,,0.0
08-23,1787449500,734.811063,80.41999750999992,,0.0
08-23,1787449800,200.0,-160.76893,,200.0
08-23,1787450100,726.75,103.34999999999991,,0.0
08-23,1787450400,399.990587,-64.51224742000005,1.31,160.32999999999998
08-23,1787450700,921.651372,171.35139858000002,,0.0
08-23,1787451000,842.12,221.0756,,0.0
08-23,1787451300,305.139496,195.77999879000004,,0.0
08-23,1787451600,532.8088889999999,97.00839846999992,,0.0
08-23,1787451900,785.822856,127.44819984000003,,0.0
08-23,1787452200,200.0,22.0,,0.0
08-23,1787452500,400.0,-40.41604000000001,1.185087,200.0
08-23,1787452800,993.211185,-140.52756995000004,0.9732820597302387,249.60000000000002
08-23,1787453400,730.4261779999999,49.720618179999974,0.8737758356339007,0.0
08-23,1787453700,446.684054,-114.65205674000002,,0.0
08-23,1787454000,140.02692100000002,76.92449633000001,,0.0
08-23,1787454300,200.0,85.99999999999999,,0.0
08-23,1787454600,480.973756,-224.6235695,,0.0
08-23,1787455200,200.0,28.0,,0.0
08-23,1787455500,244.747181,68.66921009,0.43140422023219377,0.0
08-23,1787455800,841.806287,282.76068482000005,,125.42
08-23,1787456100,600.0,180.0,,0.0
08-23,1787456400,536.978055,132.79969915000004,,0.0
08-23,1787456700,340.18562499999996,58.42969999999997,,0.0
08-23,1787457000,18.85111,8.482999499999998,,0.0
08-23,1787457300,805.0,323.65,,0.0
08-23,1787457600,503.709058,87.69705502000002,0.6656028506525102,0.0
08-23,1787457900,542.14,79.21141,0.829241025179046,98.12
08-23,1787458200,429.332899,-106.11870435999998,,0.0
08-23,1787458500,28.975,-8.113000000000001,,0.0
08-23,1787458800,575.336514,-403.7160203600001,1.2165051168259091,0.0
08-23,1787459100,238.12714,19.148599200000007,,0.0
08-23,1787459400,117.56787399999999,25.393297619999984,,0.0
08-23,1787459700,9.474617,-0.8246359600000002,,0.0
08-23,1787460000,67.07600000000001,3.3538000000000068,,0.0
08-23,1787460300,166.068273,66.59309834,,81.84
08-23,1787460900,1200.0,147.0,0.755,0.0
08-23,1787461200,300.0,125.99999999999997,,0.0
08-23,1787461800,602.170211,172.14028916999996,,310.0
08-23,1787462100,1548.3613480000001,336.4580878600002,,600.0
08-23,1787462400,300.0,81.0,,0.0
08-23,1787462700,459.013332,120.10159960000004,,0.0
08-23,1787463000,262.339658,-19.67401430999996,1.2553586713106646,96.0
08-23,1787463600,63.911423,-41.54242495,,0.0
08-23,1787463900,62.80218,30.833199,,0.0
08-23,1787464200,295.6,76.856,,0.0
08-23,1787464500,176.04366,-8.802183,,0.0
08-23,1787464800,194.731425,34.63599875,,0.0
08-23,1787465400,531.813564,-18.819770920000053,1.2093581962460027,213.47000000000003
08-23,1787466000,29.266613,8.821899129999998,,0.0
08-23,1787466600,600.0,135.0,,0.0
08-23,1787466900,252.082856,-32.36869672000003,1.2496731196445574,121.03999999999999
08-23,1787467200,44.06164,-11.8966428,,0.0
08-23,1787468400,1917.71,-123.25912000000017,1.3634684466693654,686.56
08-23,1787468700,110.383213,19.83619990999999,,0.0
08-23,1787469000,250.0,71.5,,0.0
08-23,1787469300,985.9637809999999,319.80659896999987,,0.0
08-23,1787469900,322.540325,-116.61092675,0.9803737291860865,0.0
08-23,1787470200,58.190908,18.152999640000004,,0.0
08-23,1787471400,190.457705,-32.64041575,,0.0
08-23,1787471700,300.0,64.59737999999999,,300.0
08-23,1787472000,194.682377,55.438298354287014,,0.0
08-23,1787472300,300.0,18.0,,0.0
08-23,1787472600,7.28793,2.1134997,,0.0
08-23,1787473500,278.86129800000003,-43.46221656000001,,0.0
08-23,1787474100,56.0,24.639999999999997,,0.0
08-23,1787474400,300.0,42.0,,0.0
08-23,1787474700,260.511741,-193.64794219000004,,0.0
08-23,1787475000,748.4557199999999,263.0978989999999,0.7558364311282597,0.0
08-23,1787475300,255.93894,-23.59096385,,0.0
08-23,1787475600,832.266362,2.512237280000022,1.3534690598738828,0.0
08-23,1787475900,399.965736,32.57464399999995,0.8371350020051321,0.0
08-23,1787476200,12.555788,-5.3989888399999995,,0.0
08-23,1787476500,600.291665,-348.17500025000004,1.521211056453502,0.0
08-23,1787476800,21.148147,-4.01814793,,0.0
08-23,1787477400,225.741175,32.98599975000002,,0.0
08-23,1787477700,137.79754,-12.475602799999994,,0.0
08-23,1787478000,123.771445,43.24699841,,0.0
08-23,1787478300,86.880802,-33.01470476,,0.0
08-23,1787478600,15.982556,-1.1187789200000002,,0.0
08-23,1787478900,652.799258,-269.04986343999997,,0.0
08-23,1787479200,1000.0,140.0,1.3199999999999998,0.0
08-23,1787480100,536.741051,126.09399968999998,,0.0
08-23,1787480400,200.0,32.0,,0.0
08-23,1787480700,341.26585,-199.45210149999997,,82.27
08-23,1787481300,704.6800000000001,-70.38730999999996,1.182970993926321,352.34000000000003
08-23,1787481600,266.96125,85.42759999999998,,0.0
08-23,1787481900,300.0,189.0,,0.0
08-23,1787482200,946.528588,71.92650416000001,0.5258649825350106,5.0
08-23,1787482500,469.371388,-129.15092465,,0.0
08-23,1787482800,376.07843,-228.2784307,,0.0
08-23,1787483100,200.0,58.0,,0.0
08-23,1787483400,79.46615,19.470897999999995,0.5100000000000001,0.0
08-23,1787483700,436.76754200000005,173.71407962000006,,0.0
08-23,1787484000,637.019721,105.50404364999997,0.8622534297420349,0.0
08-23,1787484300,74.82428,-41.7247824,,0.0
08-23,1787484600,281.562579,70.24359949000001,,0.0
08-23,1787484900,124.55621500000001,46.08579955000002,,0.0
08-23,1787485200,47.283332,-21.087332640000003,,0.0
08-23,1787486700,400.0,22.0,0.89,0.0
08-23,1787487000,90.55,19.015500000000003,,0.0
08-23,1787487300,315.735872,-93.95437263999997,1.0474496739087955,0.0
08-23,1787487600,10.485152,-1.1533667199999997,,0.0
08-23,1787487900,12.325881,2.09539977,,0.0
08-23,1787488500,679.544513,81.49914896000004,0.6530641305276159,0.0
08-23,1787489100,26.108274,-17.67391454,,13.81
08-23,1787489400,991.317714,-222.61635653999997,1.4491315515847731,0.0
08-23,1787490000,355.430606,43.45852213999997,0.7260010148805998,22.94
08-23,1787490300,783.165249,128.51345909000005,0.598771762549068,149.66
08-23,1787490600,111.614284,7.8129998799999925,,0.0
08-23,1787490900,490.855725,-32.93274199999999,0.7830130513449696,99.46
08-23,1787491200,627.489997,-158.63779868,1.5056175307947495,0.0
08-23,1787491800,1509.2551839999999,-101.86345031999986,1.3041260321038775,823.45
08-23,1787492400,176.94352800000001,-24.49081848,1.2600000000000002,88.47
08-23,1787492700,733.146925,44.13965824000002,1.3105776046571278,199.99
08-23,1787493000,300.0,-96.0,,0.0
08-23,1787493600,246.78,77.40699999999998,,0.0
08-23,1787494500,715.8672,-22.899600000000078,1.482155920062559,0.0
08-23,1787494800,745.2274520000001,307.3632784300001,,300.0
08-23,1787495100,602.6384100000001,166.11088939999996,1.187231594195087,5.6
08-23,1787495400,332.432278,113.36778591000001,1.084623373775453,0.0
08-23,1787496000,600.0,33.0,,0.0
08-23,1787496300,179.12520800000001,-90.5213113,,0.0
08-23,1787496600,52.594134,10.901434829999992,1.11,0.0
08-23,1787496900,466.228274,114.20619946,,0.0
08-23,1787497200,1150.887487,-203.4684107500001,1.350143098263713,143.91
08-23,1787497500,630.792609,101.70955916999998,0.6571545206743117,0.0
08-23,1787497800,283.52,-114.01989999999999,,0.0
08-23,1787498100,44.9,2.693999999999999,0.88,0.0
08-23,1787498400,566.5,-121.75999999999999,1.39906191369606,0.0
08-23,1787498700,420.965421,-81.15034469,0.9576845877540474,0.0
08-23,1787499000,350.349582,-246.6723824,,0.0
08-23,1787499300,345.467103,56.89493365999999,0.8200000000000001,0.0
08-23,1787499900,600.0,132.0,,0.0
08-23,1787500200,412.823332,49.539399599999996,0.76,0.0
08-23,1787500500,464.368817,52.646568130000006,0.24215058960079372,0.0
08-23,1787500800,5.0,1.0999999999999996,,0.0
08-23,1787501400,17.332467,-11.427868219999999,,0.0
08-23,1787501700,280.11767,-27.54598973,,0.0
08-23,1787502000,298.18274,-40.412692379999996,0.7928481061045052,81.26
08-23,1787502300,420.88,75.5824,0.76,0.0
08-23,1787502600,272.2387,36.08121309999997,0.7346426171942684,15.0
08-23,1787502900,718.285974,-508.11507488999996,,0.0
08-23,1787503200,114.85857,-26.992200917140003,1.4700000142288063,0.0
08-23,1787503500,484.832064,-65.45169858999999,0.7379683907465436,0.0
08-23,1787503800,713.678634,-54.50464974,,0.0
08-23,1787504100,331.402857,33.312277129999984,0.6000372806065029,0.0
08-23,1787504400,244.0,-143.91,,0.0
08-23,1787504700,255.881777,-69.08807979000001,,0.0
08-23,1787505300,713.34,-214.7994,1.7609682101901583,0.0
08-23,1787505900,458.18,82.25100000000003,,0.0
08-23,1787506200,587.6579489999999,-477.69284948999996,1.6288256599179698,0.0
08-23,1787506800,489.329132,28.938836159999994,0.9379678871227631,0.0
08-23,1787507100,963.2484400000001,-443.39617353,,0.0
08-23,1787507700,68.0,-3.0600000000000023,1.0899999999999999,0.0
08-23,1787508000,456.39205000000004,-59.690282,,0.0
08-23,1787508300,1425.010425,357.10591438000006,0.5201038986471881,420.96000000000004
08-23,1787508600,138.017138,11.471399479999988,,0.0
08-23,1787508900,435.1230929999999,-67.38923631,,0.0
08-23,1787509200,138.66290700000002,-15.25291977,,0.0
08-23,1787509500,97.06176199999999,16.500499539999993,,0.0
08-23,1787509800,200.0,96.0,,0.0
08-23,1787510100,173.87763800000002,-3.2823936300000014,0.7745533806778794,0.0
08-23,1787510400,610.188873,-42.632219020000065,0.8887032635152089,0.0
08-23,1787510700,183.844147,-45.87295134,,0.0
08-23,1787511000,867.6003689999999,-77.32383157999999,0.8638031931261385,0.0
08-23,1787511300,383.354258,-83.85216941000002,,0.0
08-23,1787511600,533.644058,-10.717680920000078,1.0079926906955106,237.15
08-23,1787511900,200.0,21.588400000000007,,200.0
08-23,1787512200,40.722221000000005,4.29199989,,0.0
08-23,1787512500,70.09,43.4558,,0.0
08-23,1787512800,491.796189,9.243884840000021,1.0481256138441069,80.13
08-23,1787513100,176.761427,13.444099449999996,0.8478886625933469,0.0
08-23,1787513400,171.893005,-32.593247749999996,,0.0
08-23,1787513700,275.191182,-54.82838462000001,1.0754367569784145,0.0
08-23,1787514000,269.0,-63.03,1.23,0.0
08-23,1787514300,1245.665806,-202.21807244999997,0.9785326330332983,0.0
08-23,1787514600,112.190593,-16.09080081,,0.0
08-23,1787515200,595.314165,105.88839949999999,,0.0
08-23,1787515800,496.69574500000004,-19.037558599999954,1.0766643765088724,0.0
08-23,1787516100,136.506665,40.9519995,,0.0
08-23,1787517000,437.79351,-310.0618304,,58.09
08-23,1787517300,440.50765300000006,67.40210551000004,0.8087936560024203,0.0
08-23,1787517600,617.6672740000001,32.099800980000055,0.8450125569527475,0.0
08-23,1787517900,667.934939,96.08336385999996,0.7322201764936251,0.0
08-23,1787518200,517.20243,71.57143867999997,0.8408531942051269,17.33
08-23,1787518500,501.036004,-145.45940878000002,,0.0
08-23,1787518800,400.0,48.0,,0.0
08-23,1787519100,727.416239,251.03339961000006,1.3400242396739976,24.0
08-23,1787519400,894.047586,523.8694934499999,,0.0
08-23,1787519700,556.906189,208.6495993800001,,0.0
08-23,1787520000,1787.202937,-205.3724149999997,1.3311044065996205,601.43
08-23,1787520300,466.62907,12.96679850999999,0.9667782109147789,0.0
08-23,1787520600,1709.903729,-384.73704997,1.0904384243381908,352.58
08-23,1787520900,433.18548599999997,46.649399121819954,,0.0
08-23,1787521200,662.9391650000001,222.5233995000001,,0.0
08-23,1787521500,385.906295,90.59149965,,0.0
08-23,1787522100,562.165107,98.22229617000005,,0.0
08-23,1787522400,2019.5020550000002,-229.48293395999963,1.389134380650523,765.66
08-23,1787522700,322.022854,37.50679889999998,1.25982399537717,62.94
08-23,1787523000,565.409375,-98.53449999999998,1.31,0.0
08-23,1787523300,848.375235,-215.5039307699999,1.2960506983926319,300.0
08-23,1787524200,20.0,5.4,,0.0
08-23,1787524800,107.434775,-8.594782,,0.0
08-23,1787525100,156.10902900000002,-18.733083479999998,,0.0
08-23,1787525700,200.0,10.0,,0.0
08-23,1787526000,89.482757,51.89999906,,0.0
08-23,1787526300,364.338305,-84.8621419,,0.0
08-23,1787526600,300.0,-21.000000000000004,,0.0
08-23,1787527200,40.216212,14.879998439999998,,0.0
08-23,1787527800,691.790217,127.96439888999998,,0.0
08-23,1787528400,31.0,13.019999999999996,,0.0
08-23,1787529000,578.077986,193.98475772,0.3241931849496611,130.97
08-23,1787529300,315.9925,99.81759999999997,,0.0
08-24,1787529600,55.208694,-13.191194759999998,1.4777717391304348,0.0
08-24,1787529900,621.865,-387.1074,,0.0
08-24,1787530200,335.02,-16.1118,,0.0
08-24,1787530500,83.738887,13.335999659999999,,0.0
08-24,1787531100,67.4,12.131999999999998,,0.0
08-24,1787531400,301.47,-197.89709999999997,1.5899999999999999,0.0
08-24,1787531700,300.0,-255.0,,0.0
08-24,1787532000,5.0,2.25,,0.0
08-24,1787532300,1211.762351,-192.84445032999997,1.3113172117074239,351.6
08-24,1787533200,914.735989,155.21389899999997,0.800165496078086,0.0
08-24,1787533500,115.74000000000001,18.762019999999993,1.11997995991984,9.98
08-24,1787533800,971.978309,304.52172328000006,0.3692312081958232,0.0
08-24,1787534100,316.691763,20.837599710000006,,0.0
08-24,1787534700,150.14235100000002,57.733999340000004,0.5880653113934464,0.0
08-24,1787535000,433.090898,-262.92066666,1.565005187411386,0.0
08-24,1787535300,7.84,2.1952,,0.0
08-24,1787535600,388.280369,92.84899925999997,,300.0
08-24,1787535900,410.86459900000006,236.86299311000005,,0.0
08-24,1787536200,180.463845,-9.702045900000002,0.8400000000000001,0.0
08-24,1787536800,551.2427389999999,-87.63611768999996,0.8345129102534514,0.0
08-24,1787537100,20.8,7.4879999999999995,,0.0
08-24,1787537700,257.65125,57.367999999999995,,0.0
08-24,1787538300,289.56,-196.9008,,0.0
08-24,1787538900,89.75,-32.31,,0.0
08-24,1787539500,300.0,-63.0,,0.0
08-24,1787540100,108.4,-12.218,,0.0
08-24,1787541600,177.19,-130.2368,,0.0
08-24,1787542500,32.39,6.477999999999998,,0.0
08-24,1787542800,177.189443,31.89409974,,0.0
08-24,1787543100,65.386151,-22.885152849999997,,0.0
08-24,1787544600,15.0,6.6,,0.0
08-24,1787545500,218.211408,-116.49966738,0.9600000000000001,0.0
08-24,1787545800,100.0,-19.0,,0.0
08-24,1787546400,684.7947839999999,-128.570696,,0.0
08-24,1787546700,343.18514600000003,-36.012461810000005,,0.0
08-24,1787547300,465.924566,-26.11480308,1.254330841028743,0.0
08-24,1787547900,25.046659000000002,-10.770063370000003,,0.0
08-24,1787548800,105.152176,-13.66978288,,0.0
08-24,1787549100,10.0,7.9,,0.0
08-24,1787549700,18.88,-0.9440000000000008,,0.0
08-24,1787551800,73.139045,42.76879835,0.68,0.0
08-24,1787552100,72.76011700000001,-13.47721989,,0.0
08-24,1787552400,840.392993,202.30373429,0.2659582904927333,0.0
08-24,1787552700,140.332045,-37.66054974000001,,0.0
08-24,1787553300,24.3175,-0.9727,,0.0
08-24,1787553600,958.5451860000001,-263.66375891000007,0.5786694596902555,0.0
08-24,1787553900,600.0,-57.0,1.19,0.0
08-24,1787554800,234.944229,65.08549954,,0.0
08-24,1787555100,62.863332,19.59999959999999,,0.0
08-24,1787556000,95.95894999999999,69.28839149999999,0.3800000000000001,0.0
08-24,1787556300,30.714284,4.299999759999999,,0.0
08-24,1787557500,55.448094,-32.15989452,,0.0
08-24,1787558400,485.156665,-6.84530024999998,1.498866123894552,0.0
08-24,1787559300,64.2375,5.138999999999996,,0.0
08-24,1787559600,350.9,126.32399999999998,,0.0
08-24,1787559900,712.017819,190.02899838000008,,0.0
08-24,1787560800,675.66,350.7756,0.7283606557377049,0.0
08-24,1787562300,200.0,62.0,,0.0
08-24,1787562600,372.22326599999997,-60.19440168,1.2414539618590208,0.0
08-24,1787562900,873.754109,180.79029420999996,0.5846365659591191,65.0
08-24,1787563200,1344.806853,-493.24566337999994,,50.06
08-24,1787563800,235.0,55.44999999999999,,0.0
08-24,1787564100,45.4275,16.3539,,0.0
08-24,1787564400,420.650768,57.09779984000005,,0.0
08-24,1787565000,36.04,18.442800000000002,,0.0
08-24,1787565300,300.0,-153.0,,0.0
08-24,1787565900,2.0,0.74,,0.0
08-24,1787566500,1189.307,454.08041999999995,0.9146058746163963,300.0
08-24,1787566800,600.0,69.30000000000001,0.769,0.0
08-24,1787567400,600.0,228.0,,0.0
08-24,1787567700,600.0,24.0,0.9199999999999999,0.0
08-24,1787568000,300.0,21.0,,0.0
08-24,1787568600,360.0,7.800000000000011,1.4672727272727273,0.0
08-24,1787568900,1129.2776920000001,27.870911370000044,1.0141740455063883,600.0
08-24,1787569200,311.39,28.686800000000062,,0.0
08-24,1787569800,66.827141,9.355799740000002,,0.0
08-24,1787570100,328.13181299999997,-291.26051357,,0.0
08-24,1787570400,899.999628,-46.67600043999994,1.3777931962984482,0.0
08-24,1787571300,600.0,107.0625,,300.0
08-24,1787571900,937.801107,-335.59161797,1.617236091032572,468.76
08-24,1787572200,300.0,36.0,,0.0
08-24,1787572800,77.509997,11.341199579999994,,0.0
08-24,1787573100,246.659997,23.09259967,,0.0
08-24,1787573400,940.0,-196.39999999999998,1.6509475806451612,0.0
08-24,1787574000,45.92,3.6736000000000004,,0.0
08-24,1787574300,152.080369,41.06169963000001,,0.0
08-24,1787574600,866.481614,215.77619957368597,0.7888049806061823,0.0
08-24,1787574900,578.8866579999999,169.33079751999986,,0.0
08-24,1787575200,342.194597,60.46999883000001,,0.0
08-24,1787575500,269.128785,81.91249904999998,,0.0
08-24,1787575800,432.573489,106.41459927,,0.0
08-24,1787576100,382.30734599999994,82.34639845999993,,0.0
08-24,1787576700,268.061915,84.40089864000001,,0.0
08-24,1787577000,383.44093599999997,88.10029951999996,,0.0
08-24,1787577300,592.864173,85.90743813000006,1.204644680711321,6.83
08-24,1787577600,248.666665,22.37999984999999,,0.0
08-24,1787577900,3.076922,1.19999958,,0.0
08-24,1787578800,287.498786,94.87459938,,0.0
08-24,1787579100,519.33,-115.8144,1.3,0.0
08-24,1787579400,513.0888669999999,91.58453923000002,0.8698380120889506,85.44
08-24,1787579700,10.583554,4.762599299999999,,0.0
08-24,1787580900,441.6920800000001,-81.67268988000002,,0.0
08-24,1787581200,4324.467425999999,-387.8820755200004,1.5582609162154917,1821.7600000000002
08-24,1787581500,1751.1754,247.33219930000018,,0.0
08-24,1787581800,1199.997141,89.99979987000006,,0.0
08-24,1787582100,387.864425,0.09198424999999588,1.0935881748760774,147.51
08-24,1787582400,141.452592,-18.070442860000014,1.2639780297574599,0.0
08-24,1787582700,305.11111,-138.511111,,0.0
08-24,1787583300,1642.900552,153.30729968000014,1.2579036095609015,0.0
08-24,1787583900,318.337195,-45.164406799999995,,0.0
08-24,1787584200,366.59756,-26.3427619,,300.0
08-24,1787584500,427.082916,-52.44311900000001,0.6250343136506965,85.49
08-24,1787584800,558.26944,58.745870070000024,0.9146113574425117,78.42
08-24,1787585100,341.27761499999997,38.420037070000035,0.6121768079527287,108.22999999999999
08-24,1787585400,431.771716,158.39770852000004,0.5135700946490849,0.0
08-24,1787586000,599.993172,124.58353729999999,0.5830970512222191,36.36
08-24,1787586300,600.0,-120.06748999999996,1.3999999999999997,25.11
08-24,1787586600,31.225383,10.120630210000002,0.33999999999999997,15.61
08-24,1787586900,357.497923,58.44559939000004,,0.0
08-24,1787587200,433.2602959999999,88.67459925999992,,0.0
08-24,1787587500,10.2,0.7139999999999986,,0.0
08-24,1787587800,348.33190300000007,-229.72190573999998,,0.0
08-24,1787588100,662.474906,189.54889876000004,,0.0
08-24,1787588400,158.247393,-49.49938776999999,1.1897130723745988,23.16
08-24,1787588700,30.714284,4.299999759999999,,0.0
08-24,1787589000,899.994735,212.99899964999997,,0.0
08-24,1787589300,395.60761199999996,-319.5668133600001,,0.0
08-24,1787589600,300.0,24.0,,0.0
08-24,1787589900,36.71,9.9117,,0.0
08-24,1787590500,442.857141,-311.85714165,,0.0
08-24,1787590800,605.6700000000001,117.73710000000005,,0.0
08-24,1787591400,225.57253599999999,-89.67580088,0.83,0.0
08-24,1787591700,412.51846,24.5167998,1.5534810569593285,0.0
08-24,1787592000,117.67733199999999,18.00579979999999,,0.0
08-24,1787592300,599.984783,23.775478309999926,0.9190573496189638,86.72
08-24,1787592600,195.316665,-19.33680084999999,1.140924263127074,0.0
08-24,1787593500,167.279258,-122.11385834,,0.0
08-24,1787593800,599.9816020000001,-350.98970372,,0.0
08-24,1787595300,174.766226,-40.19623197999999,,0.0
08-24,1787595600,300.0,153.0,,0.0
08-24,1787595900,300.0,85.59,,300.0
08-24,1787596200,417.85322300000007,-300.31872387,,0.0
08-24,1787598300,165.66854800000002,114.31129812000002,,0.0
08-24,1787598600,715.12,42.08930000000004,0.8817060073833763,300.0
08-24,1787598900,300.0,30.0,,0.0
08-24,1787599200,600.0,67.8546,0.76,600.0
08-24,1787599500,300.0,-78.0,,0.0
08-24,1787600100,20.15714,-6.047142000000001,,0.0
08-24,1787600400,105.614284,7.392999880000005,,0.0
08-24,1787601300,151.0,-54.36,,0.0
08-24,1787601600,1.3885,-0.18050500000000003,,0.0
08-24,1787602200,18.179309,-12.907309389999998,,0.0
08-24,1787605500,380.0,234.0,,0.0
08-24,1787605800,61.999975,-2.4799990000000025,,0.0
08-24,1787606700,300.0,-3.0,,0.0
08-24,1787607900,599.961601,12.739183019999984,0.9575206048303905,0.0
08-24,1787608500,3.861833,-0.1158549900000001,,0.0
08-24,1787609100,80.22999300000001,-6.821098320000004,1.1700000000000002,0.0
08-24,1787609400,9.53,4.193199999999999,,0.0
08-24,1787609700,217.009229,28.211199770000007,,0.0
08-24,1787610300,114.4,50.336,,0.0
08-24,1787610600,10.0,-3.5999999999999996,,0.0
08-24,1787611200,300.0,15.0,,0.0
08-24,1787611500,481.373016,-33.95867572000003,0.4642718666654582,0.0
08-24,1787611800,300.0,-78.0,,0.0
08-24,1787612400,1104.9617719999999,372.62698313999977,1.0692774332867516,0.0
08-24,1787613600,160.714284,22.49999975999998,,0.0
08-24,1787613900,146.50696200000002,12.606873040000002,0.26306498526310546,0.0
08-24,1787615100,138.66,5.857399999999998,0.6116589051019353,0.0
08-24,1787615700,764.5630749999999,70.53900299999998,0.5143638724282503,232.28
08-25,1787616300,365.62111000000004,47.01538900000001,0.7117214887685439,0.0
08-25,1787616900,37.22,2.605400000000003,,0.0
08-25,1787617500,217.68679099999997,-33.73020176999998,1.2999999999999998,108.84
08-25,1787617800,860.448568,123.41569911999994,0.7558391035469718,300.0
08-25,1787618100,70.584997,12.705299460000006,,0.0
08-25,1787618400,8.0,4.24,,0.0
08-25,1787618700,288.690475,121.2499995,,0.0
08-25,1787619000,201.862066,58.53999914000002,,0.0
08-25,1787619300,2054.5049280000003,314.58632618999945,1.1262845435511393,229.0
08-25,1787619600,656.5175,1.5220999999999094,1.027438572871087,0.0
08-25,1787619900,1815.138466,-17.782698390000178,1.1146694297297475,446.85
08-25,1787620200,957.3066809999999,73.44239906999991,0.8458727618595594,478.65
08-25,1787620500,217.686665,-191.60136520000003,,5.02
08-25,1787620800,1251.613119,-103.7802020500003,1.7012358956679565,0.0
08-25,1787621700,180.718822,-35.372070519999994,1.38883211115789,71.3
08-25,1787622000,10.0,-1.6,,0.0
08-25,1787622300,656.028618,-27.785620619999946,0.9441091419889767,0.0
08-25,1787623200,178.07,-65.67320000000001,1.535991565049968,0.0
08-25,1787624400,1398.707272,53.703803090000065,0.9173073794492375,236.64
08-25,1787624700,600.0,105.0,,0.0
08-25,1787625000,452.740805,96.93839955000004,,0.0
08-25,1787625300,132.833329,47.81999843999998,,0.0
08-25,1787625600,490.68642300000005,-148.03166341000002,,0.0
08-25,1787625900,278.17114300000003,77.70549827000008,,0.0
08-25,1787626200,300.0,45.0,,0.0
08-25,1787627400,254.24124999999998,22.66089999999997,,0.0
08-25,1787627700,31.105554,7.13949916,0.7062162265244711,0.0
08-25,1787628300,90.0,-11.700000000000003,1.2600000000000002,0.0
08-25,1787628600,300.0,12.0,,0.0
08-25,1787629200,205.790587,-65.85298784,,0.0
08-25,1787629500,440.85,57.481010000000026,,238.85
08-25,1787630400,56.289307,15.999999813000002,,0.0
08-25,1787630700,2519.9357219999997,-55.44698861000006,1.0532252020741733,887.8199999999999
08-25,1787631000,17.333332,1.5599998799999995,,0.0
08-25,1787631600,2975.791233,-735.4008236500001,1.3269087963521802,452.87
08-25,1787631900,13.94135,-1.140301,0.43,0.0
08-25,1787632200,545.283585,-129.69158685000002,,0.0
08-25,1787632800,207.77523100000002,-39.034185230000006,0.7246737513406005,0.0
08-25,1787633400,202.076791,107.03829922999999,,0.0
08-25,1787633700,73.675185,-5.894014799999997,,0.0
08-25,1787634000,600.0,99.0,0.67,0.0
08-25,1787634300,969.7086650000001,-94.51342615000004,1.0467975354685035,394.56
08-25,1787634600,1648.6385989999999,-82.99926859999982,1.0460480050440344,220.13
08-25,1787635200,100.0,42.99999999999999,,0.0
08-25,1787635500,138.2847,-32.098102589999996,,0.0
08-25,1787637000,139.299543,-74.55634408,,0.0
08-25,1787637600,24.8,4.959999999999997,,0.0
08-25,1787637900,103.477943,52.870996569999996,,0.0
08-25,1787638200,99.98947100000001,56.99399847000001,,0.0
08-25,1787639400,224.597901,-42.31920554,,100.0
08-25,1787640300,100.0,-51.0,,0.0
08-25,1787641200,100.0,-34.0,,0.0
08-25,1787642100,33.914964,-13.00586826,,0.0
08-25,1787642400,100.0,24.0,,0.0
08-25,1787643000,99.998063,-37.999263940000006,,0.0
08-25,1787643300,25.0,-15.0,,0.0
08-25,1787649900,195.697659,-62.90306968,,0.0
08-25,1787650200,51.458439,-11.534440969999999,,0.0
08-25,1787650500,207.963635,-90.88273575,,0.0
08-25,1787650800,100.0,55.00000000000001,,0.0
08-25,1787651100,165.5675,-75.66349999999998,,0.0
08-25,1787651400,143.057974,-29.9679915,,0.0
08-25,1787652900,100.0,-41.68000000000001,,100.0
08-25,1787654400,155.249995,-42.9125688,,100.0
08-25,1787654700,281.391375,-64.7721288,,200.0
08-25,1787661000,657.914241,-43.79383046999999,1.4795036983292942,8.51
08-25,1787661300,1061.854378,235.68970823999996,0.9595939490900947,300.0
08-25,1787661600,721.299841,198.26139933000007,1.2017420964902414,0.0
08-25,1787662200,325.541734,10.085297639999965,1.5528497025245893,0.0
08-25,1787662500,210.954743,-7.86229462999998,1.0580716737086528,100.38999999999999
08-25,1787662800,307.62318500000003,41.0599995,,0.0
08-25,1787663100,197.723631,-29.717124540000015,1.3,21.54
08-25,1787663400,906.616992,50.20944551999992,0.974328089739128,0.0
08-25,1787663700,300.0,81.0,,0.0
08-25,1787664000,485.0,202.2,,0.0
08-25,1787664600,194.677248,58.43796924999998,1.051578880531459,0.0
08-25,1787664900,600.229964,202.40509888000003,,0.0
08-25,1787665200,599.9675,65.99800000000005,0.7799999999999999,0.0
08-25,1787665500,1163.814036,-106.67470803999993,0.9900529375145017,165.28
08-25,1787665800,946.527971,73.58943923999993,0.8438150813928628,473.26
08-25,1787666100,348.86594299999996,47.158690879999995,0.8001365116646859,10.0
08-25,1787666400,263.127296,103.04749952,,0.0
08-25,1787666700,356.976386,110.51149895999998,,0.0
08-25,1787667000,25.460479000000003,-3.459503930000001,,0.0
08-25,1787667300,342.698179,-147.12818024,,0.0
08-25,1787667600,111.785293,-25.04029981,,0.0
08-25,1787667900,67.473499,-6.072614909999998,,0.0
08-25,1787668200,994.137108,72.55766245999985,1.1240579939140551,0.0
08-25,1787668500,1043.5364140000001,-50.936435619999884,1.088367493796093,291.06
08-25,1787668800,128.866972,47.17640202,0.28945234359307137,0.0
08-25,1787669100,904.3658479999999,380.2362984399999,,0.0
08-25,1787669400,100.0,43.00000000000001,,0.0
08-25,1787670000,99.99185,-45.99625100000001,,0.0
08-25,1787670600,371.143698,-104.01471150999998,,0.0
08-25,1787670900,796.182615,-93.53477764000002,0.9562349572134906,239.01
08-25,1787671200,146.23691499999998,-32.61077564,0.7099148945342754,0.0
08-25,1787671500,326.667881,153.63612013,0.2656907015286204,0.0
08-25,1787671800,300.0,129.00000000000003,,0.0
08-25,1787672100,83.784137,-4.970926872039004,0.5700010000000001,0.0
08-25,1787672400,707.081293,-88.15277918999996,0.9040203691375296,0.0
08-25,1787672700,598.542678,-190.47444180999997,0.6631668999137921,0.0
08-25,1787673000,481.20483899999994,-76.31964659999997,0.7253183006559905,0.0
08-25,1787673300,123.440811,-35.32731262,,0.0
08-25,1787673600,859.9571119999999,-2.6851234900000236,1.3523632401849652,256.18
08-25,1787673900,600.0,114.0,,0.0
08-25,1787674200,756.365,46.37560000000008,1.0148751547555135,0.0
08-25,1787674500,1186.08111,-507.56062040000006,1.5328556875867216,14.77
08-25,1787674800,599.992221,68.99859977999995,,0.0
08-25,1787675100,8.41,-3.4481,,0.0
08-25,1787675400,230.744209,87.68279942000001,,0.0
08-25,1787675700,131.043915,-39.0982179,,0.0
08-25,1787676000,382.266604,-21.02542267999999,1.11,0.0
08-25,1787676300,671.1673559999999,5.254770899999983,0.8419972039954775,0.0
08-25,1787676600,626.534703,3.924895039999967,0.9906147584215188,0.0
08-25,1787676900,1081.7195159999999,146.38015508,1.0060371589330712,366.34000000000003
08-25,1787677200,212.622825,-99.93272775,,0.0
08-25,1787677500,274.720587,186.80999916000002,,0.0
08-25,1787677800,935.238859,351.55233179000004,0.721652937587695,0.0
08-25,1787678100,409.52031300000004,-102.52241824000001,0.9317584042390796,0.0
08-25,1787678400,340.0,190.4,0.7987500000000001,0.0
08-25,1787678700,952.5125129999999,-22.246352549999983,1.3141771988225286,12.16
08-25,1787679000,235.596088,-11.207294719999993,0.5583958867655165,0.0
08-25,1787679300,1137.9697990000002,222.52748304,0.5994397259965079,407.45
08-25,1787679600,40.0,9.200000000000003,0.5399999999999998,0.0
08-25,1787679900,78.12,-10.155600000000002,,0.0
08-25,1787680200,654.339266,463.75930201999995,0.2973944798833911,241.96
08-25,1787680500,331.127456,-162.76225696,,0.0
08-25,1787680800,1519.0464200000001,245.67441241999995,0.7776559687362722,475.84
08-25,1787681100,599.991802,-233.99680278000002,,0.0
08-25,1787681400,300.0,9.0,,0.0
08-25,1787681700,299.97211599999997,-101.99051944,,0.0
08-25,1787682000,1945.561255,160.82256592999988,0.8343275652829121,67.49000000000001
08-25,1787682600,207.762416,-53.32092816,,0.0
08-25,1787682900,237.668816,-14.26012896,,0.0
08-25,1787683200,662.148209,99.85792885999999,0.7018998747626906,300.0
08-25,1787683500,1273.823862,-190.70740072,0.9846883593144287,0.0
08-25,1787683800,91.91181399999999,-6.433826979999999,,0.0
08-25,1787684100,1053.3366089999997,-197.52368733999998,0.6944411385095144,153.82
08-25,1787684400,550.371332,104.65466899000003,0.46804102884456045,0.0
08-25,1787684700,249.54259500000003,-23.4716409,,0.0
08-25,1787685000,56.201256,12.082736240000003,0.57,0.0
08-25,1787685600,642.642977,-61.66699446,0.6625405256473831,8.0
08-25,1787685900,317.357646,-44.7194469,,0.0
08-25,1787686200,57.5,12.649999999999999,,0.0
08-25,1787686500,183.81685199999998,2.5530957600000193,0.9706738139744623,27.74
08-25,1787686800,567.141561,30.35699358000005,1.1409519009652227,0.0
08-25,1787687100,128.027793,-45.67840134,1.28,0.0
08-25,1787687400,144.27942299999998,-2.3455228800000043,1.0221770731239037,72.13
08-25,1787687700,847.563525,287.70418800000004,0.3207855596851789,51.0
08-25,1787688000,360.414407,-157.89531361000002,,0.0
08-25,1787688300,506.339823,-108.01503729000001,,0.0
08-25,1787688600,1107.748844,297.34741605,0.5746168428143965,41.68000000000001
08-25,1787688900,71.663332,9.031367199999998,0.8165223062875033,0.0
08-25,1787689200,318.01886099999996,-84.65477168999999,,0.0
08-25,1787690100,302.894634,83.20689746,0.5238614643960624,0.0
08-25,1787690400,300.0,87.0,,0.0
08-25,1787690700,415.732597,96.44059656999998,0.5576917013546006,0.0
08-25,1787691000,156.36436899999998,-10.904587719999995,0.9289105972459423,44.38
08-25,1787691300,1126.822763,106.60576751000008,0.8023642925764607,366.78
08-25,1787691600,470.460113,78.86486758000001,1.0693359161187894,104.99
08-25,1787691900,221.526665,65.27564900000002,0.41,110.76
08-25,1787692200,443.24242300000003,-260.52242341000004,,0.0
08-25,1787692500,52.828683,-32.75378346,,0.0
08-25,1787692800,15.0,-1.3499999999999999,,0.0
08-25,1787693100,309.529854,-77.95425474,,0.0
08-25,1787693400,100.0,-17.052,1.2466666666666666,40.0
08-25,1787693700,161.714284,11.319999879999983,,0.0
08-25,1787694000,977.9010619999999,-353.35421286,1.4384929432476183,10.0
08-25,1787694300,664.792216,-36.567422799999974,1.0942902862032082,299.96000000000004
08-25,1787694600,15.0,-0.8999999999999999,,0.0
08-25,1787694900,1349.855904,35.614839350000125,0.8819054716137039,600.0
08-25,1787695500,324.58,29.17119000000001,0.7299999999999999,212.29
08-25,1787695800,525.815786,129.90499934000002,,0.0
08-25,1787696100,981.158525,-158.87786558999994,1.311420348833534,431.05
08-25,1787696400,600.0,-372.0,,0.0
08-25,1787696700,520.524541,153.77309853000003,,0.0
08-25,1787697300,882.2692,-72.81400400000007,1.1795552975810946,0.0
08-25,1787697600,68.826665,0.18076420000000581,0.9772740482417901,34.410000000000004
08-25,1787698500,1187.1861909999998,57.377570109999965,0.793334015294096,147.8
08-25,1787698800,260.0,-73.4,,0.0
08-25,1787699100,668.08,-11.57451999999995,1.0341563884564722,10.0
08-25,1787699400,1379.942845,-414.79663192,0.9551630130844583,71.55
08-25,1787699700,439.489996,-119.40019900000001,0.7374116823590118,0.0
08-25,1787700000,516.700866,-131.84058548,,0.0
08-25,1787700300,1533.2014860000002,331.2018034200001,0.5675474265995204,232.95999999999998
08-25,1787700600,84.74133900000001,4.724227130000003,0.8830256008996367,22.5
08-25,1787700900,35.7,2.7282499999999974,0.8300000000000001,17.85
08-25,1787701500,346.645436,-0.15848995999999715,0.9290154154368121,98.0
08-25,1787701800,622.490669,349.34639450000003,0.3015799548837228,0.0
08-25,1787702100,221.323243,-14.98012589000001,1.13,94.22
08-26,1787702400,209.578305,-115.62831185000002,,0.0
08-26,1787702700,303.78999999999996,36.75799999999998,,0.0
08-26,1787703000,565.9041179999999,96.99491676000002,0.7627957680325559,56.29
08-26,1787703300,600.0,102.0,,0.0
08-26,1787703600,394.756538,158.18165006,0.6614285714285715,0.0
08-26,1787703900,295.0,-79.3,,0.0
08-26,1787704200,383.47883,132.59629938,,0.0
08-26,1787704800,3.623187,2.4999990299999997,,0.0
08-26,1787705100,100.227271,-4.508300380000001,1.09,0.0
08-26,1787705700,66.67,-24.0012,,0.0
08-26,1787706000,500.0,32.5,1.0957142857142856,0.0
08-26,1787706300,550.0,-24.5,1.1557142857142857,0.0
08-26,1787706600,208.33277599999997,21.264977039999977,0.7873323064855959,51.97
08-26,1787706900,450.166906,121.66866412000005,0.6988593794430343,17.77
08-26,1787707200,503.584291,55.73328907000001,0.8453329688808595,100.0
08-26,1787707800,281.4,62.464,0.83,0.0
08-26,1787708100,117.883528,20.040199760000007,,0.0
08-26,1787708400,403.401177,-82.40758782000002,,0.0
08-26,1787708700,42.723452,-8.11745588,,0.0
08-26,1787709000,141.360359,-48.01636894,,0.0
08-26,1787709300,837.381867,311.54131536,0.38568779460165625,0.0
08-26,1787709600,798.440747,135.70366047999994,0.6599178402379631,5.0
08-26,1787709900,698.134793,32.39993241000002,0.4868791726918186,147.16
08-26,1787710200,75.75473600000001,-6.0603788799999965,,0.0
08-26,1787710500,258.824591,45.9653823,0.8254082825256241,0.0
08-26,1787710800,11.120000000000001,-4.22126,,1.12
08-26,1787711100,202.64,24.9914,0.7533418870904066,0.0
08-26,1787711400,483.961849,-0.12365094000000454,0.7084213980681369,0.0
08-26,1787712300,673.44363,-153.6555349,0.6000400265055075,0.0
08-26,1787712600,72.95496500000002,-17.3639799,,0.0
08-26,1787712900,63.149992,-7.829697999999998,,0.0
08-26,1787713200,528.2096819999999,339.71296717999996,0.36623749263394406,0.0
08-26,1787713500,399.995,-109.99900000000001,,0.0
08-26,1787713800,231.347663,-35.11587071,,0.0
08-26,1787714100,689.51259,85.99950233999999,0.7562254835241706,150.0
08-26,1787714700,795.637811,-107.07547002999996,0.8808602345614316,0.0
08-26,1787715300,170.373737,-24.052764690000004,,0.0
08-26,1787715600,595.2007280000001,37.35081649999992,0.665859890948977,71.54
08-26,1787716200,339.010577,-70.79579867999999,,0.0
08-26,1787730900,270.592973,17.963599670000036,1.2598949356926847,0.0
08-26,1787731500,399.96999600000004,22.01720216000001,0.8898759875987599,0.0
08-26,1787731800,189.114221,85.10139944999999,,0.0
08-26,1787732100,214.36441299999998,114.69359858999998,,0.0
08-26,1787732400,493.236542,-98.52655794,,0.0
08-26,1787733000,45.22221999999999,11.387777999999997,0.83,0.0
08-26,1787733300,672.056815,1.5074485399999276,0.9766093459825742,138.35
08-26,1787733600,272.38993600000003,-48.531871939999995,,0.0
08-26,1787734500,750.490219,194.39409851000005,,0.0
08-26,1787734800,59.698642,9.697599279999999,,0.0
08-26,1787735100,273.722664,79.14979860000001,0.5834604407946947,0.0
08-26,1787735400,200.0,-6.0,,0.0
08-26,1787735700,588.614284,284.4283797599999,,380.94
08-26,1787736300,70.180325,-9.488596749999992,1.264437161584497,31.09
08-26,1787736600,85.93,33.51270000000001,,0.0
08-26,1787736900,19.62,2.9430000000000014,,0.0
08-26,1787737200,400.0,44.0,,0.0
08-26,1787737500,419.995453,-269.84695351,,0.0
08-26,1787737800,405.175922,6.064736819999993,0.7363257602097051,64.0
08-26,1787738100,217.664969,-9.417004710000006,,0.0
08-26,1787738400,223.22073799999998,58.179599370000005,,0.0
08-26,1787738700,970.858586,124.58517286000011,1.1336972176374394,127.92
08-26,1787739000,356.671639,-163.70164087,,0.0
08-26,1787739300,56.8,-5.012370000000004,1.1600000000000001,28.4
08-26,1787739600,23.779522,9.987399240000002,,0.0
08-26,1787739900,1173.01278,99.10934566000009,0.7897184252730014,534.27
08-26,1787740200,816.0175389999999,524.7135762599999,,200.0
08-26,1787740500,836.6817390000001,358.7950576300001,,51.83
08-26,1787740800,318.17829700000004,145.84599722000004,,0.0
08-26,1787741100,361.93561100000005,156.72369908000007,,0.0
08-26,1787741400,821.075154,274.1656977000001,,200.0
08-26,1787741700,149.98571199999998,20.997999679999992,,0.0
08-26,1787742000,854.06,-21.254200000000083,1.329535248890012,0.0
08-26,1787742300,2.5,1.0,,0.0
08-26,1787742600,556.952856,-126.05320031999997,1.367435299026215,0.0
08-26,1787742900,600.0000000000001,87.50205000000003,0.7,150.0
08-26,1787743200,773.533074,210.5211996199999,0.6843346650445684,300.0
08-26,1787743500,450.0,93.0,0.7250000000000001,0.0
08-26,1787743800,126.261303,54.080199379999996,,0.0
08-26,1787744100,300.0,55.5,,0.0
08-26,1787744400,98.046119,-13.01494539,,0.0
08-26,1787744700,300.0,8.79419999999999,0.9400000000000001,150.0
08-26,1787745000,269.26,-3.897110000000012,0.9591675242376647,84.63
08-26,1787745300,200.0,-73.6317,,100.0
08-26,1787745600,622.502691,19.097819609999988,1.0008161915893141,132.46
08-26,1787745900,213.49,14.30940000000001,,0.0
08-26,1787746200,177.664281,-127.91828232,,0.0
08-26,1787746500,684.9081789999999,-163.62312085999991,1.3303374878863425,103.16
08-26,1787747400,772.7370639999999,-16.548788860000002,0.8369448957480455,0.0
08-26,1787748000,300.0,-81.49875,1.54,150.0
08-26,1787748300,420.839008,53.365109359999906,1.4734108724294057,41.0
08-26,1787748600,249.52190199999998,-1.2500305800000433,1.2576519683918508,49.76
08-26,1787748900,69.210577,2.648587169999999,1.3461396007621662,0.0
08-26,1787749200,672.720908,-152.8140381199999,1.4765142400477873,292.24
08-26,1787749500,225.43,30.4204,,0.0
08-26,1787749800,441.722221,-146.77332022000002,1.4492787251414816,160.0
08-26,1787750100,475.99555399999997,183.9042293,1.08709583855505,150.0
08-26,1787750400,275.713841,-28.22624435000003,1.2939762563383979,0.0
08-26,1787750700,1064.5067800000002,174.5835984900001,1.1407306280550484,150.0
08-26,1787751000,599.9833290000001,-41.84239117000004,1.1274729161898036,224.19
08-26,1787751600,332.964941,68.94464974718096,1.2374428633784174,0.0
08-26,1787751900,736.545538,-312.611289439129,1.4190479558965277,150.0
08-26,1787752200,36.370908,4.000799879999995,,0.0
08-26,1787752800,150.0,28.499999999999986,,0.0
08-26,1787753100,168.333332,82.56666700000001,0.6618181812231405,0.0
08-26,1787753400,614.907537,-162.00754627000003,,0.0
08-26,1787753700,451.2987,-25.798700999999994,1.0705603442696565,0.0
08-26,1787754000,229.87301300000001,-74.75301481,,0.0
08-26,1787754300,118.06142599999998,-35.4184278,,0.0
08-26,1787754600,313.89511,50.83783240000001,0.713712861024034,0.0
08-26,1787754900,876.0368530000002,424.90760426999975,0.5100226820965391,0.0
08-26,1787755200,1005.444481,171.90852140999996,0.437053899432505,214.54000000000002
08-26,1787755500,498.146114,50.920323159999995,0.6203916592751018,173.95
08-26,1787755800,174.461354,120.36929269000001,,0.0
08-26,1787756100,1144.228725,251.40734630000009,0.5563636304188803,181.22
08-26,1787756400,2004.028481,422.28199112999994,0.5776313332709134,599.9999999999999
08-26,1787756700,581.5362650000001,-289.7978658,,0.0
08-26,1787757000,625.09475,-126.53290793999999,,0.0
08-26,1787757300,292.617998,-35.52472343,,0.0
08-26,1787757900,36.04,-2.5228,1.1400000000000001,0.0
08-26,1787758200,173.59429,-52.315703359999986,,0.0
08-26,1787758500,1339.3541,-35.31959071999995,0.5922738161694306,173.26
08-26,1787759100,238.418268,-33.30258771999999,,0.0
08-26,1787759400,873.1638409999999,-144.77307043000002,,0.0
08-26,1787759700,1053.905528,303.16502566,0.47328893038961584,383.15
08-26,1787760000,1022.9732449999999,77.39565872000003,1.1348145681481536,0.0
08-26,1787760300,28.787439,-0.09827122999999993,0.99,14.39
08-26,1787760600,36.918619,-15.50581998,,0.0
08-26,1787760900,691.60556,-67.30462198000006,0.8813930564977699,211.94
08-26,1787761200,947.436753,92.57643517000002,0.6697947507002348,0.0
08-26,1787761500,208.30667599999998,-26.264221800000012,,0.0
08-26,1787761800,390.456596,-24.788493640000013,0.8009676131562662,127.03
08-26,1787762100,728.4400820000001,-486.45078351,,0.0
08-26,1787762400,63.135482,-8.544720580000003,0.9165057471264367,7.18
08-26,1787763300,652.8497460000001,-45.38782058000004,0.6481731798143366,0.0
08-26,1787763600,243.502262,-61.27767148000001,,0.0
08-26,1787763900,149.9866,-7.499330000000008,,0.0
08-26,1787764500,299.992221,74.99789966999998,,0.0
08-26,1787764800,300.0,-135.0,,0.0
08-26,1787765400,296.51,106.35969999999998,,0.0
08-26,1787765700,200.700864,-106.87846656,,0.0
08-26,1787766000,1022.9170019999999,-7.3328158200000075,0.8148335562737761,150.0
08-26,1787766300,300.0,28.5,0.8099999999999999,0.0
08-26,1787766600,150.0,-55.5,,0.0
08-26,1787766900,900.0,139.17971999999997,0.6866666666666666,108.35
08-26,1787767200,353.314281,-177.15428265,,0.0
08-26,1787767500,543.0385,-407.87080000000003,,0.0
08-26,1787767800,754.096318,-7.07134087999998,0.9032393207201797,300.0
08-26,1787768100,690.428097,83.10665808999994,0.9939077335005206,233.01
08-26,1787768400,432.493161,61.47719719000003,0.7435103706928646,0.0
08-26,1787768700,150.0,-3.0,,0.0
08-26,1787769000,456.835554,62.61910971999998,0.7723169793759214,62.16
08-26,1787769300,571.48,67.89620000000002,0.8575256417364306,0.0
08-26,1787769600,299.945744,-50.52399028000002,1.3368552974328285,0.0
08-26,1787770200,136.102685,23.96651205,0.701313686967911,0.0
08-26,1787770500,356.99,149.82016,1.0524637681159419,111.99
08-26,1787770800,243.879506,-80.10251042,,0.0
08-26,1787771100,150.0,-67.5,,0.0
08-26,1787771400,137.0,-12.3594,0.9491954022988507,50.0
08-26,1787771700,8.257056,-2.6422579199999996,,0.0
08-26,1787772000,300.0,20.92347000000001,0.8449139999999999,150.0
08-26,1787772600,319.460231,-39.98081166999995,1.249389596705174,9.73
08-26,1787772900,312.20690200000007,-99.34790364,,0.0
08-26,1787773200,254.885713,21.12859990999999,1.4535170632429077,0.0
08-26,1787773500,313.33333,78.19999919999998,,0.0
08-26,1787773800,982.7174369999999,205.11551609000003,0.9718376952776165,248.48999999999998
08-26,1787774100,276.19714,-106.52674160000001,,0.0
08-26,1787774400,300.0,-64.5,1.43,0.0
08-26,1787774700,75.36,42.2016,,0.0
08-26,1787775000,235.1878,-16.843604,1.1432279515433112,0.0
08-26,1787775300,412.20218800000004,47.20190908000001,0.9950294454280209,149.98000000000002
08-26,1787775600,505.40999999999997,37.74944999999997,1.1307515906074062,68.47
08-26,1787775900,150.0,22.5,,0.0
08-26,1787776200,916.1389560000001,-47.615517969999985,1.1517410978744111,191.57999999999998
08-26,1787776500,150.0,-73.5,,0.0
08-26,1787777100,168.409645,36.21159409999999,0.5700000000000001,0.0
08-26,1787777400,316.799997,37.66341422000002,1.143858828565443,99.39
08-26,1787777700,1348.969994,198.36047008999998,0.7056392995862006,264.02
08-26,1787778000,171.588654,-27.614255820000004,0.677550635518356,4.32
08-26,1787778300,40.921536,11.663198169234,0.4300000112780389,0.0
08-26,1787778600,634.026752,414.53974704000007,0.4826342191905594,150.0
08-26,1787778900,799.241736,231.65568801000006,0.8550607539919156,150.0
08-26,1787779200,502.50091299999997,-102.24569453999999,0.8138787027010007,82.38
08-26,1787779500,181.267802,-137.31780446,,0.0
08-26,1787779800,150.0,21.0,,0.0
08-26,1787780100,302.26,46.90199999999999,,0.0
08-26,1787780400,710.6851280000001,41.076679319999926,1.1682393347162225,10.0
08-26,1787780700,93.79,31.88860000000001,,0.0
08-26,1787781000,387.419189,-56.22300617999994,1.1611583723867611,144.86
08-26,1787781300,74.248259,17.977099570000007,,0.0
08-26,1787781600,21.52,-4.671200000000001,1.4341263940520446,0.0
08-26,1787781900,392.350511,-61.61381170999999,1.4431761189512309,0.0
08-26,1787782200,279.0,-72.36000000000001,,0.0
08-26,1787782500,10.0,-1.0000000000000009,1.2000000000000002,0.0
08-26,1787782800,475.30582999999996,-175.36272160000004,1.7374208543505962,21.33
08-26,1787783100,269.429267,122.46599946999996,,0.0
08-26,1787783400,190.0,51.900000000000006,1.0476470588235294,0.0
08-26,1787783700,150.0,43.5,,0.0
08-26,1787784000,300.0,-174.0,,0.0
08-26,1787784300,285.668234,26.70568534000003,1.2599177518848528,83.44
08-26,1787784600,498.0,137.28,0.7136206896551724,0.0
08-26,1787784900,916.685334,39.37361878000007,0.9590338623838273,384.86
08-26,1787785200,635.23818,53.68799979999994,1.2346814320292239,350.0
08-26,1787785500,239.293042,73.03739966000003,,0.0
08-26,1787785800,448.924101,189.80759939,,0.0
08-26,1787786100,400.0,-62.899,1.295,250.0
08-26,1787786400,5.0,-0.4999999999999999,,0.0
08-26,1787786700,475.197599,-103.45764611999999,0.9105746903826532,200.0
08-26,1787787000,310.51919699999996,-14.001119030000012,1.088796539813528,63.89
08-26,1787787300,374.454135,69.59169915000001,,0.0
08-26,1787787600,469.88,207.39599999999996,,0.0
08-26,1787787900,465.40784999999994,211.88940764999992,,31.03
08-26,1787788200,782.975899,340.94319678000005,,0.0
08-26,1787788500,2443.68001,-1254.98595403111,,150.0
08-27,1787788800,90.413074,4.7331110800000005,0.8953823070322678,0.0
08-27,1787789100,658.054881,-226.49137217000003,1.1161381867123348,277.12
08-27,1787789400,432.258912,-13.407327926665005,1.2106570783820005,100.0
08-27,1787789700,350.761524,31.67717515999999,1.1827373084465105,0.0
08-27,1787790000,701.8776310000001,91.43730081000001,0.7343271539517354,112.94
08-27,1787790300,1440.800835,34.03381838000007,0.6429487452217557,400.0
08-27,1787790600,630.152349,-203.37655167999998,1.2662027478721678,0.0
08-27,1787790900,682.273742,84.47039911999997,1.0823806977241568,0.0
08-27,1787791200,237.490757,88.17050140999999,0.6610016518760309,100.0
08-27,1787791500,545.411664,133.44799967999995,,0.0
08-27,1787791800,853.442856,-115.34100639999986,1.4656130837150405,150.0
08-27,1787792100,499.614735,115.54863026999999,0.6945248029673768,0.0
08-27,1787792400,671.72846,-285.0507905999999,1.242215880374343,110.64999999999999
08-27,1787792700,176.268862,6.860137279999989,1.2133857930654464,20.0
08-27,1787793000,413.673292,70.37846078999999,0.6605530021759207,100.0
08-27,1787793300,1821.806748,-405.88519327000006,1.4338039239257518,31.92
08-27,1787794200,263.14,28.945400000000006,,0.0
08-27,1787794500,783.393865,-198.64988595,1.241163601156224,164.0
08-27,1787794800,200.0,64.0,,0.0
08-27,1787795100,653.3557840000001,-148.87828588000002,1.4391507068593494,300.0
08-27,1787795400,1264.5683800000002,220.67099970000027,1.3181875366528808,0.0
08-27,1787795700,1220.477761,-395.01406187,1.4919401617977681,240.26
08-27,1787796000,840.781811,-35.20770419999997,1.0523730182837983,138.92000000000002
08-27,1787796300,239.488287,-53.83595795000001,0.9664770058171752,18.810000000000002
08-27,1787796600,135.7,-12.640450000000001,1.1800000000000002,67.85
08-27,1787796900,145.464284,55.21499976,,0.0
08-27,1787797200,213.00441800000002,114.63179754000002,,0.0
08-27,1787797500,200.0,40.0,,0.0
08-27,1787798100,286.0,22.670000000000016,1.301769547325103,0.0
08-27,1787798400,617.953862,-23.342843380000033,1.0357555037703956,193.53
08-27,1787798700,553.0,152.12142,0.991735068401735,148.0
08-27,1787799000,619.596014,-88.44522097999999,1.1308359717443168,0.0
08-27,1787799300,267.805,-57.2876,1.0699999999999998,64.68
08-27,1787799600,623.9956990000001,-110.91865285,0.707789750583583,24.09
08-27,1787799900,451.299131,-73.48525862000001,,200.0
08-27,1787800200,97.832161,41.111897549999995,0.9523165563058513,0.0
08-27,1787800500,1285.608553,11.548255100000006,0.9284659297609895,624.9
08-27,1787800800,10.0,-0.47615999999999925,1.08,5.0
08-27,1787801400,613.83882,165.80519880999987,1.1020626759644598,0.0
08-27,1787801700,214.542524,-84.4188074,1.0667368719084198,0.0
08-27,1787802000,455.08846,-160.83850019999997,1.29,0.0
08-27,1787802300,452.92999199999997,130.4605012,0.66,0.0
08-27,1787802600,329.99571299999997,1.9849761000000044,0.6119920528676628,60.71
08-27,1787802900,1452.328194,183.13562157,0.740544722349274,149.48
08-27,1787803200,350.0,74.5,0.64,0.0
08-27,1787803500,200.0,12.0,,0.0
08-27,1787803800,721.98885,-21.638666239999964,1.0599360550343786,0.0
08-27,1787804100,753.0246669999999,-82.39667684000005,1.1291797635980583,0.0
08-27,1787804400,360.056154,48.36186602000001,0.7313765777695833,0.0
08-27,1787804700,815.218589,58.75035098000001,0.7808414233644069,0.0
08-27,1787805000,346.826314,95.32479966000005,,0.0
08-27,1787805300,1205.782397,40.91747158999999,0.6786055558626571,140.0
08-27,1787805600,95.19518400000001,-6.71060064,0.5651598579040853,0.0
08-27,1787806200,1172.7410849999999,218.82374255000002,1.013257159114862,710.9499999999999
08-27,1787806500,400.0,17.941560000000038,0.9065,50.0
08-27,1787806800,1124.255929,208.66533849,0.7501851258816924,243.95
08-27,1787807100,497.36066500000004,60.50014975000005,0.831211478421139,150.0
08-27,1787807700,651.620101,56.12449065999999,0.6528663566726407,0.0
08-27,1787808300,918.5130399999999,123.58921234999991,0.993087959850117,167.11
08-27,1787808600,413.075673,-43.644074979999985,0.9073191751112063,92.96
08-27,1787808900,646.50277,-4.522760900000009,0.7350398208858206,404.45
08-27,1787809200,827.2051,-28.455697999999927,1.0602310770968308,450.0
08-27,1787809800,1111.1185519999997,124.06000615999989,0.77530998210173,489.9
08-27,1787810100,1458.07499,-251.13536680000004,1.358223872302072,576.98
08-27,1787811000,200.0,72.0,,0.0
08-27,1787811300,978.5162190000001,36.308891719999906,1.0775945769127777,23.0
08-27,1787811600,216.312113,-13.503549809999996,0.7807326538259926,51.44
08-27,1787811900,526.9902450000001,135.86509883000008,,0.0
08-27,1787812200,451.70440399999995,0.46281435999998166,0.9814438392043725,425.84000000000003
08-27,1787812500,200.0,-17.999999999999993,,0.0
08-27,1787812800,273.56089299999996,27.367695309999988,0.5810371237176243,103.27999999999999
08-27,1787813100,41.663411,-7.499413980000003,,0.0
08-27,1787813400,694.424209,29.750969709999936,0.9029663367712124,250.5
08-27,1787813700,1162.21538,60.297337600000105,0.8832826352548169,431.1
08-27,1787814000,240.02461399999999,27.20319981999998,,0.0
08-27,1787814600,1022.506542,-21.640833639999983,0.8556845771089698,50.0
08-27,1787814900,446.77476,59.80410019999998,0.5483017267810042,8.14
08-27,1787815200,1339.391231,-407.12535751999997,0.930491222226699,86.21
08-27,1787815500,800.0,10.703620000000058,0.954175,650.0
08-27,1787815800,1150.0,94.29155000000003,0.7969366666666666,750.0
08-27,1787816100,2836.6244130000005,-19.774143950000052,0.7824036250376016,166.60000000000002
08-27,1787816400,1418.3136350000002,112.35549162000007,0.935309641998737,560.29
08-27,1787816700,751.049687,-113.81588589999993,1.0259463885264082,195.73000000000002
08-27,1787817000,565.111706,166.60529792000006,,0.0
08-27,1787817300,242.314865,56.61518975000001,0.7808654997745357,0.0
08-27,1787817600,508.6599999999999,192.53078999999997,1.1005772394302469,244.0
08-27,1787817900,1338.174534,116.34425390000024,1.1969615965902816,279.28
08-27,1787818200,2231.521951,-306.66382710000016,1.3372077322441522,619.4000000000001
08-27,1787818500,365.393779,-3.9627607699999885,1.402745378562554,115.61
08-27,1787818800,370.58656,78.82597264,1.128237251125796,30.0
08-27,1787819100,522.72649,51.90999929999998,,0.0
08-27,1787819400,1129.141817,85.6688597399999,0.8475657498680986,564.5699999999999
08-27,1787819700,243.750453,29.62509965999999,,0.0
08-27,1787820000,87.478162,7.100157380000006,0.8272840142212469,43.73
08-27,1787820300,1725.12305,-101.86971169000003,1.1595673291003425,418.0
08-27,1787820600,664.702507,-120.47427464121003,1.0087612684959602,62.0
08-27,1787821200,484.47947700000003,-14.118737829999986,1.4133064323651618,189.6
08-27,1787821500,397.04140599999994,-39.65582924000002,0.5152253983989327,13.96
08-27,1787822100,367.01425,-19.476815000000016,0.9943009806191683,150.0
08-27,1787822400,200.0,28.0,,0.0
08-27,1787822700,328.818887,73.59369983000002,,0.0
08-27,1787823000,1075.19407,6.913227420000112,1.252473545803169,345.36
08-27,1787823300,439.409125,-19.38281374999997,1.1438996115145823,128.88
08-27,1787823600,132.931329,-18.299393600000002,0.9452256740978928,16.0
08-27,1787823900,249.98102,-26.999051,,0.0
08-27,1787824200,400.0,-62.0,,0.0
08-27,1787824800,800.0,35.058100000000024,0.8949749999999999,473.0
08-27,1787825400,269.96959,-135.0844909,,0.0
08-27,1787826000,967.7278779999999,115.96819887999999,0.7493734096865963,594.5500000000001
08-27,1787826300,750.0,18.507300000000043,0.8823333333333334,300.0
08-27,1787826600,1281.8855560000002,-51.79377132000002,0.9241770823916566,264.58000000000004
08-27,1787826900,21.880000000000003,2.7492100000000033,1.23,3.64
08-27,1787827500,21.25,6.800000000000001,,0.0
08-27,1787827800,670.5100829999999,-4.473404979999998,0.6421827071627002,0.0
08-27,1787828100,972.4676900000001,464.61368552074896,0.42712032212746937,74.43
08-27,1787828400,53.043356,2.860718109999997,0.9472877786461741,0.0
08-27,1787828700,606.663214,58.42695712,0.9249537639533663,150.00000000000003
08-27,1787829000,2191.380572,490.0227980100001,0.9208939015968418,0.0
08-27,1787829300,922.7411430000001,-192.90396747,1.3259187351046888,310.58
08-27,1787829600,883.357485,-103.96084684999988,1.1975321912208088,150.0
08-27,1787829900,558.886665,-155.3660658,1.3143472514565864,150.0
08-27,1787830200,1553.9026230000002,379.173002129,1.194227681894127,255.26
08-27,1787830800,327.96176199999996,7.966247079999988,0.8533158775369003,151.98
08-27,1787831100,759.908786,118.40013238,0.677365817854795,285.65
08-27,1787831400,1215.523111,176.65513323999994,1.0028788622668494,80.0
08-27,1787831700,350.0,39.0,0.8500000000000001,0.0
08-27,1787832000,1283.0564689999999,-210.3818268299998,1.2912877184656357,290.10999999999996
08-27,1787832300,149.316427,17.364109779999993,1.2157105375366901,14.0
08-27,1787832600,28.066591,-0.4634579609999978,1.033,0.0
08-27,1787832900,758.635708,47.249590239999975,1.5258060292373339,0.0
08-27,1787833200,304.21000000000004,71.46830000000006,,0.0
08-27,1787833500,48.586314,9.231399660000001,,0.0
08-27,1787833800,488.740471,118.41559860000001,0.9568967610315382,0.0
08-27,1787834100,256.60551899999996,47.88079897999995,,0.0
08-27,1787834700,654.689255,-69.01216481,1.1937699573625227,339.36
08-27,1787835000,525.8277189999999,-38.76472762,0.7258729309310945,86.65
08-27,1787835300,1169.285657,-25.268879390000052,1.0169507625709655,449.97999999999996
08-27,1787835600,1114.644762,94.21801729999981,0.858708171564659,334.51
08-27,1787835900,181.424283,40.016298289999995,1.1839655228752974,0.0
08-27,1787836200,1071.213146,292.8838688999999,0.45187367585940336,179.9
08-27,1787836500,591.1414189999998,79.59146358000001,0.7187918774866606,250.0
08-27,1787836800,303.20027699999997,-87.14345864999999,1.2848668586769887,71.97
08-27,1787837100,1994.600445,-94.13334812462415,0.9219518417836603,685.46
08-27,1787837400,1624.0699000000002,57.41547600000001,0.9174902947449448,889.9999999999999
08-27,1787837700,700.097707,-145.72132812,,0.0
08-27,1787838000,631.067581,-68.12249944999996,0.7371377691526464,150.0
08-27,1787838300,108.403771,7.037437279999992,1.5484822096043442,11.82
08-27,1787839200,243.284809,88.07254862999997,1.20173103607608,15.0
08-27,1787839500,512.680942,-253.30205575,,0.0
08-27,1787839800,341.246304,-71.92733209,,0.0
08-27,1787840100,125.353102,-39.48928284000001,0.8868622603916514,11.75
08-27,1787840400,300.0,35.20139999999999,0.7524666666666667,150.0
08-27,1787840700,219.94577500000003,-9.426019399999987,0.8618125250746609,0.0
08-27,1787841000,1113.295048,625.1463430200001,0.3759778659424813,156.52
08-27,1787841300,1154.855911,40.88834798999994,0.8809353080148494,439.71
08-27,1787841600,316.987543,35.198520140000014,0.649722494592246,138.01
08-27,1787841900,333.049512,-90.55911456,,0.0
08-27,1787842200,1603.433011,-425.40553616000017,1.021669901257762,103.58
08-27,1787842800,368.571974,-136.24760849000003,1.37839504077271,21.689999999999998
08-27,1787843100,386.92857,-26.52342010000001,1.1260916441901474,160.46
08-27,1787843700,578.2402300000001,56.967789779999976,0.7953855485248825,126.16999999999999
08-27,1787844300,150.0,-13.499999999999995,,0.0
08-27,1787844600,241.954097,-97.36209783,,0.0
08-27,1787844900,1289.95791,-75.59585979000008,0.6984881932524447,337.06
08-27,1787845200,1033.2147260000002,10.255735819999984,0.6644169302204468,159.82000000000002
08-27,1787845800,930.2215,-90.71075369999996,0.6244167618560666,120.52
08-27,1787846100,1706.7943980000002,162.69776908999995,0.6407480461275015,590.51
08-27,1787847000,75.0,4.5,,0.0
08-27,1787847300,88.141349,-13.526461880000003,,0.0
08-27,1787847600,497.60562400000003,231.28004174,0.807334782699622,0.0
08-27,1787847900,170.568629,124.51509916999998,,0.0
08-27,1787848200,149.99237399999998,-23.998779839999997,,0.0
08-27,1787848500,200.360597,8.605126259999999,0.724662682415085,14.22
08-27,1787848800,300.0,18.0,,0.0
08-27,1787849400,379.037573,2.4267551800000433,0.7376444231152828,129.26
08-27,1787849700,22.410955,-6.05095785,,0.0
08-27,1787850000,300.0,24.0,,0.0
08-27,1787850300,280.110638,-23.28320298,1.0017134590986587,40.870000000000005
08-27,1787850600,160.521903,12.591589260000006,0.83,80.26
08-27,1787850900,344.34390999999994,7.144289299999997,1.1312587536919732,116.61
08-27,1787851200,358.5684,-71.92842,,0.0
08-27,1787851500,1155.0077660000002,-178.01727211999997,0.7544839548860893,150.0
08-27,1787851800,909.904467,162.26773627000006,0.7847654457996367,150.0
08-27,1787852100,368.242818,-7.530969959999993,0.8536616139184934,150.0
08-27,1787852700,269.64462100000003,65.42407315999998,0.870057126029694,0.0
08-27,1787853000,1581.157586,103.6735209200001,0.8861719664888565,503.15999999999997
08-27,1787853300,720.3660319999999,156.08783422,0.41456696728748127,8.9
08-27,1787853600,300.08476,126.03559903048,,0.0
08-27,1787853900,1936.2680709999997,-217.95359270999995,0.836027630864961,756.8599999999999
08-27,1787854500,388.208835,254.93202699000003,,150.0
08-27,1787854800,610.339319,-127.66210991000003,1.059613795175764,150.0
08-27,1787855100,242.57115299999998,15.48463831999996,1.0737772005024842,64.42
08-27,1787855400,150.0,24.0,,0.0
08-27,1787855700,33.39111,2.8023998999999975,,0.0
08-27,1787856600,863.8926180000001,413.01753044000003,0.7978757817550197,150.0
08-27,1787856900,132.291665,-68.7916658,,0.0
08-27,1787857200,688.363884,2.8845995799999855,1.1546247964914083,200.0
08-27,1787857500,701.147395,72.66034574999998,0.7869132925472766,190.0
08-27,1787857800,68.936664,-18.94226592,,0.0
08-27,1787858100,650.91354,367.3526754099999,0.49528137032044683,150.0
08-27,1787858400,845.5494699999999,-97.5863928,1.2229182835980135,422.77
08-27,1787858700,300.0,-13.5,1.09,0.0
08-27,1787859300,281.99,-4.982040000000012,1.07,120.0
08-27,1787859600,100.0,-32.0,,0.0
08-27,1787859900,1062.889448,-17.249921919999963,0.6976703333549186,315.0
08-27,1787860200,1288.459487,-110.54168044,0.8815579721610857,569.28
08-27,1787860500,1093.819327,-8.58117924000004,0.8990311996870435,533.09
08-27,1787860800,744.977974,-220.09157963999996,1.0596275075339754,0.0
08-27,1787861100,149.9973,-55.49900099999999,,0.0
08-27,1787861400,674.94576,-15.508709750000008,0.6931461573340202,178.30999999999997
08-27,1787861700,1382.6003500000002,-26.177198279999857,0.9383283890685227,326.06999999999994
08-27,1787862000,600.0,85.39605,0.8166666666666667,150.0
08-27,1787862300,333.054612,-133.98101376,,0.0
08-27,1787862600,1499.9637509999998,15.91596461000006,0.8233485272801674,252.12
08-27,1787862900,1868.6981380000002,-51.07760155999995,1.1044213701166774,875.5099999999999
08-27,1787863200,1711.776458,55.15774922000014,0.8433633980060615,541.75
08-27,1787863500,1277.136081,195.11715016000005,0.6855993133143619,411.0
08-27,1787863800,1352.9732860000001,294.5506455,0.5558391124219917,442.55
08-27,1787864400,1422.134155,-229.26456080000003,0.9002604875483895,0.0
08-27,1787864700,660.697745,93.10013234999994,0.7123604349884187,180.35
08-27,1787865000,251.35605600000002,-42.66606383999999,,0.0
08-27,1787865300,543.202428,-45.861240699999996,0.6373895357019642,0.0
08-27,1787865600,451.47062400000004,-17.866226719999986,0.7194210611363112,150.0
08-27,1787865900,1390.9268450000002,10.30193769999994,1.0550117285045004,150.0
08-27,1787866200,600.0,176.78199,,150.0
08-27,1787866500,987.2260560000001,295.0580987400001,1.0998467315800275,0.0
08-27,1787866800,303.087811,147.06456903999998,,160.0
08-27,1787867100,300.0,5.48845,0.95,123.28
08-27,1787867400,1884.48,-261.5471199999997,1.2256456666181166,831.24
08-27,1787867700,53.34,2.9337000000000018,0.89,0.0
08-27,1787868000,499.42649700000004,139.07999852,,0.0
08-27,1787868300,1194.187099,42.607792620000055,0.6610226580477048,305.0
08-27,1787868600,2120.95273,87.23754094000003,0.7958056485749458,495.83000000000004
08-27,1787868900,300.0,72.0,,0.0
08-27,1787869200,308.84705699999995,-37.491100620000026,1.2473425058167744,150.0
08-27,1787869500,150.0,37.5,,0.0
08-27,1787870100,561.127559,-9.248420109999984,1.2039378501178624,0.0
08-27,1787870400,642.591729,-13.343361590000029,1.1468155262599853,100.0
08-27,1787870700,1246.536852,446.8472686599998,,400.0
08-27,1787871000,503.59837200000004,-107.60633677999999,0.8123050747535587,30.0
08-27,1787871300,711.565486,39.03427923000004,0.8475846924038066,569.14
08-27,1787871600,994.1626180000001,-199.44431054999995,1.1686813606434674,306.96000000000004
08-27,1787871900,688.996079,323.41532973999995,0.4962351693831032,161.48000000000002
08-27,1787872200,56.907140999999996,-2.798770649999998,1.084182776801406,23.45
08-27,1787872500,221.595554,-6.299600560000002,1.0550270787941547,32.0
08-27,1787872800,341.55999999999995,-40.22493,1.2200620681578638,170.78
08-27,1787873400,522.3509079999999,29.39159103636797,1.2629180881076283,105.09
08-27,1787873700,1194.9294509999997,63.76976846000002,0.9116053098538335,376.98999999999995
08-27,1787874000,588.114932,67.4960949,0.7674589547038893,50.79
08-27,1787874300,619.234185,-151.64432121000004,,0.0
08-27,1787874600,113.12547799999999,5.100133119999995,0.91,0.0
08-27,1787874900,278.91917,-61.52317472,,0.0
08-28,1787875200,570.665092,82.10889918999993,,0.0
08-28,1787875500,796.166168,-25.912698999999975,1.0909061814363041,180.0
08-28,1787875800,550.0,-33.5,1.2542857142857142,0.0
08-28,1787876100,581.325072,-28.29663095999996,1.402967017125015,103.07
08-28,1787877000,1093.685724,-234.64978703000003,1.265344547363056,386.12999999999994
08-28,1787877300,128.322068,9.37850348,0.7008425548746469,40.0
08-28,1787877600,42.47,-7.4645800000000015,1.3,15.0
08-28,1787877900,1046.699224,-175.11420324000005,1.37432146662939,327.21999999999997
08-28,1787878200,1034.08526,-81.58577060000005,1.360875450694391,534.3000000000001
08-28,1787878500,441.595,143.37722000000002,,36.6
08-28,1787878800,386.215883,97.62288710517402,,125.39000000000001
08-28,1787879100,720.0204679999999,282.30924565,1.356787739076124,269.0
08-28,1787879400,1263.9599669999998,-469.97240431,1.2312788188380952,149.3
08-28,1787879700,450.193034,-48.447823760000006,1.2045523638408087,137.88
08-28,1787880000,2657.146452,346.30043679999994,0.7385108623616645,563.49
08-28,1787880300,2263.383232,666.4192998299998,1.2837939943956413,150.0
08-28,1787880600,1915.459736,220.56227700000005,0.6247697180969584,648.9999999999999
08-28,1787880900,734.9399149999999,-162.17565311000004,1.2563376232154075,174.16
08-28,1787881200,1982.431072,142.9615527599999,0.9930600480641185,346.71
08-28,1787881500,530.187137,134.16569794999998,1.2928279894695658,0.0
08-28,1787882100,758.653942,206.24417585000003,,225.0
08-28,1787882400,1012.361569,305.42254734000005,,150.0
08-28,1787883000,400.00000000000006,97.3367100000001,,200.0
08-28,1787883300,899.976064,244.49149874,,0.0
08-28,1787883600,904.53,-38.09209999999996,1.3676209617388717,290.42
08-28,1787883900,1920.575233,72.0211607,0.8761918485426168,1210.28
08-28,1787884200,697.669245,-309.84091566,1.3770060785684612,246.71
08-28,1787884800,715.342611,-60.34370381999997,1.0266610367506155,297.81
08-28,1787885100,32.58,3.962799999999998,,0.0
08-28,1787885400,650.008292,-375.47160316,,0.0
08-28,1787885700,199.45999999999998,-24.840400000000002,1.13,0.0
08-28,1787886000,443.864941,-16.37289037000005,1.0049458066183687,199.97
08-28,1787886300,116.0,40.599999999999994,,0.0
08-28,1787886600,399.98296000000005,59.91738839999999,0.6800039261937048,299.99
08-28,1787886900,156.943858,-31.53512894,0.9060109460308303,10.0
08-28,1787887200,299.997691,-116.64504185000001,,200.0
08-28,1787887500,5.454544,1.7999995200000005,,0.0
08-28,1787887800,608.842137,80.87209550999992,0.7011056242113783,375.01
08-28,1787888100,191.33299499999998,-53.68911209999999,1.34,33.28
08-28,1787888400,516.950628,176.44913549,0.41176606126258164,150.0
08-28,1787888700,1570.9636619999999,56.355402039999944,0.8571703775018129,685.4799999999999
08-28,1787889000,1094.996148,-127.47561394000007,0.8432528744662472,220.21
08-28,1787889300,593.010485,-59.89352010000002,1.0241224663799853,299.99
08-28,1787889600,219.99999999999997,-82.83069999999998,0.9403066666666667,200.0
08-28,1787889900,700.601,97.08201999999994,1.1568912729749035,350.0
08-28,1787890200,691.271777,-193.47728041999994,1.4228440493546575,141.1
08-28,1787890500,1084.541641,-84.46236664999998,0.9807664462153589,434.15
08-28,1787890800,399.99333,96.94986959999994,,200.0
08-28,1787891100,399.991016,93.24787808,0.5337634738552456,0.0
08-28,1787891400,650.0,103.55799999999999,0.9380000000000001,300.0
08-28,1787891700,200.0,134.0,,0.0
08-28,1787892000,1.008,-0.008064000000000007,,0.0
08-28,1787892300,854.124739,-55.65493588999999,1.124019992776033,273.01
08-28,1787892600,236.026876,-82.61048355999999,,0.0
08-28,1787892900,1461.75279,155.95005429999998,0.5563257685985135,37.31
08-28,1787893200,1044.200768,-365.1799583200001,1.256815533196899,244.01
08-28,1787893500,400.0,99.7256,0.5,200.0
08-28,1787894100,495.79121,56.134299299999896,0.9582637820951418,150.0
08-28,1787894400,316.985554,89.25926971999999,,200.0
08-28,1787895000,159.74,-56.56089999999999,1.052659162856138,100.0
08-28,1787895300,334.941469,-131.67867092,,200.0
08-28,1787895600,77.68615199999999,-6.601200479999996,1.17,0.0
08-28,1787895900,999.956664,50.3048747200001,0.8871209434218406,549.98
08-28,1787896800,1057.4874909999999,16.162008949999972,0.8825938835262234,538.2
08-28,1787897400,170.16,-83.53999999999998,,0.0
08-28,1787897700,400.0,17.106540000000024,0.9115649999999998,223.98000000000002
08-28,1787898300,161.21857,-71.8484708,,0.0
08-28,1787898600,300.0,48.250699999999995,0.9750000000000001,100.0
08-28,1787898900,1653.90717,-31.942359109999984,0.9245709050836748,239.0
08-28,1787899200,953.194526,-95.64197237999997,1.118706593199387,239.11
08-28,1787899500,575.907934,-99.71699427000001,0.9865929622375211,174.56000000000003
08-28,1787899800,549.14666,-141.7575944,0.9038108572375891,400.0
08-28,1787900100,655.2491359999999,138.5686984099999,,0.0
08-28,1787900400,224.317175,60.86947825000004,,200.0
08-28,1787900700,200.0,30.0,,0.0
08-28,1787901000,341.383225,93.24649930999999,,0.0
08-28,1787901300,492.20590500000003,-25.578026731302998,1.0685624658728021,392.22
08-28,1787901600,448.71111,-88.4217405,0.9544049170616113,111.11
08-28,1787901900,1620.6889879999999,-113.16208963999998,0.9796790293009432,808.46
08-28,1787902200,251.86648499999998,133.08139645,,200.0
08-28,1787902500,147.456799,49.74819674,0.5786116596231712,0.0
08-28,1787902800,232.948332,23.520367199999995,1.02,0.0
08-28,1787903100,399.99666399999995,-171.05559592,,300.0
08-28,1787903400,546.655337,57.54325726999997,0.7859064651569195,200.0
08-28,1787903700,1149.923597,-93.2951303100001,1.0602662218152843,382.12
08-28,1787904000,512.5503,-81.65593099999998,1.0470537609730908,263.96999999999997
08-28,1787904300,1390.226647,141.34638375999998,0.8182998332362272,395.14
08-28,1787904600,902.972221,-565.03249144,,800.0
08-28,1787904900,1056.329364,-84.25755468,0.9287727407774489,450.0
08-28,1787905200,641.8741269999999,118.88752217000001,0.6233251803744211,140.41
08-28,1787905500,349.887803,70.38319923000003,0.6450196454958285,100.0
08-28,1787905800,761.542254,-46.779490059999944,1.0246202283929857,189.8
08-28,1787906100,972.755789,-468.00891206,1.2989319893302533,600.0
08-28,1787906400,719.7704249999999,153.92665599999998,0.5740344549108795,355.93
08-28,1787906700,409.166149,26.586799369999994,0.9193641187181275,0.0
08-28,1787907000,465.62249999999995,-90.87931000000003,1.0809841621971832,246.03
08-28,1787907600,200.0,104.48847,,100.0
08-28,1787907900,1091.0891900000001,-590.0832702800001,,300.0
08-28,1787908200,1012.178888,-42.42910992000003,1.0303811248179648,390.99
08-28,1787908500,262.27000000000004,-124.40099999999998,,200.0
08-28,1787908800,44.693616999999996,0.08365743000000059,0.77,0.0
08-28,1787909100,185.86,51.899249999999995,0.6443411498863003,17.37
08-28,1787909400,759.0088149999999,126.02840079,0.5091722549455013,123.0
08-28,1787909700,1025.563393,24.106659269999966,0.9610782494942047,426.14
08-28,1787910000,808.219885,8.367159999999956,0.918329082655911,467.15999999999997
08-28,1787910300,399.982221,142.04788901,0.2811671696683653,235.89
08-28,1787910600,584.2936149999999,35.094973200000055,0.7620629413454642,51.55
08-28,1787910900,381.81827200000004,-28.593091940000008,,0.0
08-28,1787911200,379.28571,-44.200001799999995,1.1991633516134665,0.0
08-28,1787911500,786.875688,-156.59656481000002,1.0569508604637188,251.0
08-28,1787911800,211.53025200000002,-83.19319180000001,1.3265872788690989,15.0
08-28,1787912100,284.11643200000003,7.379717039999974,0.9459755925729572,51.49
08-28,1787912400,400.0,-8.093890000000016,1.0241,219.04999999999998
08-28,1787912700,642.817012,-157.25596396,1.2094276024379096,150.0
08-28,1787913000,399.992599,-131.71370173000003,,100.0
08-28,1787913300,322.377348,-80.95652012000004,0.8179647607847718,72.95
08-28,1787913600,1477.5231880000001,-8.87659513999995,0.727854102567021,964.53
08-28,1787913900,374.41285600000003,-130.83605640000002,,0.0
08-28,1787914200,749.310254,-92.63858318999998,0.46380240127392014,50.56
08-28,1787914500,295.49768800000004,65.66939887999999,1.0316021384314698,0.0
08-28,1787914800,408.508704,45.69079886000003,0.9030046388689488,0.0
08-28,1787915100,899.552528,-214.92686882999996,1.0771770173112287,150.0
08-28,1787915400,185.868774,-49.57048073999999,0.9819785909186316,180.93
08-28,1787915700,1454.958711,383.21235601,0.9602773841354713,810.8500000000001
08-28,1787916000,506.5110169999999,93.92770772,0.6291215061165667,0.0
08-28,1787916300,956.213333,-255.97946274999998,1.1221615406228962,0.0
08-28,1787916600,7.3100000000000005,2.3705800000000004,,7.3100000000000005
08-28,1787916900,159.729229,24.68959977,,0.0
08-28,1787917200,489.96651,39.63639599999999,0.6468498425622783,73.11
08-28,1787917500,680.541537,-25.737963240000028,0.7591099456897187,161.07999999999998
08-28,1787917800,285.005172,-66.80041375999998,,0.0
08-28,1787918100,838.271106,-55.24185968000006,0.8167950195772673,274.74
08-28,1787918400,686.532418,18.297202639999966,0.7910251386775673,47.550000000000004
08-28,1787918700,1262.127045,266.61706210600005,0.7406588395757434,223.79
08-28,1787919000,149.985923,-68.99352458000001,,0.0
08-28,1787919300,654.562854,90.33775956000011,,150.0
08-28,1787919600,137.508839,-3.1319874299999952,1.0402065241999547,21.54
08-28,1787919900,150.0,-66.0,,0.0
08-28,1787920200,1002.643939,207.24039914000002,,0.0
08-28,1787920500,224.50457500000002,43.276894250000026,1.0818777036048062,187.25000000000003
08-28,1787920800,515.0,116.64999999999998,,0.0
08-28,1787921100,617.590275,60.416251025000065,0.9646031666666666,150.0
08-28,1787921400,735.1323179999999,218.16712437,0.7601940249206706,0.0
08-28,1787921700,1207.413414,-37.369106819999956,0.9492724294918498,502.67999999999995
08-28,1787922000,654.318055,-39.98790574999987,1.461614583804554,65.0
08-28,1787922300,118.13,22.444699999999997,,0.0
08-28,1787922900,919.435348,-135.27029720000007,1.142879039942435,265.27
08-28,1787923200,400.0,80.86573999999996,,150.0
08-28,1787923500,1848.145645,-136.47115791,1.0477752909451534,414.8
08-28,1787923800,1032.3877209999998,-27.053842059999965,0.8989714098198225,217.73
08-28,1787924100,527.33253,28.735769399999995,0.4481390043574618,0.0
08-28,1787924400,487.238426,108.27869922000002,,0.0
08-28,1787924700,32.813183,-6.0431859,,0.0
08-28,1787925000,244.932194,-64.13836268000001,0.921945565843592,39.720000000000006
08-28,1787925300,24.248204,0.791329047184,0.92000004228293,12.12
08-28,1787925600,1697.2885310000001,-72.04448729,1.0632606320073799,1052.0900000000001
08-28,1787925900,935.833189,303.18975274,0.8815371429167046,150.0
08-28,1787926200,45.795452,11.674999439999993,,0.0
08-28,1787926500,333.935607,4.386881869999968,0.9647213360668638,166.95999999999998
08-28,1787926800,218.086363,47.13530872999998,0.5561497773199461,109.04
08-28,1787927100,503.5405249999999,327.64544944,0.5900141978879633,100.41
08-28,1787927400,143.486559,-10.629514069999999,1.1376602619519063,51.879999999999995
08-28,1787927700,118.518516,31.99999932,,0.0
08-28,1787928000,183.73060299999997,-17.401991010000003,1.1096549529314181,81.86
08-28,1787928300,0.91,-0.10010000000000001,,0.0
08-28,1787928600,60.0,0.38843999999999923,0.9700000000000001,30.0
08-28,1787928900,412.69997500000005,-61.84399900000001,,0.0
08-28,1787929200,615.7400680000001,-40.52315870000001,0.5128665845634477,32.0
08-28,1787929500,351.57078,-19.3468795,0.7072061598182375,95.86
08-28,1787929800,820.312338,102.75046450000002,0.4378160624204461,287.3
08-28,1787930100,299.992375,-28.498780000000007,,0.0
08-28,1787930400,460.0,-20.0,,0.0
08-28,1787930700,795.19668,-41.86244875,0.4762423160366995,57.1
08-28,1787931000,738.022982,-121.96328586000001,0.9035897817658407,0.0
08-28,1787931300,907.901868,-10.940489380000002,0.631532066340457,111.07
08-28,1787931900,745.7181589999999,513.5607939299999,,0.0
08-28,1787932200,349.28691100000003,160.78799794,,0.0
08-28,1787932500,57.854184000000004,-4.04979288,,0.0
08-28,1787932800,737.929181,281.54419737,,0.0
08-28,1787933100,577.91755,-41.801243,0.9439627014596621,150.0
08-28,1787933400,335.368661,110.39999906999998,,0.0
08-28,1787933700,684.415986,250.54029798,,0.0
08-28,1787934000,1106.973481,140.42745107999997,1.3579451712146464,256.74
08-28,1787934300,1210.177306,-885.14900782,,0.0
08-28,1787934600,90.0,-3.461979999999997,1.06,45.0
08-28,1787934900,21.2,10.6,,0.0
08-28,1787935200,1015.7573279999999,-78.68511251999999,0.6763270165356169,176.02
08-28,1787935500,157.413499,-8.755439910000003,,0.0
08-28,1787935800,534.70129,-5.521856239999977,1.1234049629115497,42.35
08-28,1787936100,331.69277,140.7251622,0.217311429067871,150.0
08-28,1787936400,1757.6949289999998,-63.81947017000016,0.9812476128079872,598.35
08-28,1787936700,313.59476,162.6817992,1.2541984726363267,0.0
08-28,1787937300,504.66,22.916770000000014,0.913608400114212,260.66
08-28,1787937600,201.75,-91.4875,,0.0
08-28,1787937900,163.90665,4.261243999999998,0.3228009146481022,23.0
08-28,1787938200,1645.457668,336.7119460199998,0.8409014743769263,575.6600000000001
08-28,1787938800,300.0,-102.0,,0.0
08-28,1787939100,51.74,5.691400000000002,,0.0
08-28,1787939400,303.20156,-21.561038000000025,1.1152694137057089,150.0
08-28,1787939700,232.973737,-2.3661119900000074,0.7454370984965519,67.06
08-28,1787940000,1100.948851,199.84554882000003,0.5138903490502349,426.72
08-28,1787940300,300.0,-6.419009999999986,1.0295359999999998,117.44
08-28,1787940600,781.578716,47.81216907999999,0.8710755714209655,148.01
08-28,1787940900,621.118144,49.892200419999995,0.4699814462938111,192.12
08-28,1787941200,80.62,30.149000000000008,,0.0
08-28,1787942100,403.86,37.827880000000036,0.653664818905514,229.93
08-28,1787942400,702.497121,-74.05540266999998,1.207235552098374,49.48
08-28,1787942700,356.12,26.10991999999993,0.92,59.0
08-28,1787943300,401.0,-125.38000000000001,,0.0
08-28,1787943600,566.0389399999999,-86.13009566,0.9286059284081493,0.0
08-28,1787943900,62.095065000000005,-1.3654684799999899,1.1782358846206422,2.66
08-28,1787944200,455.39,-57.78611000000001,0.9119506783882235,36.84
08-28,1787944500,1291.1248659999997,2.5970241599999895,0.6738582909337346,150.09
08-28,1787944800,299.98494300000004,-5.399728974000005,,0.0
08-28,1787945100,2174.725836,44.45286883,0.5390663922636705,784.4499999999999
08-28,1787945400,178.0,-8.603419999999986,1.0826640449438203,84.0
08-28,1787945700,2003.154211,546.84980421,0.44996938136226367,312.7
08-28,1787946000,733.010971,196.45064645999997,0.4626684488926814,239.42000000000002
08-28,1787946600,760.2685490000001,21.61785986999996,0.9259108761140304,0.0
08-28,1787946900,272.117836,-58.76183883999999,,0.0
08-28,1787947200,559.74857,-80.21262039999996,0.8730342129209511,118.9
08-28,1787947500,741.0417620000001,-115.49991383999998,,115.81
08-28,1787947800,1553.5428299999999,130.24690959999998,1.1073428910478558,391.93
08-28,1787948100,600.0,-105.0,1.35,0.0
08-28,1787948400,1670.7214640000002,322.7754695399999,0.7972171371440946,966.69
08-28,1787948700,1532.9007000000001,-207.3270071299999,0.7143192234756697,269.86
08-28,1787949000,99.0,31.699999999999996,0.68,0.0
08-28,1787949300,544.130269,-186.47386994,,0.0
08-28,1787949600,746.731464,-92.45314375999997,,0.0
08-28,1787949900,1603.2095,84.11016148999988,0.681202679865126,589.22
08-28,1787950200,133.28409,-19.992613499999994,,0.0
08-28,1787950500,1591.5621230000002,186.10124021000001,0.5976162472382932,218.0
08-28,1787950800,2066.0526360000003,-293.4042951700003,1.160031882367674,748.3299999999999
08-28,1787951100,378.021172,-12.820061960000011,0.7152527216293587,32.0
08-28,1787951400,355.497139,-218.65164169999997,,0.0
08-28,1787951700,3316.80101,-98.94085857999971,0.9689846835666931,1370.1899999999998
08-28,1787952000,374.141185,-102.54444585000002,1.1634369086456706,218.07
08-28,1787952300,42.103328,-2.947232959999998,,0.0
08-28,1787952600,300.0,66.0,,0.0
08-28,1787952900,1398.571507,22.412974759999997,0.8290690838745399,600.0
08-28,1787953200,170.36,-46.2328,0.9493956697596954,0.0
08-28,1787953500,434.86000000000007,-81.03870999999998,1.2992705869551284,189.76999999999998
08-28,1787953800,394.011433,11.888337080000014,0.8318444311992544,0.0
08-28,1787954100,267.99285599999996,-4.555350799999957,1.0117387253594805,190.78
08-28,1787954400,133.854849,23.710899189999992,,0.0
08-28,1787954700,1.94,0.3685999999999998,,0.0
08-28,1787955000,650.6436120000001,223.82609645000008,0.6948087542870922,0.0
08-28,1787955300,327.025951,-21.5648438,,0.0
08-28,1787955600,1708.5883410000001,236.16044937000015,0.7281826752857807,0.0
08-28,1787955900,563.672215,50.73049935000006,,0.0
08-28,1787956200,1785.5576099999998,-96.64653764999991,1.0084132761281872,785.8299999999999
08-28,1787956500,3.25,0.3900000000000001,,0.0
08-28,1787956800,609.5148929999999,126.17064080999995,1.0281561588457566,300.0
08-28,1787957100,967.3690240000001,144.51219891999995,0.7012296014616406,0.0
08-28,1787957400,2794.455925,-155.1943964300001,0.9704106032718092,1633.1
08-28,1787957700,964.0871289999999,140.3885402100001,0.7031255661895854,186.55
08-28,1787958000,582.623306,17.637743960000023,1.1949950898714188,0.0
08-28,1787958300,1247.483527,236.00383505000013,0.7936311443906395,200.0
08-28,1787958600,598.426622,-224.46261844000003,1.0260191348193333,190.13000000000002
08-28,1787959200,746.6432299999999,31.988737200000003,0.8446036458024534,416.67
08-28,1787959500,371.92666099999997,-175.43280475999998,1.026012029654497,0.0
08-28,1787959800,93.804284,6.566299879999988,,0.0
08-28,1787960100,752.210329,-162.81925406000005,1.3949105830428898,68.04
08-28,1787960700,54.590789,10.135297579999992,0.8410400613103663,0.0
08-29,1787961900,1033.7699969999999,-183.18805086999987,1.5580533952288058,400.0
08-29,1787962200,266.49333,10.886848500000013,1.045085013839462,151.74
08-29,1787962500,877.4207150000001,-125.72951208999996,1.1002425991830345,182.87
08-29,1787963400,702.714284,104.25999976000003,,0.0
08-29,1787963700,872.5974289999999,-185.71200349571296,1.1669117274764367,277.95
08-29,1787964000,1227.8214309999998,-109.19094249,0.8872793441570967,132.71
08-29,1787964600,387.084103,50.67309389000002,0.7381880010294812,0.0
08-29,1787964900,42.28,6.406419999999999,0.6794607379375592,21.14
08-29,1787965200,1067.9085,111.10498928000015,1.1869362510208408,349.44000000000005
08-29,1787965500,772.4786389999999,109.08678493000002,0.8998956541884079,0.0
08-29,1787965800,840.3729060000001,-76.79805432,0.603537013523282,805.6800000000001
08-29,1787966100,1071.604467,-126.61971725999996,1.0829192277190476,287.02
08-29,1787966400,315.33795399999997,89.14119928,,0.0
08-29,1787966700,1019.65,103.24850000000004,0.9181841514276549,0.0
08-29,1787967000,450.84287399999994,120.28569868,,0.0
08-29,1787967300,1261.3239750000002,-497.3456473700001,1.435211940015751,299.99999999999994
08-29,1787967600,545.915788,116.16233944000004,,200.0
08-29,1787967900,716.18,200.71259999999995,0.7132911123402521,200.0
08-29,1787968200,1723.0547359999998,-151.6709956100002,0.9486002491031237,416.01
08-29,1787968800,1085.793939,87.03780687000005,0.9261698608092779,171.98999999999998
08-29,1787969100,1578.80039,12.631320039999991,1.074650170651385,335.64
08-29,1787969400,440.332762,45.80205768000002,0.7795151227890298,200.0
08-29,1787969700,320.733753,93.04959922,,0.0
08-29,1787970000,834.302373,-4.195898829999976,0.9257580093197934,556.38
08-29,1787970900,89.43,71.54400000000001,,0.0
08-29,1787971200,246.83333199999998,-122.35333264,,0.0
08-29,1787972700,573.432953,104.89685329000002,0.6162984274885035,403.56
08-29,1787973000,1901.339079,314.30775907,0.5827112742033247,459.56
08-29,1787973300,222.22108999999998,38.37544149999998,0.6532580331667777,20.91
08-29,1787973600,536.40127,39.466301310000006,0.7002185134140546,0.0
08-29,1787973900,483.33922900000005,-14.16480045999998,1.1852932471980433,0.0
08-29,1787974200,666.900597,-76.99526775000001,0.9506132444447591,219.53
08-29,1787974500,228.840434,2.7806288000000166,0.946735681349282,111.92
08-29,1787975100,200.0,26.0,,0.0
08-29,1787975400,362.40665000000007,124.70213400000006,0.6942271984036803,0.0
08-29,1787976000,442.9,-62.608000000000004,1.2827184466019417,0.0
08-29,1787976300,877.047448,169.6728642800001,0.6037852507678122,398.23999999999995
08-29,1787976900,918.629862,-32.60335896000004,0.9031476380647692,55.31
08-29,1787977200,399.94624500000003,46.5076153,0.7525740000000001,200.0
08-29,1787977500,1508.8403060000003,-120.13601498000014,1.1141516791131063,685.66
08-29,1787977800,655.73645,-142.38396744000005,0.7753497388275576,32.39
08-29,1787978100,1639.462852,180.12508712,0.7367273242997177,969.73
08-29,1787978400,936.064139,-213.178926,0.9764782717216474,200.0
08-29,1787978700,1408.1071579999998,106.06935104000002,0.867761575043178,437.96999999999997
08-29,1787979000,2908.294133,631.07766059,0.7654180301796571,704.35
08-29,1787979300,1570.5999999999997,263.49793999999997,1.1929525406709742,555.24
08-29,1787979600,731.44296,-128.65078191,1.0204751712340325,268.11
08-29,1787979900,1692.1192849999998,40.91117360999965,0.9413800782051909,830.81
08-29,1787980200,988.2648650000001,32.24932228999995,0.9255252797035101,322.21
08-29,1787980500,1537.53111,-34.54076099999992,0.8597103903822061,446.84000000000003
08-29,1787980800,488.141424,-10.55632128000002,0.8641872293428663,144.07
08-29,1787981100,813.952241,77.88008309999995,0.6324481590488249,429.21999999999997
08-29,1787981400,2472.014204,44.716556029999765,0.9433943244928488,1814.68
08-29,1787981700,712.364942,-208.59682464,1.231220028221908,410.73
08-29,1787982000,1489.5714770000004,-313.97712423999997,1.142330797913076,656.1800000000001
08-29,1787982300,921.900061,-28.09721209999998,0.5694905902854883,200.0
08-29,1787982600,400.0,72.96458999999999,,200.0
08-29,1787982900,1669.295292,13.845220369999879,0.8634911026369856,598.1899999999999
08-29,1787983200,805.0472480000001,303.0909967200001,,200.0
08-29,1787983500,752.6348760000001,190.40759806000017,,0.0
08-29,1787983800,832.4576910000001,416.55339932000004,,0.0
08-29,1787984100,458.127447,-16.311389030000015,1.0537364831075193,229.04999999999998
08-29,1787985000,299.993155,-123.03595665,,99.99999999999999
08-29,1787985600,552.9194679999999,109.83265052000004,0.7177923360429908,0.0
08-29,1787986800,220.0,33.0,0.7000000000000001,0.0
08-29,1787987100,836.1418309999999,-291.81564063,1.5349446797789306,72.24000000000001
08-29,1787987400,558.8246369999999,1.413368050000031,0.9808789645222736,224.73
08-29,1787987700,100.0,37.0,,0.0
08-29,1787988600,381.150628,99.92288603999998,0.46790219330464905,100.0
08-29,1787989500,55.21,-25.9487,,0.0
08-29,1787990100,801.6325039999999,126.35242043999995,0.7982964621853635,200.0
08-29,1787990400,501.202671,67.09009946999998,,0.0
08-29,1787990700,1232.1628529999998,-53.94745269999987,1.1567837047261669,338.22
08-29,1787991300,702.488693,-278.67445041999997,1.2471995565138538,199.99999999999997
08-29,1787991600,1517.114963,25.072938850000014,0.8126860274341194,801.94
08-29,1787992500,1442.5525930000001,190.01292550000005,0.8014757797966436,215.82
08-29,1787992800,781.5015999999999,179.92207195999993,0.6963755847956581,200.0
08-29,1787993700,770.329994,182.44812892000004,,200.0
08-29,1787994000,1287.272497,18.86049520999984,1.0097755214958253,472.07
08-29,1787994300,1692.3356390000001,-166.03245951999963,1.1558456316297034,432.40000000000003
08-29,1787994600,623.085448,56.912748559999955,0.8012142847981255,511.54
08-29,1787994900,693.4553470000001,-8.352332010000111,1.1301154511748548,288.1
08-29,1787995200,443.207137,5.192807950000031,0.9329280345502465,271.6
08-29,1787996100,100.0,-2.0000000000000018,,0.0
08-29,1787997300,1427.8390580000003,235.54382200999999,0.9670094825557384,262.2
08-29,1787997600,323.339764,7.602811880000019,0.9332678704336932,146.51999999999998
08-29,1787998800,445.02,-22.58753999999996,1.0862060132128895,341.02
08-29,1787999100,1586.874227,-236.09126571000024,1.1754518868349688,431.4
08-29,1787999400,729.7325800000001,-42.57958510000003,1.0967453818556923,161.84
08-29,1787999700,747.7925539999999,187.00300789,0.5845599470374401,324.97
08-29,1788000000,817.740267,-162.12313039000003,1.0514383614264422,441.15999999999997
08-29,1788000300,246.58838000000003,30.988371,0.7981391525877106,144.7
08-29,1788000600,3081.5800919999997,119.39711255999987,0.7476130355528288,1045.94
08-29,1788001500,99.994209,-61.99640958,,0.0
08-29,1788001800,113.649229,43.053099079999996,,70.7
08-29,1788002100,1288.1431719999998,-146.97982864,1.0144655836908423,462.15000000000003
08-29,1788002400,146.18147199999999,-14.672640619999996,1.0337418687721827,46.14
08-29,1788002700,1313.921826,-440.5784288699999,1.389310801287547,309.27
08-29,1788003000,138.9375,58.94821999999999,,100.0
08-29,1788004200,1640.1579199999999,-116.86195761272609,1.2680536949018275,464.0899999999999
08-29,1788004500,281.42775,69.12731,0.8229543497302689,210.0
08-29,1788004800,271.36317199999996,-0.1646039200000189,0.9888151904715461,20.2
08-29,1788005100,936.9996849999998,8.190555620000168,1.2930541248410719,332.11000000000007
08-29,1788005700,644.1874990000001,108.03419851000001,,0.0
08-29,1788006000,1196.6516090000002,-210.08829020999997,1.2114760050194466,372.97
08-29,1788006300,2100.098759,181.36754673067912,0.8183760634795187,682.5
08-29,1788006600,633.9015750000001,-208.24512300000004,1.4368653914579241,128.86
08-29,1788006900,1172.85777,-180.04527802999996,1.303182287686024,236.04999999999998
08-29,1788007200,951.1878939999999,72.07826294000006,0.9399124537580814,140.0
08-29,1788007500,2092.822483,-100.4616914899998,1.1199835157126954,980.67
08-29,1788007800,1592.3656740000001,-203.25156924999976,1.408663161478784,138.05
08-29,1788008100,586.6163369999999,115.85069760999988,,0.0
08-29,1788008400,2446.376746,171.5286384100001,0.819158189424941,105.61
08-29,1788008700,1163.628674,134.07054083999998,0.7163445351660473,514.06
08-29,1788009900,720.852696,143.348454,1.0322796527321707,280.0
08-29,1788010200,2059.709162,-49.937816184514986,0.982235372630355,1254.57
08-29,1788010500,761.608299,76.24141345999999,0.7992563514400364,294.08
08-29,1788010800,54.363635,23.9199994,,0.0
08-29,1788011400,950.187489,-162.40674106000003,0.8422539497894417,395.4
08-29,1788011700,1609.39903,-114.60835515999997,1.1365588180083075,395.96
08-29,1788012000,1954.4573100000002,62.896301497813965,0.8433496685243658,330.99
08-29,1788012300,1768.780557,91.39132512999993,0.8232266849201418,499.99
08-29,1788012900,965.9381999999999,49.302962469999954,0.8654600957637943,199.99
08-29,1788013200,83.533332,-60.97933236,,0.0
08-29,1788014100,1878.833978,-82.1979234477999,1.1568161084099289,959.91
08-29,1788014400,492.887416,150.03519474999996,,0.0
08-29,1788014700,686.0,203.54782,,300.0
08-29,1788015000,1789.2846539999998,-72.1288285899999,1.0097212372718052,439.87
08-29,1788015300,1869.965371,-185.66362499000002,1.1913760839243357,507.77
08-29,1788015600,388.462664,106.78759588000008,,0.0
08-29,1788015900,799.3990399999999,-41.377224609999985,1.3656700297745794,212.43
08-29,1788016200,994.9347270000001,37.111669300000074,0.9174607604362878,408.22
08-29,1788016500,920.8317780000001,-293.98560788000015,1.4555129890777323,0.0
08-29,1788016800,200.0,36.0,,0.0
08-29,1788017100,182.993474,28.840499019999996,0.9400000000000001,0.0
08-29,1788017400,229.665099,59.72699620999998,,0.0
08-29,1788017700,557.997725,75.16690350000005,0.8068303613388563,0.0
08-29,1788018000,1113.415713,-111.01860045000001,1.0642551367711912,0.0
08-29,1788018300,398.112058,-104.75516097999994,1.5455311833832792,98.53999999999999
08-29,1788018600,461.46117599999997,-57.60118750000001,1.1840634186012242,0.0
08-29,1788018900,200.90356,55.909696620000005,,0.0
08-29,1788019200,366.52371200000005,84.86656651000004,1.008678824589626,0.0
08-29,1788019500,391.02514499999995,38.150658050000004,1.1146016336492162,65.27
08-29,1788019800,268.411902,76.11569927000002,,0.0
08-29,1788020100,215.82000000000002,41.022800000000046,,0.0
08-29,1788020400,240.802179,-13.640980549999995,1.344131455399061,0.0
08-29,1788020700,592.892915,118.11493689000002,0.85959257886818,76.32
08-29,1788021000,1603.773332,-365.9559000400001,1.454180965980405,200.0
08-29,1788021300,269.207219,51.005118839999994,0.8455533294706357,20.83
08-29,1788021600,151.47,46.441,,0.0
08-29,1788021900,399.993635,81.9971994,0.9200014851981775,0.0
08-29,1788022200,710.992769,70.14595802999997,0.7274250289534022,0.0
08-29,1788022500,589.1688529999999,13.89950736999998,0.8968186138181927,0.0
08-29,1788022800,425.995344,3.1046043100000134,0.9233232120141963,0.0
08-29,1788023100,86.617261,-16.457279590000002,,0.0
08-29,1788023400,165.30987499999998,-54.797974999999994,,0.0
08-29,1788023700,362.717393,-51.36415475999999,0.9044060016993241,100.0
08-29,1788024900,1059.153362,-62.404755590000036,1.2139574514591527,195.32
08-29,1788025200,266.43,48.264700000000005,,0.0
08-29,1788025500,307.46000000000004,12.176739999999995,0.919377479997398,19.37
08-29,1788025800,558.63762,-149.26609109999993,1.2655932339446152,100.0
08-29,1788026100,718.598032,-96.79299119999996,0.9597765928782473,0.0
08-29,1788026400,710.424284,20.92768988000006,0.94086937304693,299.99
08-29,1788027000,14.7491,-1.179928,,0.0
08-29,1788027300,413.387203,-15.466618650000001,0.6884729242119053,0.0
08-29,1788027600,152.799862,-37.588801190000005,1.1934232545910821,0.0
08-29,1788027900,604.879197,-48.05652189999998,0.9726880505928015,0.0
08-29,1788028200,533.1732830000001,-113.31830308999997,0.9843493231859426,0.0
08-29,1788028500,546.986427,21.46747989000002,0.8470322821884897,123.49
08-29,1788028800,578.328751,31.345268569999973,0.8916059324447507,0.0
08-29,1788029100,100.0,50.0,,0.0
08-29,1788029400,649.9864630000001,-79.54352702,1.244741779234528,0.0
08-29,1788029700,85.425713,24.619199640000005,,0.0
08-29,1788030000,130.988567,-34.825769789999995,1.3,0.0
08-29,1788030300,103.886791,50.17320823,0.95,0.0
08-29,1788030600,186.341426,52.11119856000002,1.0624760012887897,0.0
08-29,1788030900,185.194542,-131.92664352000003,,0.0
08-29,1788031200,337.722854,-85.50385685999998,1.3307116368374072,0.0
08-29,1788031500,321.07669999999996,-29.4144481,0.9773354309912037,0.0
08-29,1788031800,364.481535,153.43146229999994,0.7024584286028552,0.0
08-29,1788032100,759.9003660000001,81.18542440608195,1.0956378756556142,30.0
08-29,1788032400,515.336396,-30.716986780000013,1.1192169863537353,0.0
08-29,1788032700,524.617636,38.861549449999984,0.9511689490779547,0.0
08-29,1788033000,910.900527,-105.68573985999996,1.0703274712256587,50.49
08-29,1788033300,399.993702,89.99829954,,0.0
08-29,1788033600,457.71259699999996,-74.83926592,1.5099562531389015,171.77999999999997
08-29,1788033900,1135.3276,88.98242590000007,0.9580522487602907,120.17999999999999
08-29,1788034200,403.07581400000004,30.336450030000037,1.1242216304132029,0.0
08-29,1788034500,428.722082,-84.57484058000006,1.3340230397308512,99.99000000000001
08-29,1788034800,399.999522,-46.79037275999997,1.2242950468226517,200.00000000000003
08-29,1788035100,245.28403400000002,-16.108734620000007,1.0166174251807416,0.0
08-29,1788035400,202.771346,62.20479856,,0.0
08-29,1788036000,721.817776,-8.143901710000023,0.9689679126356798,0.0
08-29,1788036300,414.449508,-31.152279720000024,1.148379777155404,23.3
08-29,1788036600,469.259407,15.597064629999977,0.9992942451353377,0.0
08-29,1788036900,339.289452,98.00401843999998,0.6707930458462864,0.0
08-29,1788037200,300.0,13.29200000000003,1.1235399999999998,0.0
08-29,1788037500,339.24,-7.088599999999985,1.04179106237472,0.0
08-29,1788038100,420.65555099999995,89.82409754000008,1.1740452206299086,0.0
08-29,1788038700,100.0,32.0,,0.0
08-29,1788039000,167.276495,-2.0104995000000088,1.0240366610582097,0.0
08-29,1788039300,299.99674999999996,16.161050000000017,0.6825631000903765,100.0
08-29,1788039600,94.59032,29.322999200000012,,0.0
08-29,1788039900,104.71395199999999,-18.964455719999997,1.2743413683678884,0.0
08-29,1788040500,127.18,-78.64,,0.0
08-29,1788040800,149.183331,-16.731422260000002,1.1966895860944209,3.33
08-29,1788041100,76.0,0.37999999999999545,0.99,0.0
08-29,1788041400,5.41,1.4066,,0.0
08-29,1788041700,187.46540000000002,25.110084,0.8630064881051406,0.0
08-29,1788042000,746.263985,-47.00777991000001,0.9055467693850913,99.99000000000001
08-29,1788042300,201.85,-97.83147000000001,,100.0
08-29,1788042600,717.844953,-142.97632627999997,1.286300312106014,150.18
08-29,1788042900,105.686256,32.67646462999999,0.9876456772376007,11.129999999999999
08-29,1788043200,186.887138,19.98965826,1.019308980237787,0.0
08-29,1788044400,599.982001,138.99359761,1.0819995575000707,0.0
08-29,1788044700,689.86,-104.09589999999997,1.4532700665968101,0.0
08-29,1788045000,135.19,29.2051,,0.0
08-29,1788045900,246.20714,56.352998400000004,0.5422516165295053,0.0
08-29,1788046800,445.127254,-38.09629838999999,0.916789938038333,100.0
08-29,1788047100,200.0,-21.0,1.21,0.0
08-29,1788047400,200.0,47.0,,0.0
08-29,1788047700,1184.6560570000001,82.88354284000002,0.9264733529964841,98.69
08-30,1788048600,30.95478,7.1195993999999985,,0.0
08-30,1788048900,582.298837,69.30115118999998,0.7718593880474731,0.0
08-30,1788050400,252.489287,-28.60660926,1.2439328621599413,0.0
08-30,1788051000,318.8041839999999,-43.56554757999996,0.629925780020008,0.0
08-30,1788051300,235.802958,9.657504579999994,0.7340438747720383,0.0
08-30,1788051600,142.14814700000002,36.37999969000002,,0.0
08-30,1788051900,155.925161,-35.517772470000004,,0.0
08-30,1788052200,80.02,-46.4116,,0.0
08-30,1788053100,94.818625,-3.792745,,0.0
08-30,1788053400,199.992726,-54.000800139999996,1.54,0.0
08-30,1788053700,200.0,-10.0,1.1,0.0
08-30,1788054600,111.241665,-33.1946656,,0.0
08-30,1788054900,199.97776,34.002224,0.66,0.0
08-30,1788055200,60.12195,24.6499995,,0.0
08-30,1788056100,2.929109,-0.61511289,,0.0
08-30,1788056700,100.0,79.0,,0.0
08-30,1788057000,199.987909,-25.95508466000001,1.2595565322552207,0.0
08-30,1788057600,18.844322,6.972399139999997,,0.0
08-30,1788057900,58.48,-18.128800000000002,,0.0
08-30,1788058200,100.0,43.99999999999999,,0.0
08-30,1788058500,191.209357,-89.34095921000001,,0.0
08-30,1788059400,100.0,19.0,,0.0
08-30,1788060600,4.628946,0.87949974,,0.0
08-30,1788060900,88.858232,48.57599488,,0.0
08-30,1788061200,35.899992000000005,-10.7699976,,0.0
08-30,1788061500,27.3,4.641000000000002,,0.0
08-30,1788061800,151.571424,88.87999744000001,,0.0
08-30,1788062400,99.997266,-11.999671919999999,,0.0
08-30,1788063300,217.744434,-19.88684776000001,1.146255067218955,0.0
08-30,1788063600,100.0,-37.0,,0.0
08-30,1788064800,290.228448,43.092580080000005,0.9304833916460236,87.85
08-30,1788065100,127.31,-14.249700000000004,1.1800000000000002,0.0
08-30,1788065400,36.11267600000001,14.806197160000007,,0.0
08-30,1788067800,100.0,-34.0,,0.0
08-30,1788068400,187.062555,-10.909581349999996,1.04,78.48
08-30,1788068700,78.60427899999999,13.756797179999996,0.6500000000000001,0.0
08-30,1788069300,100.0,22.0,,0.0
08-30,1788069600,290.705602,1.7082982599999923,1.0924326310151904,0.0
08-30,1788069900,35.0,-1.0499999999999998,,0.0
08-30,1788072000,100.0,-40.0,,0.0
08-30,1788072300,137.81238,-31.32389336,1.5504695024103725,0.0
08-30,1788072600,197.53,70.3331,,0.0
08-30,1788072900,62.59,23.7842,,0.0
08-30,1788073200,123.04475,-77.0130525,,0.0
08-30,1788073800,58.89,-4.711199999999998,,0.0
08-30,1788074700,107.46,-48.7744,,0.0
08-30,1788075000,415.256189,149.05299572999996,,0.0
08-30,1788075300,465.568852,65.95863639999999,1.2849538121373663,66.19
08-30,1788075600,100.0,44.99999999999999,,0.0
08-30,1788075900,544.449042,-153.57164501999998,1.2790055127839244,0.0
08-30,1788076200,873.0155450000001,-48.01621723000005,1.0364733260483145,137.52
08-30,1788076800,339.784857,-119.36859473000001,1.3423577571743,0.0
08-30,1788077100,100.0,-17.000000000000004,,0.0
08-30,1788077700,215.658949,-73.95055062,,0.0
08-30,1788078000,441.99494300000003,102.53293657999998,1.088228979063412,70.35
08-30,1788078300,64.74333,58.268997,,0.0
08-30,1788078600,352.81941,109.95859940000003,,0.0
08-30,1788078900,210.265332,58.079599599999995,,0.0
08-30,1788079500,644.832712,-93.76368806000005,0.9562631533689419,100.0
08-30,1788079800,200.0,68.0,,0.0
08-30,1788080400,217.09999999999997,-28.62415,1.2639602325833663,100.0
08-30,1788080700,210.760587,-134.60198742,,0.0
08-30,1788081000,465.74672,-114.04245729,1.0620156468467141,100.0
08-30,1788081300,443.0,58.02680000000004,0.915895141728907,100.0
08-30,1788081600,703.409741,2.666371259999977,0.7464023753721227,122.47
08-30,1788081900,557.768315,95.41641171999999,0.9348298223144176,0.0
08-30,1788082200,434.344653,128.01269874999997,0.7012324273958107,0.0
08-30,1788082500,64.043332,19.212999600000003,,0.0
08-30,1788083400,300.0,60.0,,0.0
08-30,1788083700,344.971606,38.391197860000034,1.0740809466710195,0.0
08-30,1788084000,660.575554,230.66829944,,100.0
08-30,1788084300,45.139284,12.638999519999999,,0.0
08-30,1788084600,350.17915600000003,-83.44960035999998,1.2836379522601657,0.0
08-30,1788084900,98.55441499999999,84.48997343999999,,0.0
08-30,1788085200,146.372624,-14.489429760000007,1.05,0.0
08-30,1788085500,120.040807,-7.862302819999998,0.391456896940201,0.0
08-30,1788086100,30.36,-5.768399999999998,,0.0
08-30,1788086400,28.089881,-3.0898869099999993,,0.0
08-30,1788086700,71.219081,-18.31598754,,0.0
08-30,1788087600,80.871626,34.77479918000001,,0.0
08-30,1788088500,293.99904000000004,96.9468991,0.44725241438492236,0.0
08-30,1788088800,775.277466,-78.71608637999998,1.1434939446929302,0.0
08-30,1788089100,300.0,43.78885,0.875,19.6
08-30,1788089400,425.33827799999995,141.66034158,0.5986140895806193,100.0
08-30,1788090000,139.74,29.397400000000005,0.98,0.0
08-30,1788090300,145.068532,5.3907856900000155,1.0572421203430733,0.0
08-30,1788090600,360.0,38.974320000000006,1.0595557692307693,100.0
08-30,1788090900,57.868,17.360400000000006,,0.0
08-30,1788091200,119.61538300000001,19.099999580000002,,0.0
08-30,1788091500,562.553575,191.80359834,,0.0
08-30,1788091800,1057.7055699999999,228.71263855999985,,300.0
08-30,1788092100,132.56,24.68759999999999,,0.0
08-30,1788092400,103.59009599999999,37.354598439999975,,0.0
08-30,1788092700,252.138221,-142.27602155,,0.0
08-30,1788093000,84.84,23.702000000000005,,0.0
08-30,1788093300,67.0,19.43,,0.0
08-30,1788093600,400.482535,-84.76725095999998,1.4233060664430486,0.0
08-30,1788094200,192.43118700000002,-37.07578992,,0.0
08-30,1788094500,110.0,-0.04251000000000005,0.99,55.0
08-30,1788094800,1282.155908,-40.926562937776,1.2091233662452616,474.82
08-30,1788095100,45.717141,16.000999349999997,,0.0
08-30,1788095400,278.214869,48.43459961000002,,0.0
08-30,1788095700,564.158944,-47.93455972000004,0.8739411897101295,135.0
08-30,1788096000,100.0,33.0,,0.0
08-30,1788096300,399.99571299999997,13.571499459999984,0.9321344031509315,0.0
08-30,1788096600,1224.952334,51.7426946500002,1.0471095132975712,75.61
08-30,1788096900,651.69089,7.546937259999993,0.9724461785564933,166.57
08-30,1788097500,453.29494,165.88769793517406,,0.0
08-30,1788097800,1882.638655,-237.42055790999996,1.188122073307369,402.03
08-30,1788098100,668.143234,-4.86993657000005,0.9310542219281966,100.0
08-30,1788098400,387.999362,-285.97366282999997,,0.0
08-30,1788098700,1175.1966360000001,-118.11730996200004,1.099050435173004,0.0
08-30,1788099000,434.934096,22.886549039999977,1.3673254504422947,74.41
08-30,1788099600,398.63156999999995,9.107684899999995,0.6960947959716326,120.0
08-30,1788099900,158.95552600000002,22.115152240000015,0.914755379392104,17.8
08-30,1788100200,865.278595,43.68513372999996,0.6248730839217403,182.64000000000001
08-30,1788100500,25.0,5.0,,0.0
08-30,1788101100,455.709065,-199.9675443,1.5310090408859427,0.0
08-30,1788101400,199.994544,-8.843700160000012,1.0859088679878375,44.01
08-30,1788101700,533.9711669999999,-27.540696449999928,1.0905260032296717,253.98000000000002
08-30,1788102000,189.3024,52.38560000000001,,0.0
08-30,1788102300,90.40859999999999,-52.932902,,0.0
08-30,1788102600,100.0,13.0,,0.0
08-30,1788102900,365.71000000000004,-111.4683,1.6825,0.0
08-30,1788103200,11.278686,-4.39868754,,0.0
08-30,1788103500,200.0,-16.000000000000004,,0.0
08-30,1788103800,100.0,36.0,,0.0
08-30,1788104100,548.22646,-103.88451475,1.1577267981689896,300.0
08-30,1788104400,304.0,23.75355000000002,1.1020377450980392,100.0
08-30,1788104700,70.777765,-33.072967489999996,,0.0
08-30,1788105000,898.167171,154.70890233999998,0.5171981788160721,188.4
08-30,1788105300,231.04000000000002,89.13520000000003,,0.0
08-30,1788105600,100.0,-42.0,,0.0
08-30,1788105900,294.213863,-28.727313580000015,1.532699394066421,78.22999999999999
08-30,1788106200,7.692305,-2.6923067499999997,,0.0
08-30,1788106500,236.06528400000002,-171.82338776999998,,0.0
08-30,1788106800,100.0,10.0,,0.0
08-30,1788107100,100.0,-8.999999999999996,,0.0
08-30,1788107700,422.932635,167.1997072,0.640185767692641,26.85
08-30,1788108000,137.33333199999998,14.479999839999977,,0.0
08-30,1788108600,347.8349769999999,-16.890977530000015,0.7319589532500949,56.83
08-30,1788108900,200.0,-1.9444500000000176,1.0100000000000002,173.01
08-30,1788109200,599.91947,-118.17796898,1.3935923840236677,24.939999999999998
08-30,1788109500,200.0,4.0,0.96,0.0
08-30,1788110100,81.84,1.2671500000000009,0.9685630498533724,2.81
08-30,1788110400,224.532713,66.61373164,0.4618914690002955,100.0
08-30,1788110700,571.2197759999999,-310.02138794999996,,0.0
08-30,1788111000,299.994743,-107.99784463,,0.0
08-30,1788111300,503.56765100000007,58.486189560000014,0.6575018972115302,0.0
08-30,1788111600,669.977697,-14.30680276999999,0.7163853661612924,0.0
08-30,1788111900,339.300693,-114.80681357999998,,0.0
08-30,1788112200,490.47277999999994,-36.25605965363201,1.1010883117824442,0.0
08-30,1788112500,51.110713000000004,28.62199928,,0.0
08-30,1788115200,141.583355,-45.101564,,0.0
08-30,1788115500,206.51515,-40.215151000000006,,0.0
08-30,1788115800,256.25676,-35.05230800000001,0.6943866744327438,140.0
08-30,1788116100,470.071173,3.540408819999982,0.8142107861815553,76.49
08-30,1788116700,309.985832,-31.87657011999997,1.5378577912818423,21.0
08-30,1788117000,397.7947,-14.747745000000009,0.8175288965090863,28.0
08-30,1788117300,116.71884299999999,16.11299550999999,1.4315128963643984,8.36
08-30,1788117600,86.976355,27.95219745,,0.0
08-30,1788117900,558.569157,-69.68834265000001,0.8720247572532549,225.0
08-30,1788118200,709.99319,-57.60021070000005,1.0668822424534552,100.0
08-30,1788118800,371.901977,12.408012069999984,1.2496414626146115,133.99999999999997
08-30,1788119400,33.898304,-13.898304640000003,,0.0
08-30,1788119700,132.95,43.0145,,0.0
08-30,1788120000,100.0,37.0,,0.0
08-30,1788120300,100.0,36.0,,0.0
08-30,1788120600,157.019924,-15.592345839999997,,0.0
08-30,1788120900,74.31,-47.5584,,0.0
08-30,1788121200,22.63,4.4315599999999975,0.9,4.05
08-30,1788121500,20.892856000000002,-15.042856319999999,,0.0
08-30,1788121800,99.986664,29.995999200000014,,0.0
08-30,1788122100,100.0,-93.0,,0.0
08-30,1788122400,227.935711,43.14799954,,0.0
08-30,1788122700,297.908458,-209.85745892,,0.0
08-30,1788123000,157.900415,38.678099599999996,,0.0
08-30,1788123600,99.997618,20.999499779999994,,0.0
08-30,1788123900,240.548122,-24.849480979999996,1.0088472464968261,99.68
08-30,1788124200,304.47220999999996,-62.450931000000004,,102.88
08-30,1788124500,100.0,34.0,,0.0
08-30,1788124800,100.0,-54.0,,0.0
08-30,1788125100,141.665383,29.41649978999999,,0.0
08-30,1788125400,64.38487699999999,21.21159903999998,,0.0
08-30,1788125700,99.99391,45.9971986,,0.0
08-30,1788126000,166.21901100000002,20.174585710000002,0.9300000000000002,0.0
08-30,1788126300,112.066665,16.809999750000003,,0.0
08-30,1788126600,141.863332,-40.7453328,,0.0
08-30,1788126900,792.183528,5.760891329999993,0.9807383916030844,132.73000000000002
08-30,1788127200,471.04753300000004,366.00897110000005,,0.0
08-30,1788128100,100.0,51.0,,0.0
08-30,1788128400,100.0,6.800000000000011,,0.0
08-30,1788129000,132.627363,30.173749199999996,0.5450301327819821,0.0
08-30,1788129300,69.52,-8.3424,,0.0
08-30,1788130200,199.98856999999998,67.999199,0.31999999999999995,0.0
08-30,1788130500,432.342597,-45.31471613999997,0.9277047740087185,0.0
08-30,1788130800,294.084813,11.659210269999974,0.8971371229566908,0.0
08-30,1788131100,416.442981,-57.70178419999996,0.8602566669980902,11.2
08-30,1788131400,712.6570579999999,0.17599470000004658,0.9347281581892014,0.0
08-30,1788131700,300.0,-9.0,,0.0
08-30,1788132300,438.35714,293.4799984,,0.0
08-30,1788132600,337.50379899999996,-38.05218191,0.8386931123114361,65.0
08-30,1788132900,5.0,1.35,,0.0
08-30,1788133200,599.991847,9.598341419999997,0.9680092792321786,0.0
08-30,1788133500,261.71697800000004,138.70999834000003,,0.0
08-31,1788134400,540.005452,151.33496887999996,0.5858674559847009,189.0
08-31,1788136200,131.71,-36.1568,1.1395427309996846,20.0
08-31,1788136500,160.07077,-16.007076999999995,,0.0
08-31,1788136800,266.97398200000003,52.60448108000001,0.6914730154579467,9.0
08-31,1788138600,200.0,-37.0,1.37,0.0
08-31,1788138900,400.156871,-22.716360969999982,0.9303810342165271,15.72
08-31,1788139200,412.415674,-51.475316119999974,1.2462456703165672,40.4
08-31,1788139500,5.0,3.9,,0.0
08-31,1788139800,55.964283,-16.7892849,,0.0
08-31,1788140700,199.99585000000002,-35.999253,,0.0
08-31,1788141000,300.0,-27.0,,0.0
08-31,1788141600,299.987825,37.000199249999994,0.4699994999749988,0.0
08-31,1788141900,200.0,-2.8999999999999915,1.029,0.0
08-31,1788142500,300.0,-3.202069999999992,1.068209,200.0
08-31,1788142800,43.0,-15.049999999999999,,0.0
08-31,1788143100,100.0,-28.000000000000004,,0.0
08-31,1788143400,229.13757099999998,16.128421369999998,0.728445856241171,0.0
08-31,1788144600,131.148147,29.81999938,,0.0
08-31,1788144900,283.65557,147.20759377000005,,0.0
08-31,1788145200,15.112447,-7.75734797,,0.0
08-31,1788145500,64.33,-26.1755,,0.0
08-31,1788146400,100.0,-54.0,,0.0
08-31,1788147000,400.0,16.99839,0.9115,100.0
08-31,1788147600,100.0,68.0,,0.0
08-31,1788147900,507.2439,19.103598000000005,0.7738211482799171,100.0
08-31,1788148200,100.0,32.000000000000014,,0.0
08-31,1788148500,57.673595,-6.33324245,,0.0
08-31,1788148800,272.8,-4.689999999999998,0.8249189814814815,0.0
08-31,1788149100,210.526206,-72.832795226,,0.0
08-31,1788149400,233.0,113.43,0.7003030303030304,0.0
08-31,1788149700,100.0,-34.0,,0.0
08-31,1788150000,100.240905,-17.387907700000003,0.9469886634624698,0.0
08-31,1788150600,148.72215,18.859316579999998,0.8099999999999999,0.0
08-31,1788150900,500.0,-59.0,0.6825000000000001,0.0
08-31,1788151500,531.7687400000001,75.9289621,0.8312033056008086,54.239999999999995
08-31,1788151800,5.02,-0.6023999999999999,,0.0
08-31,1788152400,300.0,-6.8925000000000125,1.105,100.0
08-31,1788152700,299.985,12.7329,0.8132741637081854,198.91
08-31,1788153300,100.0,-7.9999999999999964,,0.0
08-31,1788153600,70.0,-24.5,,0.0
08-31,1788153900,554.811541,-33.998096610000005,1.0867748140358418,45.510000000000005
08-31,1788154200,161.84846,-29.797061,0.9736400946251229,45.0
08-31,1788154500,51.843122,-17.108230260000003,,0.0
08-31,1788155100,200.0,-38.0,,0.0
08-31,1788155400,40.72,7.736800000000001,0.62,0.0
08-31,1788155700,282.209409,69.90239812,0.86,0.0
08-31,1788156000,200.0,-40.837180000000004,,100.0
08-31,1788156300,60.0,-2.4,,0.0
08-31,1788156600,299.99285599999996,104.99749959999994,,0.0
08-31,1788156900,200.0,34.0,,0.0
08-31,1788157200,100.0,32.0,,0.0
08-31,1788157500,99.989997,25.997399220000005,,0.0
08-31,1788157800,38.81,-6.597700000000001,,0.0
08-31,1788172800,559.286413,138.87460365,0.5171823102458053,50.09
08-31,1788173100,445.049075,35.217896999999994,1.000388439407853,0.0
08-31,1788173400,13.536200000000001,3.326136000000001,0.73,5.0
08-31,1788173700,320.24976599999997,52.59421403999997,0.7215975180191658,100.0
08-31,1788174000,105.23809399999999,-21.93809478,,0.0
08-31,1788174300,470.55580699999996,96.87556169000004,0.5813264357923819,99.99
08-31,1788174900,498.398155,42.647589150000016,0.6348414813059384,195.71
08-31,1788175800,99.99095700000001,-6.999366990000001,,0.0
08-31,1788176100,80.74828399999998,-24.46328968,,0.0
08-31,1788176700,274.07135,38.27011900000001,0.3885245708807641,8.19
08-31,1788177000,214.479845,70.941195,0.47941124846451194,0.0
08-31,1788177300,512.782861,-20.88378241999996,0.9091167231970905,15.66
08-31,1788177600,146.084284,20.45179976,,0.0
08-31,1788177900,48.72,37.514399999999995,,0.0
08-31,1788178200,462.88001299999996,-82.44726786,0.789393580510364,2.33
08-31,1788178500,1357.1452140000001,216.19323552999992,0.6642025879010285,383.87
08-31,1788178800,420.78,-32.4546,,0.0
08-31,1788179400,769.608138,154.5105987500001,,0.0
08-31,1788179700,600.0,-381.0,,0.0
08-31,1788180000,600.0,123.0,,0.0
08-31,1788180900,313.0,-245.1005,,300.0
08-31,1788181200,11.02,2.203999999999999,,0.0
08-31,1788181500,298.280466,-43.586876910000015,0.8314250901562793,50.0
08-31,1788182100,300.0,66.0,,0.0
08-31,1788182700,340.331426,26.823199820000013,,0.0
08-31,1788183000,573.8014270000001,19.76785277999994,1.4801591122012918,324.75
08-31,1788183300,337.69922599999995,41.78497275999999,1.4024450539046271,5.0
08-31,1788183900,1043.13013,-302.7486318,1.4019408023707949,351.73
08-31,1788185100,767.505659,198.01334221,0.30055884170591396,0.0
08-31,1788185700,310.307691,-224.30000085,1.12,0.0
08-31,1788186300,41.79,-14.208599999999999,,0.0
08-31,1788187800,1216.979601,80.91227871000001,0.38059916832326557,499.8999999999999
08-31,1788188400,300.0,-99.0,,0.0
08-31,1788189300,600.0,103.91817999999998,0.6383606666666668,300.0
08-31,1788189900,298.907304,-37.210580179999994,0.564440686331599,13.75
08-31,1788190200,40.0,2.2858400000000003,0.87,20.0
08-31,1788190500,423.07000000000005,-69.60439999999998,0.6483975580663695,0.0
08-31,1788190800,206.739124,-64.08912844000001,,0.0
08-31,1788191100,408.522644,-38.708382943845,,0.0
08-31,1788191700,1133.4575650000002,-88.89862893999995,0.6262079053261177,385.88999999999993
08-31,1788192000,254.51,-78.89810000000001,,0.0
08-31,1788192300,1322.331527,-95.37196884000002,1.2587631743989895,150.07
08-31,1788192600,366.182726,25.280099860000007,,0.0
08-31,1788192900,1321.027947,233.62589407200005,0.6399438611925349,883.9100000000001
08-31,1788193500,763.901582,26.529266539999952,0.7501479339406288,99.79
08-31,1788193800,792.0,-42.129989999999964,0.9816250670034017,288.5
08-31,1788194100,953.340782,109.82373904999992,0.6160243780226042,132.53
08-31,1788194700,9.104475,-3.0044767500000003,,0.0
08-31,1788195000,163.401267,7.961237529999991,0.8955617343741521,37.57
08-31,1788195300,7.0,-0.49000000000000005,,0.0
08-31,1788195600,633.739726,136.87428858,0.5668221637186558,300.0
08-31,1788195900,1069.944627,72.83298693999996,1.023365782292145,162.9
08-31,1788196200,1394.890849,28.45455106999998,1.0352647233561527,362.38
08-31,1788196500,790.028645,74.3991589499999,0.8109638280491798,395.01
08-31,1788196800,526.27089,-142.2829079,,300.0
08-31,1788197100,1034.6170260000001,29.73177007999999,0.9401011659786899,112.41
08-31,1788197400,300.0,78.0,,0.0
08-31,1788197700,535.1290859999999,-48.827348700000016,1.1728507817909544,223.56
08-31,1788198000,420.572628,91.90879932000001,,0.0
08-31,1788198300,619.260908,-241.40211811999998,1.3569249652279995,172.41
08-31,1788198600,300.0,60.0,,0.0
08-31,1788198900,617.3280120000001,41.310378079999964,0.7902458966492916,39.47
08-31,1788199200,300.0,81.0,,0.0
08-31,1788199500,345.48722100000003,51.155748560000006,1.4352035694366982,22.74
08-31,1788200100,201.916665,24.2299998,,0.0
08-31,1788200400,599.9987500000001,-22.218309999999974,1.3205479737443715,141.78
08-31,1788200700,1938.57006,131.34979693999992,0.7520478429910116,289.66999999999996
08-31,1788201000,822.5830249999999,-78.71034824000003,0.8381488827670489,28.2
08-31,1788201300,184.68478,-39.589401800000005,1.17,40.0
08-31,1788201600,300.0,56.99999999999997,,0.0
08-31,1788201900,529.7271900000001,39.65529866000003,0.8502826010273299,0.0
08-31,1788202200,300.0,21.000000000000057,,0.0
08-31,1788202500,1068.002575,-212.61750180000007,1.1970604140931878,105.71000000000001
08-31,1788202800,711.8310329999999,214.0560995699999,,300.0
08-31,1788203100,367.9,75.34464999999994,,67.9
08-31,1788203400,1758.7824970000001,-77.81245736000028,1.2316336733710798,627.01
08-31,1788203700,300.0,33.0,,0.0
08-31,1788204000,599.996922,116.57930702000002,0.6071797147972071,123.82
08-31,1788204300,1500.0000000000002,418.2207900000001,1.2605624166666667,600.0
08-31,1788204600,678.276025,114.01527716999993,1.1857606114068646,66.95
08-31,1788204900,1314.5604720000001,221.49836463999998,0.4494452004569795,261.0
08-31,1788205200,132.41333,11.917199699999998,,0.0
08-31,1788205500,751.364635,-480.84603585,,0.0
08-31,1788205800,190.0,-140.6,,0.0
08-31,1788206100,715.149528,-48.03473856000002,0.6754551225788523,121.88
08-31,1788206400,344.755475,55.104599750000034,1.1054704940368605,0.0
08-31,1788206700,311.947776,-124.64657664,1.48,0.0
08-31,1788207000,367.434868,97.66050194000002,0.7131552553926098,0.0
08-31,1788207300,600.0,-81.0,1.27,0.0
08-31,1788207600,752.95043,-77.13595745999999,1.139953311743381,11.77
08-31,1788207900,306.67224999999996,103.69189834999995,,0.0
08-31,1788208200,670.169504,46.379090469999994,1.0778936572392426,0.0
08-31,1788208500,859.392791,-133.63734544000002,0.7425921669060189,26.85
08-31,1788208800,148.93,-10.425099999999993,,0.0
08-31,1788209100,1335.692346,208.3132481,0.7555753223727181,517.8399999999999
08-31,1788209400,463.662634,31.04399957999999,0.8660962370811006,0.0
08-31,1788209700,1395.3626740000002,-166.53059745999997,1.0140483652977539,484.88
09-01,1788225000,600.0,6.585059999999942,0.9735186666666671,116.91999999999999
09-01,1788225300,875.625792,-120.86411368999995,1.3792547693115884,287.81
09-01,1788225600,521.5244660000001,5.077598849999987,0.8887020610987891,0.0
09-01,1788225900,100.0,37.0,,0.0
09-01,1788226200,818.5673509999999,152.28779792000006,0.6390975393286813,0.0
09-01,1788226500,268.799997,51.511999280000026,,0.0
09-01,1788226800,471.16666499999997,74.07999919999995,0.7438690851805108,0.0
09-01,1788227100,1333.8794579999999,-37.5143930669999,1.0526691456650432,296.58
09-01,1788227400,770.4857079999999,9.99239824,0.8243950377400792,0.0
09-01,1788227700,767.526664,55.617198766668025,0.8550760030405664,0.0
09-01,1788228000,611.851507,124.16399773999996,,0.0
09-01,1788228300,1290.695334,-69.15930091999996,1.0148340223648675,299.99
09-01,1788228600,899.99857,392.99949949999996,,0.0
09-01,1788228900,1440.652001,115.7799584899999,1.1500109536437417,424.62
09-01,1788229200,964.029997,57.94369945999995,0.8797904653113385,0.0
09-01,1788229500,919.0211970000001,97.91298710000001,0.7036533082651361,0.0
09-01,1788229800,205.0,51.25,,0.0
09-01,1788230100,918.7607740000001,29.798038640000016,0.8934851161132914,0.0
09-01,1788230400,105.0,-38.64667,,100.0
09-01,1788230700,329.115768,28.437999359999992,1.1125659024917047,0.0
09-01,1788231000,1364.5116070000001,62.56532449000008,0.8817660982425627,424.01
09-01,1788231300,290.639064,37.31053104,0.5570538243935146,0.0
09-01,1788231600,400.0,110.8598,1.0666666666666667,200.0
09-01,1788231900,633.9199070000001,-381.38870883,,0.0
09-01,1788232200,1557.934366,-34.61507849000009,1.0444349044766863,0.0
09-01,1788232500,308.922296,8.20332656000005,1.0523920893351701,16.0
09-01,1788232800,20.483901,-0.8980115899999994,1.0699999999999998,10.24
09-01,1788233100,1031.635231,-274.37074000999985,1.530459746532424,158.67000000000002
09-01,1788234000,901.243361,-104.75472552000002,1.1323806709309927,65.5
09-01,1788234300,341.01,74.202,,0.0
09-01,1788234600,666.0090769999999,-105.98106639999997,1.0844563498432216,160.51999999999998
09-01,1788234900,362.92031099999997,-51.84905507,0.829856978394288,31.46
09-01,1788235200,305.735176,-15.976815920000014,,0.0
09-01,1788235500,320.584357,-30.04059779000002,1.1856813789346103,60.290000000000006
09-01,1788235800,416.0,-82.79663000000002,0.9241022151898735,200.0
09-01,1788236100,235.454544,-13.100000160000008,1.1752348991703077,0.0
09-01,1788236400,209.99875,-38.65804,1.3474677362939127,145.0
09-01,1788236700,340.658271,26.54814761,0.8426991283353862,38.61
09-01,1788237000,295.14,-80.785,1.3701055652352156,0.0
09-01,1788237300,175.0,35.5,,0.0
09-01,1788237900,499.035262,0.6648071200000345,1.1137526478717232,199.04000000000002
09-01,1788238200,199.99478299999998,-15.999499959999998,,0.0
09-01,1788238500,363.45453399999997,-11.504896099999968,0.9489377354033827,131.73000000000002
09-01,1788239100,1839.825273,139.38449412000023,0.8428082560238415,327.91
09-01,1788239400,69.99000000000001,10.824400000000004,,0.0
09-01,1788239700,521.4266640000001,-112.51080192,0.9501891458215542,0.0
09-01,1788240000,33.74,5.630000000000003,,0.0
09-01,1788240300,33.240449999999996,-1.163453999999998,1.0699999999999998,0.0
09-01,1788240600,187.42000000000002,51.56800000000001,,0.0
09-01,1788240900,103.291665,27.789999599999987,,0.0
09-01,1788241500,619.79857,-18.084131000000014,1.0777236243329653,213.38000000000002
09-01,1788241800,394.881613,19.942840250000046,0.8874239771358394,180.23
09-01,1788242100,399.999995,21.08391850000001,0.893240000831,17.6
09-01,1788242400,200.0,14.0,0.86,0.0
09-01,1788243000,169.425757,-64.12678588,,0.0
09-01,1788243300,317.28857,-10.789800099999997,0.9699999999999999,0.0
09-01,1788243600,186.04,-50.230799999999974,1.54,0.0
09-01,1788244200,145.74625,2.1838500000000067,0.97,0.0
09-01,1788244500,200.0,4.0,0.96,0.0
09-01,1788244800,99.99745899999999,-36.99905983,,0.0
09-01,1788245100,323.998729,-4.848600729999987,1.024411450663257,62.0
09-01,1788245400,99.99117100000001,-6.999381970000001,,0.0
09-01,1788245700,200.0,5.0,0.9500000000000001,0.0
09-01,1788246000,599.973332,-33.996532400000035,1.1133352582205327,0.0
09-01,1788246300,460.88307399999997,58.08754847999998,0.7403754472768247,100.0
09-01,1788246600,110.759795,10.183599709999996,,0.0
09-01,1788246900,200.0,1.0,0.99,0.0
09-01,1788247200,100.0,-3.0000000000000027,,0.0
09-01,1788247500,105.0,-30.349999999999998,,0.0
09-01,1788247800,637.529037,44.58525936000001,0.8382248747896055,86.11
09-01,1788248100,300.0,-55.0,1.6,0.0
09-01,1788248400,674.979311,-478.78641319000013,,100.0
09-01,1788248700,350.0,-4.296440000000018,1.0037142857142856,243.0
09-01,1788249000,219.220168,0.4964091199999814,0.978792811557716,109.61
09-01,1788249300,391.72,46.83160000000001,0.7540161339732461,100.0
09-01,1788249600,218.666662,-0.5559528,1.091676178794344,200.0
09-01,1788249900,48.649129,-6.19922966,1.2399999999999998,24.32
09-01,1788250200,894.97892,44.051094000000035,0.8933023287352668,317.59000000000003
09-01,1788250800,200.0,-65.12,1.6400000000000001,100.0
09-01,1788251100,865.4136550000001,302.09499551,,0.0
09-01,1788251400,300.0,-199.7775,,300.0
09-01,1788251700,921.407209,-164.17281183999995,1.1047031210219025,0.0
09-01,1788252300,599.958635,106.65527240999998,0.6340866774326983,242.09999999999997
09-01,1788252600,459.993795,47.050423050000006,0.7800621763323621,301.69
09-01,1788253200,741.766145,-33.745115,0.8951172133653305,299.99
09-01,1788253500,540.482221,31.915558449999935,1.0758006186103983,220.24
09-01,1788253800,333.52952200000004,41.52027962,1.1836328111910248,89.72
09-01,1788254100,185.0,-27.14999999999999,,0.0
09-01,1788254700,391.303345,-60.76596176999999,0.9926269924399178,97.19
09-01,1788255000,511.209896,16.67205063,0.7192007687900515,143.82
09-01,1788255300,199.99999999999997,30.55587,0.6786759999999998,100.0
09-01,1788255900,67.4667,1.348596999999998,0.96,0.0
09-01,1788256200,264.881889,15.632092209999996,0.685066389006037,100.0
09-01,1788256500,651.2876449999999,66.09269895000006,0.8459223301652601,0.0
09-01,1788257100,104.0,7.280000000000001,0.86,0.0
09-01,1788257400,452.674783,19.296464810000003,0.6113897193437828,0.0
09-01,1788258000,100.0,18.0,,0.0
09-01,1788258600,100.0,25.0,,0.0
09-01,1788259200,167.64,-34.64719999999999,0.8628545807801524,0.0
09-01,1788259500,100.0,-36.0,,0.0
09-01,1788259800,100.0,17.0,,0.0
09-01,1788260400,177.32395000000002,-126.782953,,0.0
09-01,1788261600,102.949067,43.88329880999999,,0.0
09-01,1788261900,400.0,3.050670000000025,0.9706999999999999,170.0
09-01,1788262200,50.086937000000006,-4.006954959999998,,0.0
09-01,1788262500,22.909996999999997,6.414799159999998,,0.0
09-01,1788262800,115.0,-57.31088,1.47,15.0
09-01,1788263100,444.84102,73.16332151000003,0.7024227423196447,92.99
09-01,1788263400,1.0,0.42000000000000004,,0.0
09-01,1788263700,205.2,37.92399999999998,,0.0
09-01,1788264000,300.0,99.00000000000003,,0.0
09-01,1788264300,205.0,49.19999999999999,,0.0
09-01,1788264600,256.73857,35.94339980000001,,0.0
09-01,1788264900,776.1269629999999,141.28844703,0.7464805319807941,181.0
09-01,1788265200,882.691707,51.67929718999994,1.0123815651542252,99.0
09-01,1788265500,81.0,13.760000000000005,,0.0
09-01,1788266100,865.541577,-59.96359037000002,1.3038603473048218,314.6
09-01,1788266400,1262.8381219999999,-302.40680126999996,1.6108656897940388,147.76
09-01,1788266700,599.9810480000001,-117.30832242999992,1.3843304780259056,181.99
09-01,1788267000,652.8720290000001,-214.4400208600001,0.9839928660260083,9.12
09-01,1788267300,1322.633206,-153.63663088000015,0.9298591689718566,421.42
09-01,1788267600,299.99692200000004,77.99919972000004,,0.0
09-01,1788267900,2728.8064379999996,256.7155172,0.9448608219121593,536.73
09-01,1788268200,1656.0188039999998,323.61817625000003,1.076957383028811,809.64
09-01,1788268500,767.7749719999999,-115.23484556,0.8933140341737531,167.55
09-01,1788268800,514.241863,-101.94172781999993,1.3574882267988961,244.64999999999998
09-01,1788269100,313.56862500000005,-41.78295289999994,1.253653413662943,156.78
09-01,1788269400,392.369356,-283.99825751000003,1.18850844234648,0.0
09-01,1788269700,388.37,63.09570999999994,1.3059864595561137,22.06
09-01,1788270000,1493.883081,-53.21656283999994,1.2235767197309022,384.07
09-01,1788270300,359.726588,74.33159935999993,,0.0
09-01,1788270600,877.0826379999999,-78.15000794000005,0.8798284656880629,36.31
09-01,1788270900,299.445332,9.368289200000007,0.7980936319981946,103.4
09-01,1788271200,300.0,27.0,,0.0
09-01,1788271800,1215.8514269999998,37.43352922999986,0.9224989698629438,28.57
09-01,1788272400,702.629497,68.51021767,0.6075093943537773,174.26999999999998
09-01,1788272700,578.056474,-85.13653356,1.0948248757212058,5.16
09-01,1788273000,718.9879999999999,-9.256180000000029,0.9195322539070332,186.76
09-01,1788273300,1023.4358030000001,70.74173053000001,0.5640248151814503,10.45
09-01,1788273600,300.0,15.000000000000057,,0.0
09-01,1788273900,20.0,5.4,,0.0
09-01,1788274200,599.995713,28.898999819999972,0.9036680524164692,0.0
09-01,1788274800,174.677141,24.45479974,,0.0
09-01,1788275100,478.356409,15.570790509999995,0.4974807532334262,0.0
09-01,1788275400,902.5136970000001,-174.32792930999997,,0.0
09-01,1788275700,993.8543099999999,7.278494050000006,0.4605369976731859,300.0
09-01,1788276000,1430.8801670000003,2.309443470000076,0.6464428395595156,320.0
09-01,1788276300,299.99019899999996,-26.99911790999999,,0.0
09-01,1788276600,472.127638,7.635072219999955,0.7458403615366753,186.72
09-01,1788276900,1293.885402,-93.12300185999999,0.7135793775745247,624.83
09-01,1788277200,1143.019977,-37.38137077903596,0.6254907657313251,266.0
09-01,1788277500,143.347652,11.432749359999995,0.8400000000000001,5.0
09-01,1788277800,1404.05701,121.5139097,0.459436330866592,298.69000000000005
09-01,1788278100,325.665751,-18.92975277,,0.0
09-01,1788278400,390.302074,70.24518903,1.4287231617621943,0.05
09-01,1788278700,1090.7548769999999,-111.21973942492502,0.925364154029306,423.24
09-01,1788279000,300.0,96.00000000000003,,0.0
09-01,1788279300,1015.501043,169.41327808999995,1.3796373014341157,176.45
09-01,1788279600,1384.398064,-60.65165079999986,0.9549393993217397,162.0
09-01,1788279900,666.48046,-66.68177330000015,1.3428983895776903,216.29
09-01,1788280200,416.842102,75.01999938,,0.0
09-01,1788280500,1178.350921,290.88019927000005,,0.0
09-01,1788280800,387.73188400000004,64.75817414,1.424012237102649,238.62
09-01,1788281100,510.0,-87.11131000000006,1.33,255.0
09-01,1788281400,262.6,-22.15059999999997,1.2439705086580086,121.8
09-01,1788281700,375.98529099999996,-218.77029206,1.2086864623747955,0.0
09-01,1788282000,1370.233858,85.6314341399999,1.0341281540269778,450.0
09-01,1788282300,488.03493000000003,93.97829891000003,,0.0
09-01,1788282600,780.16,67.47230000000002,1.0647972070050378,617.7600000000001
09-01,1788282900,3423.7524649999996,6.008313110000472,0.8974604776613047,675.78
09-01,1788283200,488.179516,94.40718437999993,1.106972945017988,0.0
09-01,1788283500,1720.6591819999999,-111.22019295999985,1.1969844055335137,418.19
09-01,1788283800,438.382108,99.21179694,,0.0
09-01,1788284100,477.0,31.445089999999993,1.1571037236512212,55.99999999999999
09-01,1788284400,1720.5704429999998,-150.33155214999965,1.308469147524773,707.2800000000001
09-01,1788284700,305.03999999999996,69.72379999999998,,0.0
09-01,1788285000,440.0,43.19999999999999,,0.0
09-01,1788285300,1164.556677,-16.36584971000002,1.0209355085074314,521.34
09-01,1788285600,3520.176372,-306.2981694099999,1.2403875657887906,669.13
09-01,1788285900,488.812067,139.2627212,1.0723541346340966,39.09
09-01,1788286200,1169.0,-214.49103000000002,1.3573875106929,584.5
09-01,1788286500,427.01235099999997,10.54926967000003,1.0144699376397222,169.98000000000002
09-01,1788286800,1062.177087,-181.05533072000014,1.2646673855336865,397.40999999999997
09-01,1788287100,1304.631452,8.630815859999984,0.9820013577540615,401.42
09-01,1788287400,594.3969219999999,124.07519971999989,,0.0
09-01,1788287700,314.699205,102.06846414999998,1.0350013521139407,7.35
09-01,1788288000,1273.60333,-286.2504729999999,0.9296805057966115,369.43
09-01,1788288300,1908.763635,-32.38488559999996,1.0246890415669954,300.0
09-01,1788288600,346.0025,63.12270000000001,1.0821663919009916,23.0
09-01,1788289200,900.0,213.0,,0.0
09-01,1788289500,139.90880800000002,-25.99263127999997,1.3699999999999999,40.0
09-01,1788289800,2707.379899,171.54745993000006,0.9373278887046821,1166.21
09-01,1788290100,290.043475,48.07155925000001,1.3605223095946806,25.0
09-01,1788290400,222.951378,19.509911240000008,1.22,18.21
09-01,1788290700,758.71,228.29050000000007,,0.0
09-01,1788291000,633.244353,40.707434110000065,1.0032208116190566,158.9
09-01,1788291300,3507.0092480000003,154.07573204000005,0.8107250064719875,986.24
09-01,1788291600,1221.62671,-85.89824354999996,1.2297350190548795,31.41
09-01,1788291900,934.744443,2.1892223899999976,0.9501571792988042,322.75
09-01,1788292200,808.2817269999999,219.45214878000002,0.9209304422924613,65.0
09-01,1788292500,1083.573805,-99.75768626000001,1.1355466944115908,426.53
09-01,1788292800,1199.98564,-261.8143904000001,1.4258447770724456,599.99
09-01,1788293100,1962.4378689999999,-110.06845036999994,1.0775800941233218,922.55
09-01,1788293400,1025.12,14.745199999999954,0.9617018308443803,339.18
09-01,1788293700,2445.195366,-59.89308471999993,0.9206021283147321,858.97
09-01,1788294000,1465.077033,71.11452900999996,0.8256869556523256,331.45
09-01,1788294300,1270.123517,-62.718526180000026,0.8707166234413934,382.65999999999997
09-01,1788294900,2519.929315,10.981955546000108,0.8039555539605809,1339.03
09-01,1788295500,515.1639480000001,-0.8633514800000057,0.9543825688623604,236.17000000000002
09-01,1788300000,966.60876,200.4072071500001,0.8584591347349287,136.26999999999998
09-01,1788300300,1931.4526839999999,78.6258511200001,0.715332325824533,1410.6699999999998
09-01,1788300600,4294.271831999999,39.106765259999975,0.9770295318507023,679.13
09-01,1788300900,518.004756,10.956949039999984,0.9249003639414605,210.32999999999998
09-01,1788301200,622.015184,-166.96999463999998,1.229998555188403,22.02
09-01,1788301500,1499.9976410000002,263.8765071600001,0.7683458678965039,419.48
09-01,1788301800,300.0,-122.99999999999999,,0.0
09-01,1788302100,1777.7613370000001,-50.10366166000017,1.0718202745748797,141.0
09-01,1788302400,1232.802327,203.01927509999996,0.725847587696528,338.0
09-01,1788306000,510.89130000000006,27.803943000000004,0.800943913483723,196.89
09-01,1788306300,952.0,-4.102419999999995,0.7060572257394304,326.0
09-01,1788306600,634.288693,28.357799249999914,0.9043791225354996,228.0
09-01,1788306900,211.98300500000002,-35.395520700000006,0.8121393988305006,6.0
