  [17:00:07] hazir: mod=LIVE klip=5.0 fiyatlar=[0.4, 0.3, 0.22, 0.15, 0.1, 0.06, 0.03] kesici=-48.0 denge_siniri=10.0 amac=DERIN MERDIVEN v4 - mutlak fiyat noktalari
  [17:00:09] maruziyet: acik_pozisyon=1 pazar=1 dis_risk=2.6
  [17:00:09] state_yuklendi: pencere=11 pnl=-5.26 pnl_yerel=1.54 emir=344 dolum=23
  [17:00:14] basladi: mod=LIVE gorulen_pencere=26
  [17:00:15] maruziyet: acik_pozisyon=0 pazar=0 dis_risk=0.0
  [17:00:20] mutabakat: pnl=-5.26 yerel=1.54 etkin=-5.26 pencere=23 risk=0.0 emir=344 dolum=23 pay=565.4 geri_cekilen=1 red=11
  [17:01:12] COZULDU: sym=btc S=1789750200 kol=A kazanan=0 pay=25.0 maliyet=6.85 pnl=3.15 geri_cekildi=None emirler=[{'oi': 0, 'p': 0.4, 'ofs': 0.4, 'hedef_ofs': 0.4, 'bb': 0.54, 'pay': 5.0, 'durum': 'kapali', 'gecikme_ms': 42906}, {'oi': 0, 'p': 0.3, 'ofs': 0.3, 'hedef_ofs': 0.3, 'bb': 0.54, 'pay': 5.0, 'durum': 'kapali', 'gecikme_ms': 53302}, {'oi': 0, 'p': 0.22, 'ofs': 0.22, 'hedef_ofs': 0.22, 'bb': 0.54, 'pay': 0.0, 'durum': 'kapali', 'gecikme_ms': None}, {'oi': 0, 'p': 0.15, 'ofs': 0.15, 'hedef_ofs': 0.15, 'bb': 0.54, 'pay': 0.0, 'durum': 'kapali', 'gecikme_ms': None}, {'oi': 0, 'p': 0.1, 'ofs': 0.1, 'hedef_ofs': 0.1, 'bb': 0.54, 'pay': 0.0, 'durum': 'kapali', 'gecikme_ms': None}, {'oi': 0, 'p': 0.06, 'ofs': 0.06, 'hedef_ofs': 0.06, 'bb': 0.54, 'pay': 0.0, 'durum': 'kapali', 'gecikme_ms': None}, {'oi': 0, 'p': 0.03, 'ofs': 0.03, 'hedef_ofs': 0.03, 'bb': 0.54, 'pay': 0.0, 'durum': 'kapali', 'gecikme_ms': None}, {'oi': 1, 'p': 0.3, 'ofs': 0.3, 'hedef_ofs': 0.3, 'bb': 0.45, 'pay': 5.0, 'durum': 'kapali', 'gecikme_ms': 114698}, {'oi': 1, 'p': 0.22, 'ofs': 0.22, 'hedef_ofs': 0.22, 'bb': 0.45, 'pay': 5.0, 'durum': 'kapali', 'gecikme_ms': 169973}, {'oi': 1, 'p': 0.15, 'ofs': 0.15, 'hedef_ofs': 0.15, 'bb': 0.45, 'pay': 5.0, 'durum': 'kapali', 'gecikme_ms': 178787}, {'oi': 1, 'p': 0.1, 'ofs': 0.1, 'hedef_ofs': 0.1, 'bb': 0.45, 'pay': 0.0, 'durum': 'kapali', 'gecikme_ms': None}, {'oi': 1, 'p': 0.06, 'ofs': 0.06, 'hedef_ofs': 0.06, 'bb': 0.45, 'pay': 0.0, 'durum': 'kapali', 'gecikme_ms': None}, {'oi': 1, 'p': 0.03, 'ofs': 0.03, 'hedef_ofs': 0.03, 'bb': 0.45, 'pay': 0.0, 'durum': 'kapali', 'gecikme_ms': None}]
  [17:04:36] maruziyet: acik_pozisyon=0 pazar=0 dis_risk=0.0
  [17:04:41] mutabakat: pnl=-2.11 yerel=4.69 etkin=-2.11 pencere=24 risk=0.0 emir=344 dolum=24 pay=590.4 geri_cekilen=1 red=11
  [17:05:06] pencere: sym=btc S=1789751100 kol=A emir=12 kabul=[7, 5] fiyatlar=[(0, 0.4, 0.4, 0.4), (0, 0.3, 0.3, 0.3), (0, 0.22, 0.22, 0.22), (0, 0.15, 0.15, 0.15), (0, 0.1, 0.1, 0.1), (0, 0.06, 0.06, 0.06), (0, 0.03, 0.03, 0.03), (1, 0.22, 0.22, 0.22), (1, 0.15, 0.15, 0.15), (1, 0.1, 0.1, 0.1), (1, 0.06, 0.06, 0.06), (1, 0.03, 0.03, 0.03)]
  [17:05:29] dolum: sym=btc S=1789751100 oi=1 p=0.22 ofset=0.22 yeni=5.0 toplam=5.0 borsa=MATCHED gecen_sn=29.9
  [17:06:04] COZULDU: sym=btc S=1789750500 kol=A kazanan=1 pay=15.0 maliyet=4.6 pnl=0.4 geri_cekildi=None emirler=[{'oi': 0, 'p': 0.3, 'ofs': 0.3, 'hedef_ofs': 0.3, 'bb': 0.43, 'pay': 5.0, 'durum': 'kapali', 'gecikme_ms': 7856}, {'oi': 0, 'p': 0.22, 'ofs': 0.22, 'hedef_ofs': 0.22, 'bb': 0.43, 'pay': 5.0, 'durum': 'kapali', 'gecikme_ms': 170797}, {'oi': 0, 'p': 0.15, 'ofs': 0.15, 'hedef_ofs': 0.15, 'bb': 0.43, 'pay': 0.0, 'durum': 'kapali', 'gecikme_ms': None}, {'oi': 0, 'p': 0.1, 'ofs': 0.1, 'hedef_ofs': 0.1, 'bb': 0.43, 'pay': 0.0, 'durum': 'kapali', 'gecikme_ms': None}, {'oi': 0, 'p': 0.06, 'ofs': 0.06, 'hedef_ofs': 0.06, 'bb': 0.43, 'pay': 0.0, 'durum': 'kapali', 'gecikme_ms': None}, {'oi': 0, 'p': 0.03, 'ofs': 0.03, 'hedef_ofs': 0.03, 'bb': 0.43, 'pay': 0.0, 'durum': 'kapali', 'gecikme_ms': None}, {'oi': 1, 'p': 0.4, 'ofs': 0.4, 'hedef_ofs': 0.4, 'bb': 0.56, 'pay': 5.0, 'durum': 'kapali', 'gecikme_ms': 62562}, {'oi': 1, 'p': 0.3, 'ofs': 0.3, 'hedef_ofs': 0.3, 'bb': 0.56, 'pay': 0.0, 'durum': 'kapali', 'gecikme_ms': None}, {'oi': 1, 'p': 0.22, 'ofs': 0.22, 'hedef_ofs': 0.22, 'bb': 0.56, 'pay': 0.0, 'durum': 'kapali', 'gecikme_ms': None}, {'oi': 1, 'p': 0.15, 'ofs': 0.15, 'hedef_ofs': 0.15, 'bb': 0.56, 'pay': 0.0, 'durum': 'kapali', 'gecikme_ms': None}, {'oi': 1, 'p': 0.1, 'ofs': 0.1, 'hedef_ofs': 0.1, 'bb': 0.56, 'pay': 0.0, 'durum': 'kapali', 'gecikme_ms': None}, {'oi': 1, 'p': 0.06, 'ofs': 0.06, 'hedef_ofs': 0.06, 'bb': 0.56, 'pay': 0.0, 'durum': 'kapali', 'gecikme_ms': None}, {'oi': 1, 'p': 0.03, 'ofs': 0.03, 'hedef_ofs': 0.03, 'bb': 0.56, 'pay': 0.0, 'durum': 'kapali', 'gecikme_ms': None}]
  [17:07:26] dolum: sym=btc S=1789751100 oi=0 p=0.4 ofset=0.4 yeni=5.0 toplam=5.0 borsa=MATCHED gecen_sn=146.3
  [17:08:21] GEC_UCUZ_KESILDI: sym=btc S=1789751100 iptal=10 fiyatlar=[0.03, 0.06, 0.1, 0.15, 0.22] kalan_acik=2
  [17:08:33] dolum: sym=btc S=1789751100 oi=0 p=0.3 ofset=0.3 yeni=5.0 toplam=5.0 borsa=MATCHED gecen_sn=213.7
  [17:08:33] DENGE_SINIRI: sym=btc S=1789751100 agir=Up up=10.0 down=5.0 iptal=2 kalan_hafif=0
  [17:08:56] maruziyet: acik_pozisyon=0 pazar=0 dis_risk=0.0
  [17:09:02] mutabakat: pnl=-1.71 yerel=5.09 etkin=-1.71 pencere=25 risk=0.0 emir=356 dolum=25 pay=605.4 geri_cekilen=1 red=11
  [17:10:06] pencere: sym=btc S=1789751400 kol=A emir=13 kabul=[6, 7] fiyatlar=[(0, 0.3, 0.3, 0.3), (0, 0.22, 0.22, 0.22), (0, 0.15, 0.15, 0.15), (0, 0.1, 0.1, 0.1), (0, 0.06, 0.06, 0.06), (0, 0.03, 0.03, 0.03), (1, 0.4, 0.4, 0.4), (1, 0.3, 0.3, 0.3), (1, 0.22, 0.22, 0.22), (1, 0.15, 0.15, 0.15), (1, 0.1, 0.1, 0.1), (1, 0.06, 0.06, 0.06), (1, 0.03, 0.03, 0.03)]
  [17:10:56] dolum: sym=btc S=1789751400 oi=0 p=0.3 ofset=0.3 yeni=5.0 toplam=5.0 borsa=MATCHED gecen_sn=56.7
  [17:11:32] dolum: sym=btc S=1789751400 oi=0 p=0.22 ofset=0.22 yeni=5.0 toplam=5.0 borsa=MATCHED gecen_sn=92.4
  [17:11:34] DENGE_SINIRI: sym=btc S=1789751400 agir=Up up=10.0 down=0.0 iptal=6 kalan_hafif=7
  [17:13:17] maruziyet: acik_pozisyon=0 pazar=0 dis_risk=0.0
  [17:13:22] mutabakat: pnl=-1.71 yerel=5.09 etkin=-1.71 pencere=25 risk=2.6 emir=369 dolum=25 pay=605.4 geri_cekilen=1 red=11
  [17:13:24] GEC_UCUZ_KESILDI: sym=btc S=1789751400 iptal=5 fiyatlar=[0.03, 0.06, 0.1, 0.15, 0.22] kalan_acik=2
  [17:13:24] dolum: sym=btc S=1789751400 oi=1 p=0.4 ofset=0.4 yeni=5.0 toplam=5.0 borsa=MATCHED gecen_sn=205.0
  [17:13:28] dolum: sym=btc S=1789751400 oi=1 p=0.3 ofset=0.3 yeni=5.0 toplam=5.0 borsa=MATCHED gecen_sn=208.1
  [17:15:06] pencere: sym=btc S=1789751700 kol=B emir=4 kabul=[2, 2] fiyatlar=[(0, 0.61, 0.61, 0.61), (0, 0.59, 0.59, 0.59), (1, 0.34, 0.34, 0.34), (1, 0.33, 0.33, 0.33)]
  [17:15:17] dolum: sym=btc S=1789751700 oi=1 p=0.34 ofset=0.34 yeni=5.0 toplam=5.0 borsa=MATCHED gecen_sn=17.4
  [17:15:20] dolum: sym=btc S=1789751700 oi=0 p=0.61 ofset=0.61 yeni=5.0 toplam=5.0 borsa=MATCHED gecen_sn=20.1
  [17:15:25] dolum: sym=btc S=1789751700 oi=0 p=0.59 ofset=0.59 yeni=5.0 toplam=5.0 borsa=MATCHED gecen_sn=25.1
  [17:15:27] YENILENDI: sym=btc S=1789751700 yas=26.2 iptal=4 eklenen=[('Up', 0.49), ('Down', 0.45), ('Down', 0.43)] toplam_emir=7
  [17:15:31] dolum: sym=btc S=1789751700 oi=1 p=0.45 ofset=0.45 yeni=5.0 toplam=5.0 borsa=MATCHED gecen_sn=31.3
  [17:15:31] dolum: sym=btc S=1789751700 oi=1 p=0.43 ofset=0.43 yeni=4.993 toplam=4.993 borsa=MATCHED gecen_sn=31.4
  [17:15:47] YENILENDI: sym=btc S=1789751700 yas=46.9 iptal=3 eklenen=[('Up', 0.61), ('Down', 0.34), ('Down', 0.33)] toplam_emir=10
  [17:15:50] dolum: sym=btc S=1789751700 oi=1 p=0.34 ofset=0.34 yeni=3.0 toplam=3.0 borsa=LIVE gecen_sn=50.4
  [17:15:51] dolum: sym=btc S=1789751700 oi=1 p=0.34 ofset=0.34 yeni=2.0 toplam=5.0 borsa=MATCHED gecen_sn=51.4
  [17:15:51] DENGE_SINIRI: sym=btc S=1789751700 agir=Down up=10.0 down=20.0 iptal=2 kalan_hafif=1
  [17:16:07] YENILENDI: sym=btc S=1789751700 yas=67.3 iptal=1 eklenen=[('Up', 0.76)] toplam_emir=11
  [17:16:17] dolum: sym=btc S=1789751700 oi=0 p=0.76 ofset=0.76 yeni=5.0 toplam=5.0 borsa=MATCHED gecen_sn=77.4
  [17:16:28] YENILENDI: sym=btc S=1789751700 yas=87.5 iptal=1 eklenen=[('Up', 0.64), ('Down', 0.32)] toplam_emir=13
  [17:16:30] dolum: sym=btc S=1789751700 oi=1 p=0.32 ofset=0.32 yeni=5.0 toplam=5.0 borsa=MATCHED gecen_sn=90.6
  [17:16:30] DENGE_SINIRI: sym=btc S=1789751700 agir=Down up=15.0 down=25.0 iptal=1 kalan_hafif=1
  [17:16:31] dolum: sym=btc S=1789751700 oi=0 p=0.64 ofset=0.64 yeni=5.0 toplam=5.0 borsa=MATCHED gecen_sn=91.6
  [17:16:46] COZULDU: sym=btc S=1789751100 kol=A kazanan=1 pay=15.0 maliyet=4.6 pnl=0.4 geri_cekildi=None emirler=[{'oi': 0, 'p': 0.4, 'ofs': 0.4, 'hedef_ofs': 0.4, 'bb': 0.63, 'pay': 5.0, 'durum': 'kapali', 'gecikme_ms': 139617}, {'oi': 0, 'p': 0.3, 'ofs': 0.3, 'hedef_ofs': 0.3, 'bb': 0.63, 'pay': 5.0, 'durum': 'kapali', 'gecikme_ms': 207033}, {'oi': 0, 'p': 0.22, 'ofs': 0.22, 'hedef_ofs': 0.22, 'bb': 0.63, 'pay': 0.0, 'durum': 'kapali', 'gecikme_ms': None}, {'oi': 0, 'p': 0.15, 'ofs': 0.15, 'hedef_ofs': 0.15, 'bb': 0.63, 'pay': 0.0, 'durum': 'kapali', 'gecikme_ms': None}, {'oi': 0, 'p': 0.1, 'ofs': 0.1, 'hedef_ofs': 0.1, 'bb': 0.63, 'pay': 0.0, 'durum': 'kapali', 'gecikme_ms': None}, {'oi': 0, 'p': 0.06, 'ofs': 0.06, 'hedef_ofs': 0.06, 'bb': 0.63, 'pay': 0.0, 'durum': 'kapali', 'gecikme_ms': None}, {'oi': 0, 'p': 0.03, 'ofs': 0.03, 'hedef_ofs': 0.03, 'bb': 0.63, 'pay': 0.0, 'durum': 'kapali', 'gecikme_ms': None}, {'oi': 1, 'p': 0.22, 'ofs': 0.22, 'hedef_ofs': 0.22, 'bb': 0.35, 'pay': 5.0, 'durum': 'kapali', 'gecikme_ms': 23254}, {'oi': 1, 'p': 0.15, 'ofs': 0.15, 'hedef_ofs': 0.15, 'bb': 0.35, 'pay': 0.0, 'durum': 'kapali', 'gecikme_ms': None}, {'oi': 1, 'p': 0.1, 'ofs': 0.1, 'hedef_ofs': 0.1, 'bb': 0.35, 'pay': 0.0, 'durum': 'kapali', 'gecikme_ms': None}, {'oi': 1, 'p': 0.06, 'ofs': 0.06, 'hedef_ofs': 0.06, 'bb': 0.35, 'pay': 0.0, 'durum': 'kapali', 'gecikme_ms': None}, {'oi': 1, 'p': 0.03, 'ofs': 0.03, 'hedef_ofs': 0.03, 'bb': 0.35, 'pay': 0.0, 'durum': 'kapali', 'gecikme_ms': None}]
  [17:17:37] maruziyet: acik_pozisyon=0 pazar=0 dis_risk=0.0
  [17:17:43] mutabakat: pnl=-1.31 yerel=5.49 etkin=-1.31 pencere=26 risk=2.4 emir=382 dolum=26 pay=620.4 geri_cekilen=1 red=12
  [17:20:06] pencere: sym=btc S=1789752000 kol=B emir=4 kabul=[2, 2] fiyatlar=[(0, 0.39, 0.39, 0.39), (0, 0.37, 0.37, 0.37), (1, 0.57, 0.57, 0.57), (1, 0.55, 0.55, 0.55)]
  [17:20:17] dolum: sym=btc S=1789752000 oi=1 p=0.57 ofset=0.57 yeni=5.0 toplam=5.0 borsa=MATCHED gecen_sn=18.0
  [17:20:20] dolum: sym=btc S=1789752000 oi=1 p=0.55 ofset=0.55 yeni=5.0 toplam=5.0 borsa=MATCHED gecen_sn=20.0
  [17:20:20] DENGE_SINIRI: sym=btc S=1789752000 agir=Down up=0.0 down=10.0 iptal=2 kalan_hafif=2
  [17:20:21] dolum: sym=btc S=1789752000 oi=0 p=0.39 ofset=0.39 yeni=5.0 toplam=5.0 borsa=MATCHED gecen_sn=21.1
  [17:20:21] dolum: sym=btc S=1789752000 oi=0 p=0.37 ofset=0.37 yeni=5.0 toplam=5.0 borsa=MATCHED gecen_sn=21.2
  [17:20:28] YENILENDI: sym=btc S=1789752000 yas=27.4 iptal=2 eklenen=[('Up', 0.29), ('Up', 0.28), ('Down', 0.67)] toplam_emir=7
  [17:20:29] dolum: sym=btc S=1789752000 oi=0 p=0.29 ofset=0.29 yeni=5.0 toplam=5.0 borsa=MATCHED gecen_sn=29.6
  [17:20:32] dolum: sym=btc S=1789752000 oi=0 p=0.28 ofset=0.28 yeni=5.0 toplam=5.0 borsa=MATCHED gecen_sn=32.2
  [17:20:32] DENGE_SINIRI: sym=btc S=1789752000 agir=Up up=20.0 down=10.0 iptal=2 kalan_hafif=1
  [17:20:48] YENILENDI: sym=btc S=1789752000 yas=47.6 iptal=1 eklenen=[('Down', 0.74)] toplam_emir=8
  [17:20:50] dolum: sym=btc S=1789752000 oi=1 p=0.74 ofset=0.74 yeni=5.0 toplam=5.0 borsa=MATCHED gecen_sn=50.4
  [17:21:08] COZULDU: sym=btc S=1789751400 kol=A kazanan=0 pay=20.0 maliyet=6.1 pnl=3.9 geri_cekildi=None emirler=[{'oi': 0, 'p': 0.3, 'ofs': 0.3, 'hedef_ofs': 0.3, 'bb': 0.37, 'pay': 5.0, 'durum': 'kapali', 'gecikme_ms': 49683}, {'oi': 0, 'p': 0.22, 'ofs': 0.22, 'hedef_ofs': 0.22, 'bb': 0.37, 'pay': 5.0, 'durum': 'kapali', 'gecikme_ms': 85447}, {'oi': 0, 'p': 0.15, 'ofs': 0.15, 'hedef_ofs': 0.15, 'bb': 0.37, 'pay': 0.0, 'durum': 'kapali', 'gecikme_ms': None}, {'oi': 0, 'p': 0.1, 'ofs': 0.1, 'hedef_ofs': 0.1, 'bb': 0.37, 'pay': 0.0, 'durum': 'kapali', 'gecikme_ms': None}, {'oi': 0, 'p': 0.06, 'ofs': 0.06, 'hedef_ofs': 0.06, 'bb': 0.37, 'pay': 0.0, 'durum': 'kapali', 'gecikme_ms': None}, {'oi': 0, 'p': 0.03, 'ofs': 0.03, 'hedef_ofs': 0.03, 'bb': 0.37, 'pay': 0.0, 'durum': 'kapali', 'gecikme_ms': None}, {'oi': 1, 'p': 0.4, 'ofs': 0.4, 'hedef_ofs': 0.4, 'bb': 0.62, 'pay': 5.0, 'durum': 'kapali', 'gecikme_ms': 197997}, {'oi': 1, 'p': 0.3, 'ofs': 0.3, 'hedef_ofs': 0.3, 'bb': 0.62, 'pay': 5.0, 'durum': 'kapali', 'gecikme_ms': 201134}, {'oi': 1, 'p': 0.22, 'ofs': 0.22, 'hedef_ofs': 0.22, 'bb': 0.62, 'pay': 0.0, 'durum': 'kapali', 'gecikme_ms': None}, {'oi': 1, 'p': 0.15, 'ofs': 0.15, 'hedef_ofs': 0.15, 'bb': 0.62, 'pay': 0.0, 'durum': 'kapali', 'gecikme_ms': None}, {'oi': 1, 'p': 0.1, 'ofs': 0.1, 'hedef_ofs': 0.1, 'bb': 0.62, 'pay': 0.0, 'durum': 'kapali', 'gecikme_ms': None}, {'oi': 1, 'p': 0.06, 'ofs': 0.06, 'hedef_ofs': 0.06, 'bb': 0.62, 'pay': 0.0, 'durum': 'kapali', 'gecikme_ms': None}, {'oi': 1, 'p': 0.03, 'ofs': 0.03, 'hedef_ofs': 0.03, 'bb': 0.62, 'pay': 0.0, 'durum': 'kapali', 'gecikme_ms': None}]
  [17:21:08] YENILENDI: sym=btc S=1789752000 yas=68.4 iptal=0 eklenen=[('Up', 0.21), ('Up', 0.19)] toplam_emir=10
  [17:21:29] YENILENDI: sym=btc S=1789752000 yas=88.6 iptal=3 eklenen=[('Up', 0.39), ('Down', 0.57)] toplam_emir=12
  [17:21:30] dolum: sym=btc S=1789752000 oi=0 p=0.39 ofset=0.39 yeni=5.0 toplam=5.0 borsa=MATCHED gecen_sn=90.0
  [17:21:30] DENGE_SINIRI: sym=btc S=1789752000 agir=Up up=25.0 down=15.0 iptal=1 kalan_hafif=1
  [17:21:57] maruziyet: acik_pozisyon=0 pazar=0 dis_risk=0.0
  [17:22:03] mutabakat: pnl=2.59 yerel=9.39 etkin=2.59 pencere=27 risk=3.15 emir=394 dolum=27 pay=640.4 geri_cekilen=1 red=12
  [17:22:09] YENILENDI: sym=btc S=1789752000 yas=128.8 iptal=0 eklenen=[('Up', 0.27)] toplam_emir=13
  [17:22:20] dolum: sym=btc S=1789752000 oi=0 p=0.27 ofset=0.27 yeni=5.0 toplam=5.0 borsa=MATCHED gecen_sn=140.4
  [17:22:20] DENGE_SINIRI: sym=btc S=1789752000 agir=Up up=30.0 down=20.0 iptal=1 kalan_hafif=0
  [17:25:06] pencere: sym=btc S=1789752300 kol=B emir=4 kabul=[2, 2] fiyatlar=[(0, 0.6, 0.6, 0.6), (0, 0.58, 0.58, 0.58), (1, 0.35, 0.35, 0.35), (1, 0.34, 0.34, 0.34)]
  [17:25:10] dolum: sym=btc S=1789752300 oi=0 p=0.6 ofset=0.6 yeni=5.0 toplam=5.0 borsa=MATCHED gecen_sn=10.1
  [17:25:10] dolum: sym=btc S=1789752300 oi=0 p=0.58 ofset=0.58 yeni=5.0 toplam=5.0 borsa=MATCHED gecen_sn=10.2
  [17:25:10] DENGE_SINIRI: sym=btc S=1789752300 agir=Up up=10.0 down=0.0 iptal=2 kalan_hafif=2
  [17:25:16] dolum: sym=btc S=1789752300 oi=1 p=0.35 ofset=0.35 yeni=5.0 toplam=5.0 borsa=MATCHED gecen_sn=16.7
  [17:25:16] dolum: sym=btc S=1789752300 oi=1 p=0.34 ofset=0.34 yeni=5.0 toplam=5.0 borsa=MATCHED gecen_sn=16.8
  [17:25:27] YENILENDI: sym=btc S=1789752300 yas=26.8 iptal=2 eklenen=[('Up', 0.7), ('Down', 0.26), ('Down', 0.24)] toplam_emir=7
  [17:25:41] dolum: sym=btc S=1789752300 oi=1 p=0.26 ofset=0.26 yeni=5.0 toplam=5.0 borsa=MATCHED gecen_sn=41.1
  [17:25:43] dolum: sym=btc S=1789752300 oi=1 p=0.24 ofset=0.24 yeni=5.0 toplam=5.0 borsa=MATCHED gecen_sn=43.8
  [17:25:44] DENGE_SINIRI: sym=btc S=1789752300 agir=Down up=10.0 down=20.0 iptal=2 kalan_hafif=1
  [17:25:47] YENILENDI: sym=btc S=1789752300 yas=47.0 iptal=1 eklenen=[('Up', 0.76)] toplam_emir=8
  [17:26:08] YENILENDI: sym=btc S=1789752300 yas=67.7 iptal=1 eklenen=[('Up', 0.59)] toplam_emir=9
  [17:26:18] maruziyet: acik_pozisyon=0 pazar=0 dis_risk=0.0
  [17:26:24] mutabakat: pnl=2.59 yerel=9.39 etkin=2.59 pencere=27 risk=6.35 emir=404 dolum=27 pay=640.4 geri_cekilen=1 red=12
  [17:26:28] YENILENDI: sym=btc S=1789752300 yas=88.0 iptal=1 eklenen=[('Up', 0.62)] toplam_emir=10
  [17:26:35] dolum: sym=btc S=1789752300 oi=0 p=0.62 ofset=0.62 yeni=5.0 toplam=5.0 borsa=MATCHED gecen_sn=95.3
  [17:26:49] YENILENDI: sym=btc S=1789752300 yas=108.2 iptal=1 eklenen=[('Up', 0.51), ('Down', 0.45)] toplam_emir=12
  [17:26:51] dolum: sym=btc S=1789752300 oi=1 p=0.45 ofset=0.45 yeni=5.0 toplam=5.0 borsa=MATCHED gecen_sn=111.7
  [17:26:51] DENGE_SINIRI: sym=btc S=1789752300 agir=Down up=15.0 down=25.0 iptal=1 kalan_hafif=1
  [17:26:57] COZULDU: sym=btc S=1789751700 kol=B kazanan=1 pay=44.99 maliyet=22.4 pnl=2.6 geri_cekildi=None emirler=[{'oi': 0, 'p': 0.61, 'ofs': 0.61, 'hedef_ofs': 0.61, 'bb': 0.63, 'pay': 5.0, 'durum': 'kapali', 'gecikme_ms': 13670}, {'oi': 0, 'p': 0.59, 'ofs': 0.59, 'hedef_ofs': 0.59, 'bb': 0.63, 'pay': 5.0, 'durum': 'kapali', 'gecikme_ms': 18674}, {'oi': 1, 'p': 0.34, 'ofs': 0.34, 'hedef_ofs': 0.34, 'bb': 0.36, 'pay': 5.0, 'durum': 'kapali', 'gecikme_ms': 11018}, {'oi': 1, 'p': 0.33, 'ofs': 0.33, 'hedef_ofs': 0.33, 'bb': 0.36, 'pay': 0.0, 'durum': 'kapali', 'gecikme_ms': None}, {'oi': 0, 'p': 0.49, 'ofs': 0.49, 'hedef_ofs': 0.49, 'bb': None, 'pay': 0.0, 'durum': 'kapali', 'gecikme_ms': None}, {'oi': 1, 'p': 0.45, 'ofs': 0.45, 'hedef_ofs': 0.45, 'bb': None, 'pay': 5.0, 'durum': 'kapali', 'gecikme_ms': 4178}, {'oi': 1, 'p': 0.43, 'ofs': 0.43, 'hedef_ofs': 0.43, 'bb': None, 'pay': 4.99, 'durum': 'kapali', 'gecikme_ms': 4289}, {'oi': 0, 'p': 0.61, 'ofs': 0.61, 'hedef_ofs': 0.61, 'bb': None, 'pay': 0.0, 'durum': 'kapali', 'gecikme_ms': None}, {'oi': 1, 'p': 0.34, 'ofs': 0.34, 'hedef_ofs': 0.34, 'bb': None, 'pay': 5.0, 'durum': 'kapali', 'gecikme_ms': 3677}, {'oi': 1, 'p': 0.33, 'ofs': 0.33, 'hedef_ofs': 0.33, 'bb': None, 'pay': 0.0, 'durum': 'kapali', 'gecikme_ms': None}, {'oi': 0, 'p': 0.76, 'ofs': 0.76, 'hedef_ofs': 0.76, 'bb': None, 'pay': 5.0, 'durum': 'kapali', 'gecikme_ms': 9593}, {'oi': 0, 'p': 0.64, 'ofs': 0.64, 'hedef_ofs': 0.64, 'bb': None, 'pay': 5.0, 'durum': 'kapali', 'gecikme_ms': 3566}, {'oi': 1, 'p': 0.32, 'ofs': 0.32, 'hedef_ofs': 0.32, 'bb': None, 'pay': 5.0, 'durum': 'kapali', 'gecikme_ms': 2600}]
  [17:30:06] pencere: sym=btc S=1789752600 kol=B emir=4 kabul=[2, 2] fiyatlar=[(0, 0.49, 0.49, 0.49), (0, 0.48, 0.48, 0.48), (1, 0.46, 0.46, 0.46), (1, 0.45, 0.45, 0.45)]
  [17:30:09] dolum: sym=btc S=1789752600 oi=0 p=0.49 ofset=0.49 yeni=5.0 toplam=5.0 borsa=MATCHED gecen_sn=9.8
  [17:30:09] dolum: sym=btc S=1789752600 oi=0 p=0.48 ofset=0.48 yeni=4.997 toplam=4.997 borsa=MATCHED gecen_sn=9.9
  [17:30:10] DENGE_SINIRI: sym=btc S=1789752600 agir=Up up=10.0 down=0.0 iptal=2 kalan_hafif=2
  [17:30:27] YENILENDI: sym=btc S=1789752600 yas=26.5 iptal=2 eklenen=[('Down', 0.57), ('Down', 0.55)] toplam_emir=6
  [17:30:38] maruziyet: acik_pozisyon=0 pazar=0 dis_risk=0.0
  [17:30:44] mutabakat: pnl=5.18 yerel=11.98 etkin=5.18 pencere=28 risk=9.15 emir=413 dolum=28 pay=685.4 geri_cekilen=1 red=12
  [17:30:47] YENILENDI: sym=btc S=1789752600 yas=46.8 iptal=2 eklenen=[('Down', 0.74), ('Down', 0.72)] toplam_emir=8
  [17:31:02] dolum: sym=btc S=1789752600 oi=1 p=0.74 ofset=0.74 yeni=5.0 toplam=5.0 borsa=MATCHED gecen_sn=62.1
  [17:31:07] YENILENDI: sym=btc S=1789752600 yas=67.3 iptal=1 eklenen=[('Up', 0.24), ('Up', 0.21), ('Down', 0.7)] toplam_emir=11
  [17:31:13] dolum: sym=btc S=1789752600 oi=0 p=0.24 ofset=0.24 yeni=5.0 toplam=5.0 borsa=MATCHED gecen_sn=73.2
  [17:31:13] DENGE_SINIRI: sym=btc S=1789752600 agir=Up up=15.0 down=5.0 iptal=2 kalan_hafif=2
  [17:31:27] YENILENDI: sym=btc S=1789752600 yas=87.3 iptal=2 eklenen=[('Down', 0.84)] toplam_emir=12
  [17:31:48] YENILENDI: sym=btc S=1789752600 yas=108.1 iptal=1 eklenen=[('Down', 0.92)] toplam_emir=13
  [17:32:30] COZULDU: sym=btc S=1789752000 kol=B kazanan=1 pay=50.0 maliyet=22.1 pnl=-2.1 geri_cekildi=None emirler=[{'oi': 0, 'p': 0.39, 'ofs': 0.39, 'hedef_ofs': 0.39, 'bb': 0.4, 'pay': 5.0, 'durum': 'kapali', 'gecikme_ms': 14371}, {'oi': 0, 'p': 0.37, 'ofs': 0.37, 'hedef_ofs': 0.37, 'bb': 0.4, 'pay': 5.0, 'durum': 'kapali', 'gecikme_ms': 14463}, {'oi': 1, 'p': 0.57, 'ofs': 0.57, 'hedef_ofs': 0.57, 'bb': 0.59, 'pay': 5.0, 'durum': 'kapali', 'gecikme_ms': 11285}, {'oi': 1, 'p': 0.55, 'ofs': 0.55, 'hedef_ofs': 0.55, 'bb': 0.59, 'pay': 5.0, 'durum': 'kapali', 'gecikme_ms': 13313}, {'oi': 0, 'p': 0.29, 'ofs': 0.29, 'hedef_ofs': 0.29, 'bb': None, 'pay': 5.0, 'durum': 'kapali', 'gecikme_ms': 1533}, {'oi': 0, 'p': 0.28, 'ofs': 0.28, 'hedef_ofs': 0.28, 'bb': None, 'pay': 5.0, 'durum': 'kapali', 'gecikme_ms': 4192}, {'oi': 1, 'p': 0.67, 'ofs': 0.67, 'hedef_ofs': 0.67, 'bb': None, 'pay': 0.0, 'durum': 'kapali', 'gecikme_ms': None}, {'oi': 1, 'p': 0.74, 'ofs': 0.74, 'hedef_ofs': 0.74, 'bb': None, 'pay': 5.0, 'durum': 'kapali', 'gecikme_ms': 2331}, {'oi': 0, 'p': 0.21, 'ofs': 0.21, 'hedef_ofs': 0.21, 'bb': None, 'pay': 0.0, 'durum': 'kapali', 'gecikme_ms': None}, {'oi': 0, 'p': 0.19, 'ofs': 0.19, 'hedef_ofs': 0.19, 'bb': None, 'pay': 0.0, 'durum': 'kapali', 'gecikme_ms': None}, {'oi': 0, 'p': 0.39, 'ofs': 0.39, 'hedef_ofs': 0.39, 'bb': None, 'pay': 5.0, 'durum': 'kapali', 'gecikme_ms': 694}, {'oi': 1, 'p': 0.57, 'ofs': 0.57, 'hedef_ofs': 0.57, 'bb': None, 'pay': 5.0, 'durum': 'kapali', 'gecikme_ms': None}, {'oi': 0, 'p': 0.27, 'ofs': 0.27, 'hedef_ofs': 0.27, 'bb': None, 'pay': 5.0, 'durum': 'kapali', 'gecikme_ms': 10993}]
  [17:32:49] YENILENDI: sym=btc S=1789752600 yas=169.3 iptal=1 eklenen=[('Down', 0.96)] toplam_emir=14
  [17:34:58] maruziyet: acik_pozisyon=0 pazar=0 dis_risk=0.0
  [17:35:05] mutabakat: pnl=3.08 yerel=9.88 etkin=3.08 pencere=29 risk=6.95 emir=421 dolum=29 pay=735.4 geri_cekilen=1 red=12
  [17:35:06] pencere: sym=btc S=1789752900 kol=A emir=13 kabul=[7, 6] fiyatlar=[(0, 0.4, 0.4, 0.4), (0, 0.3, 0.3, 0.3), (0, 0.22, 0.22, 0.22), (0, 0.15, 0.15, 0.15), (0, 0.1, 0.1, 0.1), (0, 0.06, 0.06, 0.06), (0, 0.03, 0.03, 0.03), (1, 0.3, 0.3, 0.3), (1, 0.22, 0.22, 0.22), (1, 0.15, 0.15, 0.15), (1, 0.1, 0.1, 0.1), (1, 0.06, 0.06, 0.06), (1, 0.03, 0.03, 0.03)]
  [17:35:49] dolum: sym=btc S=1789752900 oi=1 p=0.3 ofset=0.3 yeni=4.991 toplam=4.991 borsa=MATCHED gecen_sn=49.7
  [17:36:07] dolum: sym=btc S=1789752900 oi=1 p=0.22 ofset=0.22 yeni=5.0 toplam=5.0 borsa=MATCHED gecen_sn=67.9
  [17:36:08] DENGE_SINIRI: sym=btc S=1789752900 agir=Down up=0.0 down=10.0 iptal=6 kalan_hafif=7
  [17:36:57] COZULDU: sym=btc S=1789752300 kol=B kazanan=0 pay=40.0 maliyet=17.2 pnl=-2.2 geri_cekildi=None emirler=[{'oi': 0, 'p': 0.6, 'ofs': 0.6, 'hedef_ofs': 0.6, 'bb': 0.62, 'pay': 5.0, 'durum': 'kapali', 'gecikme_ms': 3253}, {'oi': 0, 'p': 0.58, 'ofs': 0.58, 'hedef_ofs': 0.58, 'bb': 0.62, 'pay': 5.0, 'durum': 'kapali', 'gecikme_ms': 3343}, {'oi': 1, 'p': 0.35, 'ofs': 0.35, 'hedef_ofs': 0.35, 'bb': 0.37, 'pay': 5.0, 'durum': 'kapali', 'gecikme_ms': 9887}, {'oi': 1, 'p': 0.34, 'ofs': 0.34, 'hedef_ofs': 0.34, 'bb': 0.37, 'pay': 5.0, 'durum': 'kapali', 'gecikme_ms': 9976}, {'oi': 0, 'p': 0.7, 'ofs': 0.7, 'hedef_ofs': 0.7, 'bb': None, 'pay': 0.0, 'durum': 'kapali', 'gecikme_ms': None}, {'oi': 1, 'p': 0.26, 'ofs': 0.26, 'hedef_ofs': 0.26, 'bb': None, 'pay': 5.0, 'durum': 'kapali', 'gecikme_ms': 13586}, {'oi': 1, 'p': 0.24, 'ofs': 0.24, 'hedef_ofs': 0.24, 'bb': None, 'pay': 5.0, 'durum': 'kapali', 'gecikme_ms': 16226}, {'oi': 0, 'p': 0.76, 'ofs': 0.76, 'hedef_ofs': 0.76, 'bb': None, 'pay': 0.0, 'durum': 'kapali', 'gecikme_ms': None}, {'oi': 0, 'p': 0.59, 'ofs': 0.59, 'hedef_ofs': 0.59, 'bb': None, 'pay': 0.0, 'durum': 'kapali', 'gecikme_ms': None}, {'oi': 0, 'p': 0.62, 'ofs': 0.62, 'hedef_ofs': 0.62, 'bb': None, 'pay': 5.0, 'durum': 'kapali', 'gecikme_ms': 6841}, {'oi': 0, 'p': 0.51, 'ofs': 0.51, 'hedef_ofs': 0.51, 'bb': None, 'pay': 0.0, 'durum': 'kapali', 'gecikme_ms': None}, {'oi': 1, 'p': 0.45, 'ofs': 0.45, 'hedef_ofs': 0.45, 'bb': None, 'pay': 5.0, 'durum': 'kapali', 'gecikme_ms': 1711}]
  [17:37:31] COZULDU: sym=btc S=1789752600 kol=B kazanan=1 pay=20.0 maliyet=9.75 pnl=-4.75 geri_cekildi=None emirler=[{'oi': 0, 'p': 0.49, 'ofs': 0.49, 'hedef_ofs': 0.49, 'bb': 0.51, 'pay': 5.0, 'durum': 'kapali', 'gecikme_ms': 3294}, {'oi': 0, 'p': 0.48, 'ofs': 0.48, 'hedef_ofs': 0.48, 'bb': 0.51, 'pay': 5.0, 'durum': 'kapali', 'gecikme_ms': 3383}, {'oi': 1, 'p': 0.46, 'ofs': 0.46, 'hedef_ofs': 0.46, 'bb': 0.48, 'pay': 0.0, 'durum': 'kapali', 'gecikme_ms': None}, {'oi': 1, 'p': 0.45, 'ofs': 0.45, 'hedef_ofs': 0.45, 'bb': 0.48, 'pay': 0.0, 'durum': 'kapali', 'gecikme_ms': None}, {'oi': 1, 'p': 0.57, 'ofs': 0.57, 'hedef_ofs': 0.57, 'bb': None, 'pay': 0.0, 'durum': 'kapali', 'gecikme_ms': None}, {'oi': 1, 'p': 0.55, 'ofs': 0.55, 'hedef_ofs': 0.55, 'bb': None, 'pay': 0.0, 'durum': 'kapali', 'gecikme_ms': None}, {'oi': 1, 'p': 0.74, 'ofs': 0.74, 'hedef_ofs': 0.74, 'bb': None, 'pay': 5.0, 'durum': 'kapali', 'gecikme_ms': 14607}, {'oi': 1, 'p': 0.72, 'ofs': 0.72, 'hedef_ofs': 0.72, 'bb': None, 'pay': 0.0, 'durum': 'kapali', 'gecikme_ms': None}, {'oi': 0, 'p': 0.24, 'ofs': 0.24, 'hedef_ofs': 0.24, 'bb': None, 'pay': 5.0, 'durum': 'kapali', 'gecikme_ms': 5281}, {'oi': 0, 'p': 0.21, 'ofs': 0.21, 'hedef_ofs': 0.21, 'bb': None, 'pay': 0.0, 'durum': 'kapali', 'gecikme_ms': None}, {'oi': 1, 'p': 0.7, 'ofs': 0.7, 'hedef_ofs': 0.7, 'bb': None, 'pay': 0.0, 'durum': 'kapali', 'gecikme_ms': None}, {'oi': 1, 'p': 0.84, 'ofs': 0.84, 'hedef_ofs': 0.84, 'bb': None, 'pay': 0.0, 'durum': 'kapali', 'gecikme_ms': None}, {'oi': 1, 'p': 0.92, 'ofs': 0.92, 'hedef_ofs': 0.92, 'bb': None, 'pay': 0.0, 'durum': 'kapali', 'gecikme_ms': None}, {'oi': 1, 'p': 0.96, 'ofs': 0.96, 'hedef_ofs': 0.96, 'bb': None, 'pay': 0.0, 'durum': 'kapali', 'gecikme_ms': None}]
  [17:38:21] GEC_UCUZ_KESILDI: sym=btc S=1789752900 iptal=5 fiyatlar=[0.03, 0.06, 0.1, 0.15, 0.22] kalan_acik=2
  [17:39:19] maruziyet: acik_pozisyon=0 pazar=0 dis_risk=0.0
  [17:39:24] mutabakat: pnl=-2.66 yerel=2.94 etkin=-2.66 pencere=31 risk=2.6 emir=434 dolum=31 pay=795.4 geri_cekilen=1 red=12
  [17:40:06] pencere: sym=btc S=1789753200 kol=B emir=4 kabul=[2, 2] fiyatlar=[(0, 0.45, 0.45, 0.45), (0, 0.43, 0.43, 0.43), (1, 0.51, 0.51, 0.51), (1, 0.49, 0.49, 0.49)]
  [17:40:09] dolum: sym=btc S=1789753200 oi=1 p=0.51 ofset=0.51 yeni=5.0 toplam=5.0 borsa=MATCHED gecen_sn=9.1
  [17:40:11] dolum: sym=btc S=1789753200 oi=1 p=0.49 ofset=0.49 yeni=5.0 toplam=5.0 borsa=MATCHED gecen_sn=11.8
  [17:40:12] DENGE_SINIRI: sym=btc S=1789753200 agir=Down up=0.0 down=10.0 iptal=2 kalan_hafif=2
  [17:40:13] dolum: sym=btc S=1789753200 oi=0 p=0.45 ofset=0.45 yeni=5.0 toplam=5.0 borsa=MATCHED gecen_sn=13.3
  [17:40:21] dolum: sym=btc S=1789753200 oi=0 p=0.43 ofset=0.43 yeni=5.0 toplam=5.0 borsa=MATCHED gecen_sn=21.4
  [17:40:27] YENILENDI: sym=btc S=1789753200 yas=26.8 iptal=1 eklenen=[('Up', 0.46), ('Down', 0.5), ('Down', 0.48)] toplam_emir=7
  [17:40:28] dolum: sym=btc S=1789753200 oi=0 p=0.46 ofset=0.46 yeni=5.0 toplam=5.0 borsa=MATCHED gecen_sn=28.4
  [17:40:34] dolum: sym=btc S=1789753200 oi=1 p=0.5 ofset=0.5 yeni=5.0 toplam=5.0 borsa=MATCHED gecen_sn=34.3
  [17:40:34] dolum: sym=btc S=1789753200 oi=1 p=0.48 ofset=0.48 yeni=5.0 toplam=5.0 borsa=MATCHED gecen_sn=34.4
  [17:40:48] YENILENDI: sym=btc S=1789753200 yas=47.3 iptal=3 eklenen=[('Up', 0.43), ('Down', 0.51), ('Down', 0.49)] toplam_emir=10
  [17:40:50] dolum: sym=btc S=1789753200 oi=1 p=0.51 ofset=0.51 yeni=5.0 toplam=5.0 borsa=MATCHED gecen_sn=50.8
  [17:40:50] dolum: sym=btc S=1789753200 oi=1 p=0.49 ofset=0.49 yeni=5.0 toplam=5.0 borsa=MATCHED gecen_sn=50.9
  [17:40:51] DENGE_SINIRI: sym=btc S=1789753200 agir=Down up=15.0 down=30.0 iptal=2 kalan_hafif=2
  [17:41:08] YENILENDI: sym=btc S=1789753200 yas=68.0 iptal=2 eklenen=[('Up', 0.52), ('Up', 0.5)] toplam_emir=12
  [17:41:14] dolum: sym=btc S=1789753200 oi=0 p=0.52 ofset=0.52 yeni=5.0 toplam=5.0 borsa=MATCHED gecen_sn=74.0
  [17:41:14] dolum: sym=btc S=1789753200 oi=0 p=0.5 ofset=0.5 yeni=5.0 toplam=5.0 borsa=MATCHED gecen_sn=74.9
  [17:41:30] YENILENDI: sym=btc S=1789753200 yas=88.7 iptal=2 eklenen=[('Up', 0.49)] toplam_emir=13
  [17:42:34] COZULDU: sym=btc S=1789752900 kol=A kazanan=0 pay=9.99 maliyet=2.6 pnl=-2.6 geri_cekildi=None emirler=[{'oi': 0, 'p': 0.4, 'ofs': 0.4, 'hedef_ofs': 0.4, 'bb': 0.6, 'pay': 0.0, 'durum': 'kapali', 'gecikme_ms': None}, {'oi': 0, 'p': 0.3, 'ofs': 0.3, 'hedef_ofs': 0.3, 'bb': 0.6, 'pay': 0.0, 'durum': 'kapali', 'gecikme_ms': None}, {'oi': 0, 'p': 0.22, 'ofs': 0.22, 'hedef_ofs': 0.22, 'bb': 0.6, 'pay': 0.0, 'durum': 'kapali', 'gecikme_ms': None}, {'oi': 0, 'p': 0.15, 'ofs': 0.15, 'hedef_ofs': 0.15, 'bb': 0.6, 'pay': 0.0, 'durum': 'kapali', 'gecikme_ms': None}, {'oi': 0, 'p': 0.1, 'ofs': 0.1, 'hedef_ofs': 0.1, 'bb': 0.6, 'pay': 0.0, 'durum': 'kapali', 'gecikme_ms': None}, {'oi': 0, 'p': 0.06, 'ofs': 0.06, 'hedef_ofs': 0.06, 'bb': 0.6, 'pay': 0.0, 'durum': 'kapali', 'gecikme_ms': None}, {'oi': 0, 'p': 0.03, 'ofs': 0.03, 'hedef_ofs': 0.03, 'bb': 0.6, 'pay': 0.0, 'durum': 'kapali', 'gecikme_ms': None}, {'oi': 1, 'p': 0.3, 'ofs': 0.3, 'hedef_ofs': 0.3, 'bb': 0.39, 'pay': 4.99, 'durum': 'kapali', 'gecikme_ms': 42880}, {'oi': 1, 'p': 0.22, 'ofs': 0.22, 'hedef_ofs': 0.22, 'bb': 0.39, 'pay': 5.0, 'durum': 'kapali', 'gecikme_ms': 61030}, {'oi': 1, 'p': 0.15, 'ofs': 0.15, 'hedef_ofs': 0.15, 'bb': 0.39, 'pay': 0.0, 'durum': 'kapali', 'gecikme_ms': None}, {'oi': 1, 'p': 0.1, 'ofs': 0.1, 'hedef_ofs': 0.1, 'bb': 0.39, 'pay': 0.0, 'durum': 'kapali', 'gecikme_ms': None}, {'oi': 1, 'p': 0.06, 'ofs': 0.06, 'hedef_ofs': 0.06, 'bb': 0.39, 'pay': 0.0, 'durum': 'kapali', 'gecikme_ms': None}, {'oi': 1, 'p': 0.03, 'ofs': 0.03, 'hedef_ofs': 0.03, 'bb': 0.39, 'pay': 0.0, 'durum': 'kapali', 'gecikme_ms': None}]
  [17:43:39] maruziyet: acik_pozisyon=0 pazar=0 dis_risk=0.0
  [17:43:45] mutabakat: pnl=-5.26 yerel=0.34 etkin=-5.26 pencere=32 risk=1.7 emir=447 dolum=32 pay=805.4 geri_cekilen=1 red=12
  [17:45:06] pencere: sym=btc S=1789753500 kol=A emir=13 kabul=[7, 6] fiyatlar=[(0, 0.4, 0.4, 0.4), (0, 0.3, 0.3, 0.3), (0, 0.22, 0.22, 0.22), (0, 0.15, 0.15, 0.15), (0, 0.1, 0.1, 0.1), (0, 0.06, 0.06, 0.06), (0, 0.03, 0.03, 0.03), (1, 0.3, 0.3, 0.3), (1, 0.22, 0.22, 0.22), (1, 0.15, 0.15, 0.15), (1, 0.1, 0.1, 0.1), (1, 0.06, 0.06, 0.06), (1, 0.03, 0.03, 0.03)]
  [17:45:44] dolum: sym=btc S=1789753500 oi=1 p=0.3 ofset=0.3 yeni=5.0 toplam=5.0 borsa=MATCHED gecen_sn=44.2
  [17:46:53] dolum: sym=btc S=1789753500 oi=1 p=0.22 ofset=0.22 yeni=5.0 toplam=5.0 borsa=MATCHED gecen_sn=113.0
  [17:46:54] DENGE_SINIRI: sym=btc S=1789753500 agir=Down up=0.0 down=10.0 iptal=6 kalan_hafif=7
  [17:47:44] COZULDU: sym=btc S=1789753200 kol=B kazanan=0 pay=55.0 maliyet=26.7 pnl=-1.7 geri_cekildi=None emirler=[{'oi': 0, 'p': 0.45, 'ofs': 0.45, 'hedef_ofs': 0.45, 'bb': 0.47, 'pay': 5.0, 'durum': 'kapali', 'gecikme_ms': 6474}, {'oi': 0, 'p': 0.43, 'ofs': 0.43, 'hedef_ofs': 0.43, 'bb': 0.47, 'pay': 5.0, 'durum': 'kapali', 'gecikme_ms': 14566}, {'oi': 1, 'p': 0.51, 'ofs': 0.51, 'hedef_ofs': 0.51, 'bb': 0.52, 'pay': 5.0, 'durum': 'kapali', 'gecikme_ms': 2264}, {'oi': 1, 'p': 0.49, 'ofs': 0.49, 'hedef_ofs': 0.49, 'bb': 0.52, 'pay': 5.0, 'durum': 'kapali', 'gecikme_ms': 4927}, {'oi': 0, 'p': 0.46, 'ofs': 0.46, 'hedef_ofs': 0.46, 'bb': None, 'pay': 5.0, 'durum': 'kapali', 'gecikme_ms': 670}, {'oi': 1, 'p': 0.5, 'ofs': 0.5, 'hedef_ofs': 0.5, 'bb': None, 'pay': 5.0, 'durum': 'kapali', 'gecikme_ms': 6596}, {'oi': 1, 'p': 0.48, 'ofs': 0.48, 'hedef_ofs': 0.48, 'bb': None, 'pay': 5.0, 'durum': 'kapali', 'gecikme_ms': 6689}, {'oi': 0, 'p': 0.43, 'ofs': 0.43, 'hedef_ofs': 0.43, 'bb': None, 'pay': 0.0, 'durum': 'kapali', 'gecikme_ms': None}, {'oi': 1, 'p': 0.51, 'ofs': 0.51, 'hedef_ofs': 0.51, 'bb': None, 'pay': 5.0, 'durum': 'kapali', 'gecikme_ms': 2711}, {'oi': 1, 'p': 0.49, 'ofs': 0.49, 'hedef_ofs': 0.49, 'bb': None, 'pay': 5.0, 'durum': 'kapali', 'gecikme_ms': 2807}, {'oi': 0, 'p': 0.52, 'ofs': 0.52, 'hedef_ofs': 0.52, 'bb': None, 'pay': 5.0, 'durum': 'kapali', 'gecikme_ms': 5527}, {'oi': 0, 'p': 0.5, 'ofs': 0.5, 'hedef_ofs': 0.5, 'bb': None, 'pay': 5.0, 'durum': 'kapali', 'gecikme_ms': 6379}, {'oi': 0, 'p': 0.49, 'ofs': 0.49, 'hedef_ofs': 0.49, 'bb': None, 'pay': 0.0, 'durum': 'kapali', 'gecikme_ms': None}]
  [17:47:59] maruziyet: acik_pozisyon=0 pazar=0 dis_risk=0.0
  [17:48:04] mutabakat: pnl=-6.96 yerel=-1.36 etkin=-6.96 pencere=33 risk=2.6 emir=460 dolum=33 pay=860.4 geri_cekilen=1 red=12
  [17:48:20] GEC_UCUZ_KESILDI: sym=btc S=1789753500 iptal=5 fiyatlar=[0.03, 0.06, 0.1, 0.15, 0.22] kalan_acik=2
  [17:50:08] pencere: sym=btc S=1789753800 kol=B emir=4 kabul=[2, 2] fiyatlar=[(0, 0.39, 0.39, 0.39), (0, 0.37, 0.37, 0.37), (1, 0.57, 0.57, 0.57), (1, 0.55, 0.55, 0.55)]
  [17:50:12] dolum: sym=btc S=1789753800 oi=1 p=0.57 ofset=0.57 yeni=5.0 toplam=5.0 borsa=MATCHED gecen_sn=12.6
  [17:50:12] dolum: sym=btc S=1789753800 oi=1 p=0.55 ofset=0.55 yeni=5.0 toplam=5.0 borsa=MATCHED gecen_sn=12.7
  [17:50:13] DENGE_SINIRI: sym=btc S=1789753800 agir=Down up=0.0 down=10.0 iptal=2 kalan_hafif=2
  [17:50:27] YENILENDI: sym=btc S=1789753800 yas=25.9 iptal=2 eklenen=[('Up', 0.58)] toplam_emir=5
  [17:50:35] dolum: sym=btc S=1789753800 oi=0 p=0.58 ofset=0.58 yeni=5.0 toplam=5.0 borsa=MATCHED gecen_sn=35.8
  [17:50:46] YENILENDI: sym=btc S=1789753800 yas=46.3 iptal=1 eklenen=[('Up', 0.54), ('Up', 0.52), ('Down', 0.41), ('Down', 0.4)] toplam_emir=9
  [17:50:54] dolum: sym=btc S=1789753800 oi=1 p=0.41 ofset=0.41 yeni=5.0 toplam=5.0 borsa=MATCHED gecen_sn=54.6
  [17:50:54] dolum: sym=btc S=1789753800 oi=1 p=0.4 ofset=0.4 yeni=5.0 toplam=5.0 borsa=MATCHED gecen_sn=54.7
  [17:50:55] DENGE_SINIRI: sym=btc S=1789753800 agir=Down up=5.0 down=20.0 iptal=2 kalan_hafif=2
  [17:51:07] YENILENDI: sym=btc S=1789753800 yas=66.7 iptal=2 eklenen=[('Up', 0.68), ('Up', 0.66)] toplam_emir=11
  [17:51:10] dolum: sym=btc S=1789753800 oi=0 p=0.68 ofset=0.68 yeni=5.0 toplam=5.0 borsa=MATCHED gecen_sn=70.0
  [17:51:10] dolum: sym=btc S=1789753800 oi=0 p=0.66 ofset=0.66 yeni=5.0 toplam=5.0 borsa=MATCHED gecen_sn=70.1
  [17:51:27] YENILENDI: sym=btc S=1789753800 yas=87.3 iptal=2 eklenen=[('Up', 0.74)] toplam_emir=12
  [17:51:33] dolum: sym=btc S=1789753800 oi=0 p=0.74 ofset=0.74 yeni=5.0 toplam=5.0 borsa=MATCHED gecen_sn=93.6
  [17:52:18] maruziyet: acik_pozisyon=0 pazar=0 dis_risk=0.0
  [17:52:24] mutabakat: pnl=-6.96 yerel=-1.36 etkin=-6.96 pencere=33 risk=5.55 emir=472 dolum=33 pay=860.4 geri_cekilen=1 red=13
  [17:53:09] YENILENDI: sym=btc S=1789753800 yas=189.1 iptal=0 eklenen=[('Down', 0.04), ('Down', 0.03)] toplam_emir=14
  [17:53:20] GEC_UCUZ_KESILDI: sym=btc S=1789753800 iptal=2 fiyatlar=[0.03, 0.04] kalan_acik=0
  [17:55:06] pencere: sym=btc S=1789754100 kol=B emir=4 kabul=[2, 2] fiyatlar=[(0, 0.42, 0.42, 0.42), (0, 0.41, 0.41, 0.41), (1, 0.54, 0.54, 0.54), (1, 0.52, 0.52, 0.52)]
  [17:55:10] dolum: sym=btc S=1789754100 oi=0 p=0.42 ofset=0.42 yeni=5.0 toplam=5.0 borsa=MATCHED gecen_sn=10.4
  [17:55:10] dolum: sym=btc S=1789754100 oi=0 p=0.41 ofset=0.41 yeni=5.0 toplam=5.0 borsa=MATCHED gecen_sn=10.5
  [17:55:10] DENGE_SINIRI: sym=btc S=1789754100 agir=Up up=10.0 down=0.0 iptal=2 kalan_hafif=2
  [17:55:22] dolum: sym=btc S=1789754100 oi=1 p=0.54 ofset=0.54 yeni=5.0 toplam=5.0 borsa=MATCHED gecen_sn=23.0
  [17:55:23] dolum: sym=btc S=1789754100 oi=1 p=0.52 ofset=0.52 yeni=5.0 toplam=5.0 borsa=MATCHED gecen_sn=23.1
  [17:55:26] YENILENDI: sym=btc S=1789754100 yas=26.1 iptal=2 eklenen=[('Up', 0.39), ('Up', 0.38), ('Down', 0.57), ('Down', 0.55)] toplam_emir=8
  [17:55:28] dolum: sym=btc S=1789754100 oi=1 p=0.57 ofset=0.57 yeni=5.0 toplam=5.0 borsa=MATCHED gecen_sn=28.6
  [17:55:28] dolum: sym=btc S=1789754100 oi=1 p=0.55 ofset=0.55 yeni=5.0 toplam=5.0 borsa=MATCHED gecen_sn=28.6
  [17:55:28] DENGE_SINIRI: sym=btc S=1789754100 agir=Down up=10.0 down=20.0 iptal=2 kalan_hafif=2
  [17:55:47] YENILENDI: sym=btc S=1789754100 yas=46.5 iptal=2 eklenen=[('Up', 0.46), ('Up', 0.45)] toplam_emir=10
  [17:56:07] YENILENDI: sym=btc S=1789754100 yas=66.9 iptal=2 eklenen=[('Up', 0.67)] toplam_emir=11
  [17:56:21] dolum: sym=btc S=1789754100 oi=0 p=0.67 ofset=0.67 yeni=5.0 toplam=5.0 borsa=MATCHED gecen_sn=81.6
  [17:56:40] maruziyet: acik_pozisyon=0 pazar=0 dis_risk=0.0
  [17:56:45] mutabakat: pnl=-6.96 yerel=-1.36 etkin=-6.96 pencere=33 risk=8.95 emir=485 dolum=33 pay=860.4 geri_cekilen=1 red=13
  [17:56:47] YENILENDI: sym=btc S=1789754100 yas=107.2 iptal=1 eklenen=[('Up', 0.72)] toplam_emir=12
  [17:56:55] dolum: sym=btc S=1789754100 oi=0 p=0.72 ofset=0.72 yeni=5.0 toplam=5.0 borsa=MATCHED gecen_sn=115.2
  [17:57:28] COZULDU: sym=btc S=1789753500 kol=A kazanan=0 pay=10.0 maliyet=2.6 pnl=-2.6 geri_cekildi=None emirler=[{'oi': 0, 'p': 0.4, 'ofs': 0.4, 'hedef_ofs': 0.4, 'bb': 0.54, 'pay': 0.0, 'durum': 'kapali', 'gecikme_ms': None}, {'oi': 0, 'p': 0.3, 'ofs': 0.3, 'hedef_ofs': 0.3, 'bb': 0.54, 'pay': 0.0, 'durum': 'kapali', 'gecikme_ms': None}, {'oi': 0, 'p': 0.22, 'ofs': 0.22, 'hedef_ofs': 0.22, 'bb': 0.54, 'pay': 0.0, 'durum': 'kapali', 'gecikme_ms': None}, {'oi': 0, 'p': 0.15, 'ofs': 0.15, 'hedef_ofs': 0.15, 'bb': 0.54, 'pay': 0.0, 'durum': 'kapali', 'gecikme_ms': None}, {'oi': 0, 'p': 0.1, 'ofs': 0.1, 'hedef_ofs': 0.1, 'bb': 0.54, 'pay': 0.0, 'durum': 'kapali', 'gecikme_ms': None}, {'oi': 0, 'p': 0.06, 'ofs': 0.06, 'hedef_ofs': 0.06, 'bb': 0.54, 'pay': 0.0, 'durum': 'kapali', 'gecikme_ms': None}, {'oi': 0, 'p': 0.03, 'ofs': 0.03, 'hedef_ofs': 0.03, 'bb': 0.54, 'pay': 0.0, 'durum': 'kapali', 'gecikme_ms': None}, {'oi': 1, 'p': 0.3, 'ofs': 0.3, 'hedef_ofs': 0.3, 'bb': 0.45, 'pay': 5.0, 'durum': 'kapali', 'gecikme_ms': 37508}, {'oi': 1, 'p': 0.22, 'ofs': 0.22, 'hedef_ofs': 0.22, 'bb': 0.45, 'pay': 5.0, 'durum': 'kapali', 'gecikme_ms': 106321}, {'oi': 1, 'p': 0.15, 'ofs': 0.15, 'hedef_ofs': 0.15, 'bb': 0.45, 'pay': 0.0, 'durum': 'kapali', 'gecikme_ms': None}, {'oi': 1, 'p': 0.1, 'ofs': 0.1, 'hedef_ofs': 0.1, 'bb': 0.45, 'pay': 0.0, 'durum': 'kapali', 'gecikme_ms': None}, {'oi': 1, 'p': 0.06, 'ofs': 0.06, 'hedef_ofs': 0.06, 'bb': 0.45, 'pay': 0.0, 'durum': 'kapali', 'gecikme_ms': None}, {'oi': 1, 'p': 0.03, 'ofs': 0.03, 'hedef_ofs': 0.03, 'bb': 0.45, 'pay': 0.0, 'durum': 'kapali', 'gecikme_ms': None}]
  [17:58:03] COZULDU: sym=btc S=1789753800 kol=B kazanan=0 pay=40.0 maliyet=22.95 pnl=-2.95 geri_cekildi=None emirler=[{'oi': 0, 'p': 0.39, 'ofs': 0.39, 'hedef_ofs': 0.39, 'bb': 0.4, 'pay': 0.0, 'durum': 'kapali', 'gecikme_ms': None}, {'oi': 0, 'p': 0.37, 'ofs': 0.37, 'hedef_ofs': 0.37, 'bb': 0.4, 'pay': 0.0, 'durum': 'kapali', 'gecikme_ms': None}, {'oi': 1, 'p': 0.57, 'ofs': 0.57, 'hedef_ofs': 0.57, 'bb': 0.59, 'pay': 5.0, 'durum': 'kapali', 'gecikme_ms': 3676}, {'oi': 1, 'p': 0.55, 'ofs': 0.55, 'hedef_ofs': 0.55, 'bb': 0.59, 'pay': 5.0, 'durum': 'kapali', 'gecikme_ms': 3767}, {'oi': 0, 'p': 0.58, 'ofs': 0.58, 'hedef_ofs': 0.58, 'bb': None, 'pay': 5.0, 'durum': 'kapali', 'gecikme_ms': 8501}, {'oi': 0, 'p': 0.54, 'ofs': 0.54, 'hedef_ofs': 0.54, 'bb': None, 'pay': 0.0, 'durum': 'kapali', 'gecikme_ms': None}, {'oi': 0, 'p': 0.52, 'ofs': 0.52, 'hedef_ofs': 0.52, 'bb': None, 'pay': 0.0, 'durum': 'kapali', 'gecikme_ms': None}, {'oi': 1, 'p': 0.41, 'ofs': 0.41, 'hedef_ofs': 0.41, 'bb': None, 'pay': 5.0, 'durum': 'kapali', 'gecikme_ms': 7692}, {'oi': 1, 'p': 0.4, 'ofs': 0.4, 'hedef_ofs': 0.4, 'bb': None, 'pay': 5.0, 'durum': 'kapali', 'gecikme_ms': 7786}, {'oi': 0, 'p': 0.68, 'ofs': 0.68, 'hedef_ofs': 0.68, 'bb': None, 'pay': 5.0, 'durum': 'kapali', 'gecikme_ms': 2519}, {'oi': 0, 'p': 0.66, 'ofs': 0.66, 'hedef_ofs': 0.66, 'bb': None, 'pay': 5.0, 'durum': 'kapali', 'gecikme_ms': 2609}, {'oi': 0, 'p': 0.74, 'ofs': 0.74, 'hedef_ofs': 0.74, 'bb': None, 'pay': 5.0, 'durum': 'kapali', 'gecikme_ms': 5694}, {'oi': 1, 'p': 0.04, 'ofs': 0.04, 'hedef_ofs': 0.04, 'bb': None, 'pay': 0.0, 'durum': 'kapali', 'gecikme_ms': None}, {'oi': 1, 'p': 0.03, 'ofs': 0.03, 'hedef_ofs': 0.03, 'bb': None, 'pay': 0.0, 'durum': 'kapali', 'gecikme_ms': None}]
  [18:00:06] pencere: sym=btc S=1789754400 kol=B emir=4 kabul=[2, 2] fiyatlar=[(0, 0.27, 0.27, 0.27), (0, 0.25, 0.25, 0.25), (1, 0.69, 0.69, 0.69), (1, 0.67, 0.67, 0.67)]
  [18:00:08] dolum: sym=btc S=1789754400 oi=0 p=0.27 ofset=0.27 yeni=4.994 toplam=4.994 borsa=MATCHED gecen_sn=8.6
  [18:00:08] dolum: sym=btc S=1789754400 oi=0 p=0.25 ofset=0.25 yeni=5.0 toplam=5.0 borsa=MATCHED gecen_sn=8.7
  [18:00:10] DENGE_SINIRI: sym=btc S=1789754400 agir=Up up=10.0 down=0.0 iptal=2 kalan_hafif=2
  [18:00:26] YENILENDI: sym=btc S=1789754400 yas=26.4 iptal=2 eklenen=[('Down', 0.81), ('Down', 0.79)] toplam_emir=6
  [18:01:00] maruziyet: acik_pozisyon=0 pazar=0 dis_risk=0.0
  [18:01:06] mutabakat: pnl=-12.51 yerel=-6.91 etkin=-12.51 pencere=35 risk=4.6 emir=492 dolum=35 pay=910.4 geri_cekilen=1 red=13
  [18:01:07] dolum: sym=btc S=1789754400 oi=1 p=0.81 ofset=0.81 yeni=5.0 toplam=5.0 borsa=MATCHED gecen_sn=67.6
  [18:01:08] YENILENDI: sym=btc S=1789754400 yas=67.7 iptal=1 eklenen=[('Up', 0.18), ('Up', 0.15), ('Down', 0.77)] toplam_emir=9
  [18:01:12] dolum: sym=btc S=1789754400 oi=0 p=0.18 ofset=0.18 yeni=5.0 toplam=5.0 borsa=MATCHED gecen_sn=73.0
  [18:01:13] DENGE_SINIRI: sym=btc S=1789754400 agir=Up up=15.0 down=5.0 iptal=2 kalan_hafif=2
  [18:01:37] dolum: sym=btc S=1789754400 oi=1 p=0.79 ofset=0.79 yeni=5.0 toplam=5.0 borsa=MATCHED gecen_sn=97.4
  [18:01:37] dolum: sym=btc S=1789754400 oi=1 p=0.77 ofset=0.77 yeni=5.0 toplam=5.0 borsa=MATCHED gecen_sn=97.5
  [18:01:48] YENILENDI: sym=btc S=1789754400 yas=108.2 iptal=2 eklenen=[('Up', 0.27), ('Up', 0.26), ('Down', 0.68)] toplam_emir=12
  [18:01:50] dolum: sym=btc S=1789754400 oi=0 p=0.27 ofset=0.27 yeni=1.11 toplam=1.11 borsa=LIVE gecen_sn=110.4
  [18:01:51] dolum: sym=btc S=1789754400 oi=0 p=0.27 ofset=0.27 yeni=3.89 toplam=5.0 borsa=MATCHED gecen_sn=111.2
  [18:01:53] dolum: sym=btc S=1789754400 oi=0 p=0.26 ofset=0.26 yeni=5.0 toplam=5.0 borsa=MATCHED gecen_sn=113.1
  [18:01:53] DENGE_SINIRI: sym=btc S=1789754400 agir=Up up=25.0 down=15.0 iptal=2 kalan_hafif=1
  [18:03:08] COZULDU: sym=btc S=1789754100 kol=B kazanan=0 pay=40.0 maliyet=22.0 pnl=-2.0 geri_cekildi=None emirler=[{'oi': 0, 'p': 0.42, 'ofs': 0.42, 'hedef_ofs': 0.42, 'bb': 0.44, 'pay': 5.0, 'durum': 'kapali', 'gecikme_ms': 4133}, {'oi': 0, 'p': 0.41, 'ofs': 0.41, 'hedef_ofs': 0.41, 'bb': 0.44, 'pay': 5.0, 'durum': 'kapali', 'gecikme_ms': 4217}, {'oi': 1, 'p': 0.54, 'ofs': 0.54, 'hedef_ofs': 0.54, 'bb': 0.55, 'pay': 5.0, 'durum': 'kapali', 'gecikme_ms': 16693}, {'oi': 1, 'p': 0.52, 'ofs': 0.52, 'hedef_ofs': 0.52, 'bb': 0.55, 'pay': 5.0, 'durum': 'kapali', 'gecikme_ms': 16776}, {'oi': 0, 'p': 0.39, 'ofs': 0.39, 'hedef_ofs': 0.39, 'bb': None, 'pay': 0.0, 'durum': 'kapali', 'gecikme_ms': None}, {'oi': 0, 'p': 0.38, 'ofs': 0.38, 'hedef_ofs': 0.38, 'bb': None, 'pay': 0.0, 'durum': 'kapali', 'gecikme_ms': None}, {'oi': 1, 'p': 0.57, 'ofs': 0.57, 'hedef_ofs': 0.57, 'bb': None, 'pay': 5.0, 'durum': 'kapali', 'gecikme_ms': 1805}, {'oi': 1, 'p': 0.55, 'ofs': 0.55, 'hedef_ofs': 0.55, 'bb': None, 'pay': 5.0, 'durum': 'kapali', 'gecikme_ms': 1890}, {'oi': 0, 'p': 0.46, 'ofs': 0.46, 'hedef_ofs': 0.46, 'bb': None, 'pay': 0.0, 'durum': 'kapali', 'gecikme_ms': None}, {'oi': 0, 'p': 0.45, 'ofs': 0.45, 'hedef_ofs': 0.45, 'bb': None, 'pay': 0.0, 'durum': 'kapali', 'gecikme_ms': None}, {'oi': 0, 'p': 0.67, 'ofs': 0.67, 'hedef_ofs': 0.67, 'bb': None, 'pay': 5.0, 'durum': 'kapali', 'gecikme_ms': 14162}, {'oi': 0, 'p': 0.72, 'ofs': 0.72, 'hedef_ofs': 0.72, 'bb': None, 'pay': 5.0, 'durum': 'kapali', 'gecikme_ms': 7439}]
  [18:05:06] pencere: sym=btc S=1789754700 kol=B emir=4 kabul=[2, 2] fiyatlar=[(0, 0.51, 0.51, 0.51), (0, 0.49, 0.49, 0.49), (1, 0.45, 0.45, 0.45), (1, 0.43, 0.43, 0.43)]
  [18:05:09] dolum: sym=btc S=1789754700 oi=1 p=0.45 ofset=0.45 yeni=4.848 toplam=4.848 borsa=LIVE gecen_sn=9.3
  [18:05:10] dolum: sym=btc S=1789754700 oi=1 p=0.45 ofset=0.45 yeni=0.15 toplam=4.998 borsa=MATCHED gecen_sn=10.9
  [18:05:11] dolum: sym=btc S=1789754700 oi=1 p=0.43 ofset=0.43 yeni=5.0 toplam=5.0 borsa=MATCHED gecen_sn=11.8
  [18:05:12] DENGE_SINIRI: sym=btc S=1789754700 agir=Down up=0.0 down=10.0 iptal=2 kalan_hafif=2
  [18:05:13] dolum: sym=btc S=1789754700 oi=0 p=0.51 ofset=0.51 yeni=5.0 toplam=5.0 borsa=MATCHED gecen_sn=13.4
  [18:05:17] dolum: sym=btc S=1789754700 oi=0 p=0.49 ofset=0.49 yeni=5.0 toplam=5.0 borsa=MATCHED gecen_sn=17.5
  [18:05:20] maruziyet: acik_pozisyon=0 pazar=0 dis_risk=0.0
  [18:05:26] mutabakat: pnl=-14.51 yerel=-8.91 etkin=-14.51 pencere=36 risk=3.0 emir=502 dolum=36 pay=950.4 geri_cekilen=1 red=13
  [18:05:27] YENILENDI: sym=btc S=1789754700 yas=26.8 iptal=2 eklenen=[('Up', 0.45), ('Up', 0.43), ('Down', 0.51), ('Down', 0.49)] toplam_emir=8
  [18:05:29] dolum: sym=btc S=1789754700 oi=1 p=0.51 ofset=0.51 yeni=5.0 toplam=5.0 borsa=MATCHED gecen_sn=30.0
  [18:05:32] dolum: sym=btc S=1789754700 oi=1 p=0.49 ofset=0.49 yeni=5.0 toplam=5.0 borsa=MATCHED gecen_sn=32.6
  [18:05:32] DENGE_SINIRI: sym=btc S=1789754700 agir=Down up=10.0 down=20.0 iptal=2 kalan_hafif=2
  [18:05:47] YENILENDI: sym=btc S=1789754700 yas=47.1 iptal=2 eklenen=[('Up', 0.54)] toplam_emir=9
  [18:06:08] YENILENDI: sym=btc S=1789754700 yas=67.6 iptal=1 eklenen=[('Up', 0.73)] toplam_emir=10
  [18:06:09] dolum: sym=btc S=1789754700 oi=0 p=0.73 ofset=0.73 yeni=5.0 toplam=5.0 borsa=MATCHED gecen_sn=69.4
  [18:06:28] YENILENDI: sym=btc S=1789754700 yas=87.6 iptal=1 eklenen=[('Up', 0.71)] toplam_emir=11
  [18:06:34] dolum: sym=btc S=1789754700 oi=0 p=0.71 ofset=0.71 yeni=5.0 toplam=5.0 borsa=MATCHED gecen_sn=94.3
  [18:08:10] YENILENDI: sym=btc S=1789754700 yas=189.5 iptal=0 eklenen=[('Down', 0.06), ('Down', 0.04)] toplam_emir=13
  [18:08:16] dolum: sym=btc S=1789754700 oi=1 p=0.06 ofset=0.06 yeni=5.0 toplam=5.0 borsa=MATCHED gecen_sn=196.1
  [18:08:16] DENGE_SINIRI: sym=btc S=1789754700 agir=Down up=20.0 down=25.0 iptal=2 kalan_hafif=0
  [18:08:37] COZULDU: sym=btc S=1789754400 kol=B kazanan=1 pay=39.99 maliyet=18.0 pnl=-3.0 geri_cekildi=None emirler=[{'oi': 0, 'p': 0.27, 'ofs': 0.27, 'hedef_ofs': 0.27, 'bb': 0.28, 'pay': 4.99, 'durum': 'kapali', 'gecikme_ms': 2084}, {'oi': 0, 'p': 0.25, 'ofs': 0.25, 'hedef_ofs': 0.25, 'bb': 0.28, 'pay': 5.0, 'durum': 'kapali', 'gecikme_ms': 2171}, {'oi': 1, 'p': 0.69, 'ofs': 0.69, 'hedef_ofs': 0.69, 'bb': 0.71, 'pay': 0.0, 'durum': 'kapali', 'gecikme_ms': None}, {'oi': 1, 'p': 0.67, 'ofs': 0.67, 'hedef_ofs': 0.67, 'bb': 0.71, 'pay': 0.0, 'durum': 'kapali', 'gecikme_ms': None}, {'oi': 1, 'p': 0.81, 'ofs': 0.81, 'hedef_ofs': 0.81, 'bb': None, 'pay': 5.0, 'durum': 'kapali', 'gecikme_ms': 40588}, {'oi': 1, 'p': 0.79, 'ofs': 0.79, 'hedef_ofs': 0.79, 'bb': None, 'pay': 5.0, 'durum': 'kapali', 'gecikme_ms': 70433}, {'oi': 0, 'p': 0.18, 'ofs': 0.18, 'hedef_ofs': 0.18, 'bb': None, 'pay': 5.0, 'durum': 'kapali', 'gecikme_ms': 4557}, {'oi': 0, 'p': 0.15, 'ofs': 0.15, 'hedef_ofs': 0.15, 'bb': None, 'pay': 0.0, 'durum': 'kapali', 'gecikme_ms': None}, {'oi': 1, 'p': 0.77, 'ofs': 0.77, 'hedef_ofs': 0.77, 'bb': None, 'pay': 5.0, 'durum': 'kapali', 'gecikme_ms': 29099}, {'oi': 0, 'p': 0.27, 'ofs': 0.27, 'hedef_ofs': 0.27, 'bb': None, 'pay': 5.0, 'durum': 'kapali', 'gecikme_ms': 2391}, {'oi': 0, 'p': 0.26, 'ofs': 0.26, 'hedef_ofs': 0.26, 'bb': None, 'pay': 5.0, 'durum': 'kapali', 'gecikme_ms': 4219}, {'oi': 1, 'p': 0.68, 'ofs': 0.68, 'hedef_ofs': 0.68, 'bb': None, 'pay': 0.0, 'durum': 'kapali', 'gecikme_ms': None}]
  [18:09:40] maruziyet: acik_pozisyon=0 pazar=0 dis_risk=0.0
  [18:09:46] mutabakat: pnl=-17.51 yerel=-11.91 etkin=-17.51 pencere=37 risk=1.9 emir=511 dolum=37 pay=990.4 geri_cekilen=1 red=13
  [18:10:06] pencere: sym=btc S=1789755000 kol=B emir=4 kabul=[2, 2] fiyatlar=[(0, 0.56, 0.56, 0.56), (0, 0.54, 0.54, 0.54), (1, 0.39, 0.39, 0.39), (1, 0.37, 0.37, 0.37)]
  [18:10:14] dolum: sym=btc S=1789755000 oi=0 p=0.56 ofset=0.56 yeni=5.0 toplam=5.0 borsa=MATCHED gecen_sn=14.7
  [18:10:17] dolum: sym=btc S=1789755000 oi=1 p=0.39 ofset=0.39 yeni=5.0 toplam=5.0 borsa=MATCHED gecen_sn=17.4
  [18:10:20] dolum: sym=btc S=1789755000 oi=1 p=0.37 ofset=0.37 yeni=5.0 toplam=5.0 borsa=MATCHED gecen_sn=20.9
  [18:10:27] YENILENDI: sym=btc S=1789755000 yas=26.7 iptal=4 eklenen=[('Up', 0.64), ('Up', 0.61), ('Down', 0.32), ('Down', 0.3)] toplam_emir=8
  [18:10:32] dolum: sym=btc S=1789755000 oi=0 p=0.64 ofset=0.64 yeni=5.0 toplam=5.0 borsa=MATCHED gecen_sn=32.7
  [18:10:32] dolum: sym=btc S=1789755000 oi=0 p=0.61 ofset=0.61 yeni=4.994 toplam=4.994 borsa=MATCHED gecen_sn=32.8
  [18:10:48] YENILENDI: sym=btc S=1789755000 yas=47.3 iptal=3 eklenen=[('Up', 0.66), ('Down', 0.28), ('Down', 0.27)] toplam_emir=11
  [18:10:57] dolum: sym=btc S=1789755000 oi=0 p=0.66 ofset=0.66 yeni=5.0 toplam=5.0 borsa=MATCHED gecen_sn=57.2
  [18:11:04] dolum: sym=btc S=1789755000 oi=1 p=0.28 ofset=0.28 yeni=5.0 toplam=5.0 borsa=MATCHED gecen_sn=64.1
  [18:11:04] dolum: sym=btc S=1789755000 oi=1 p=0.27 ofset=0.27 yeni=5.0 toplam=5.0 borsa=MATCHED gecen_sn=64.2
  [18:11:09] YENILENDI: sym=btc S=1789755000 yas=68.2 iptal=4 eklenen=[('Up', 0.73), ('Down', 0.23), ('Down', 0.2)] toplam_emir=14
  [18:11:11] dolum: sym=btc S=1789755000 oi=0 p=0.73 ofset=0.73 yeni=5.0 toplam=5.0 borsa=MATCHED gecen_sn=71.4
  [18:11:29] YENILENDI: sym=btc S=1789755000 yas=88.3 iptal=3 eklenen=[('Down', 0.27)] toplam_emir=15
  [18:11:35] dolum: sym=btc S=1789755000 oi=1 p=0.27 ofset=0.27 yeni=5.0 toplam=5.0 borsa=MATCHED gecen_sn=95.8
  [18:11:49] YENILENDI: sym=btc S=1789755000 yas=108.7 iptal=1 eklenen=[('Down', 0.24)] toplam_emir=16
  [18:13:10] COZULDU: sym=btc S=1789754700 kol=B kazanan=0 pay=45.0 maliyet=21.9 pnl=-1.9 geri_cekildi=None emirler=[{'oi': 0, 'p': 0.51, 'ofs': 0.51, 'hedef_ofs': 0.51, 'bb': 0.52, 'pay': 5.0, 'durum': 'kapali', 'gecikme_ms': 7180}, {'oi': 0, 'p': 0.49, 'ofs': 0.49, 'hedef_ofs': 0.49, 'bb': 0.52, 'pay': 5.0, 'durum': 'kapali', 'gecikme_ms': 11245}, {'oi': 1, 'p': 0.45, 'ofs': 0.45, 'hedef_ofs': 0.45, 'bb': 0.47, 'pay': 5.0, 'durum': 'kapali', 'gecikme_ms': 4680}, {'oi': 1, 'p': 0.43, 'ofs': 0.43, 'hedef_ofs': 0.43, 'bb': 0.47, 'pay': 5.0, 'durum': 'kapali', 'gecikme_ms': 5589}, {'oi': 0, 'p': 0.45, 'ofs': 0.45, 'hedef_ofs': 0.45, 'bb': None, 'pay': 0.0, 'durum': 'kapali', 'gecikme_ms': None}, {'oi': 0, 'p': 0.43, 'ofs': 0.43, 'hedef_ofs': 0.43, 'bb': None, 'pay': 0.0, 'durum': 'kapali', 'gecikme_ms': None}, {'oi': 1, 'p': 0.51, 'ofs': 0.51, 'hedef_ofs': 0.51, 'bb': None, 'pay': 5.0, 'durum': 'kapali', 'gecikme_ms': 2405}, {'oi': 1, 'p': 0.49, 'ofs': 0.49, 'hedef_ofs': 0.49, 'bb': None, 'pay': 5.0, 'durum': 'kapali', 'gecikme_ms': 4971}, {'oi': 0, 'p': 0.54, 'ofs': 0.54, 'hedef_ofs': 0.54, 'bb': None, 'pay': 0.0, 'durum': 'kapali', 'gecikme_ms': None}, {'oi': 0, 'p': 0.73, 'ofs': 0.73, 'hedef_ofs': 0.73, 'bb': None, 'pay': 5.0, 'durum': 'kapali', 'gecikme_ms': 1355}, {'oi': 0, 'p': 0.71, 'ofs': 0.71, 'hedef_ofs': 0.71, 'bb': None, 'pay': 5.0, 'durum': 'kapali', 'gecikme_ms': 6096}, {'oi': 1, 'p': 0.06, 'ofs': 0.06, 'hedef_ofs': 0.06, 'bb': None, 'pay': 5.0, 'durum': 'kapali', 'gecikme_ms': 6054}, {'oi': 1, 'p': 0.04, 'ofs': 0.04, 'hedef_ofs': 0.04, 'bb': None, 'pay': 0.0, 'durum': 'kapali', 'gecikme_ms': None}]
  [18:13:16] bitti: sebep=STOP pnl=-19.4093 yerel=-13.8092 pencere=40 emir=527 dolum=38 pay=1035.38 geri_cekilen=1 red=13 bilinmeyen=0 risk=0.5
  [18:13:17] hazir: mod=LIVE klip=5.0 fiyatlar=[0.4, 0.3, 0.22, 0.15, 0.1, 0.06, 0.03] kesici=-48.0 denge_siniri=10.0 amac=DERIN MERDIVEN v4 - mutlak fiyat noktalari
  [18:13:18] maruziyet: acik_pozisyon=2 pazar=1 dis_risk=0.5003
  [18:13:18] state_yuklendi: pencere=12 pnl=-19.41 pnl_yerel=-13.81 emir=527 dolum=38
  [18:13:23] basladi: mod=LIVE gorulen_pencere=40
  [18:13:24] maruziyet: acik_pozisyon=0 pazar=0 dis_risk=0.0
  [18:13:29] mutabakat: pnl=-19.41 yerel=-13.81 etkin=-19.41 pencere=38 risk=0.5 emir=527 dolum=38 pay=1035.4 geri_cekilen=1 red=13
  [18:15:05] KAPI: S=1789755300 bps=19.2 esik=16.4 kol=A
  [18:15:07] pencere: sym=btc S=1789755300 kol=A emir=13 kabul=[7, 6] fiyatlar=[(0, 0.4, 0.4, 0.4), (0, 0.3, 0.3, 0.3), (0, 0.22, 0.22, 0.22), (0, 0.15, 0.15, 0.15), (0, 0.1, 0.1, 0.1), (0, 0.06, 0.06, 0.06), (0, 0.03, 0.03, 0.03), (1, 0.3, 0.3, 0.3), (1, 0.22, 0.22, 0.22), (1, 0.15, 0.15, 0.15), (1, 0.1, 0.1, 0.1), (1, 0.06, 0.06, 0.06), (1, 0.03, 0.03, 0.03)]
  [18:16:00] dolum: sym=btc S=1789755300 oi=0 p=0.4 ofset=0.4 yeni=5.0 toplam=5.0 borsa=MATCHED gecen_sn=60.3
  [18:17:46] maruziyet: acik_pozisyon=0 pazar=0 dis_risk=0.0
  [18:17:52] mutabakat: pnl=-19.41 yerel=-13.81 etkin=-19.41 pencere=38 risk=6.8 emir=540 dolum=38 pay=1035.4 geri_cekilen=1 red=13
  [18:18:01] DENGE_SINIRI: sym=btc S=1789755300 agir=Up up=5.0 down=0.0 iptal=7 kalan_hafif=6
  [18:18:04] dolum: sym=btc S=1789755300 oi=1 p=0.3 ofset=0.3 yeni=5.0 toplam=5.0 borsa=MATCHED gecen_sn=184.9
  [18:18:11] dolum: sym=btc S=1789755300 oi=1 p=0.22 ofset=0.22 yeni=5.0 toplam=5.0 borsa=MATCHED gecen_sn=191.6
  [18:18:12] DENGE_SINIRI: sym=btc S=1789755300 agir=Down up=5.0 down=10.0 iptal=6 kalan_hafif=0
  [18:18:46] COZULDU: sym=btc S=1789755000 kol=B kazanan=1 pay=54.99 maliyet=25.5 pnl=4.5 geri_cekildi=None emirler=[{'oi': 0, 'p': 0.56, 'ofs': 0.56, 'hedef_ofs': 0.56, 'bb': 0.58, 'pay': 5.0, 'durum': 'kapali', 'gecikme_ms': 8149}, {'oi': 0, 'p': 0.54, 'ofs': 0.54, 'hedef_ofs': 0.54, 'bb': 0.58, 'pay': 0.0, 'durum': 'kapali', 'gecikme_ms': None}, {'oi': 1, 'p': 0.39, 'ofs': 0.39, 'hedef_ofs': 0.39, 'bb': 0.4, 'pay': 5.0, 'durum': 'kapali', 'gecikme_ms': 10855}, {'oi': 1, 'p': 0.37, 'ofs': 0.37, 'hedef_ofs': 0.37, 'bb': 0.4, 'pay': 5.0, 'durum': 'kapali', 'gecikme_ms': 14332}, {'oi': 0, 'p': 0.64, 'ofs': 0.64, 'hedef_ofs': 0.64, 'bb': None, 'pay': 5.0, 'durum': 'kapali', 'gecikme_ms': 5045}, {'oi': 0, 'p': 0.61, 'ofs': 0.61, 'hedef_ofs': 0.61, 'bb': None, 'pay': 4.99, 'durum': 'kapali', 'gecikme_ms': 5134}, {'oi': 1, 'p': 0.32, 'ofs': 0.32, 'hedef_ofs': 0.32, 'bb': None, 'pay': 5.0, 'durum': 'kapali', 'gecikme_ms': None}, {'oi': 1, 'p': 0.3, 'ofs': 0.3, 'hedef_ofs': 0.3, 'bb': None, 'pay': 0.0, 'durum': 'kapali', 'gecikme_ms': None}, {'oi': 0, 'p': 0.66, 'ofs': 0.66, 'hedef_ofs': 0.66, 'bb': None, 'pay': 5.0, 'durum': 'kapali', 'gecikme_ms': 9090}, {'oi': 1, 'p': 0.28, 'ofs': 0.28, 'hedef_ofs': 0.28, 'bb': None, 'pay': 5.0, 'durum': 'kapali', 'gecikme_ms': 15979}, {'oi': 1, 'p': 0.27, 'ofs': 0.27, 'hedef_ofs': 0.27, 'bb': None, 'pay': 5.0, 'durum': 'kapali', 'gecikme_ms': 16078}, {'oi': 0, 'p': 0.73, 'ofs': 0.73, 'hedef_ofs': 0.73, 'bb': None, 'pay': 5.0, 'durum': 'kapali', 'gecikme_ms': 2349}, {'oi': 1, 'p': 0.23, 'ofs': 0.23, 'hedef_ofs': 0.23, 'bb': None, 'pay': 0.0, 'durum': 'kapali', 'gecikme_ms': None}, {'oi': 1, 'p': 0.2, 'ofs': 0.2, 'hedef_ofs': 0.2, 'bb': None, 'pay': 0.0, 'durum': 'kapali', 'gecikme_ms': None}, {'oi': 1, 'p': 0.27, 'ofs': 0.27, 'hedef_ofs': 0.27, 'bb': None, 'pay': 5.0, 'durum': 'kapali', 'gecikme_ms': 6750}, {'oi': 1, 'p': 0.24, 'ofs': 0.24, 'hedef_ofs': 0.24, 'bb': None, 'pay': 0.0, 'durum': 'kapali', 'gecikme_ms': None}]
  [18:20:05] KAPI: S=1789755600 bps=11.0 esik=16.4 kol=B
  [18:20:06] pencere: sym=btc S=1789755600 kol=B emir=4 kabul=[2, 2] fiyatlar=[(0, 0.67, 0.67, 0.67), (0, 0.65, 0.65, 0.65), (1, 0.28, 0.28, 0.28), (1, 0.27, 0.27, 0.27)]
  [18:20:09] dolum: sym=btc S=1789755600 oi=1 p=0.28 ofset=0.28 yeni=5.0 toplam=5.0 borsa=MATCHED gecen_sn=9.8
  [18:20:15] dolum: sym=btc S=1789755600 oi=0 p=0.67 ofset=0.67 yeni=5.0 toplam=5.0 borsa=MATCHED gecen_sn=15.8
  [18:20:15] dolum: sym=btc S=1789755600 oi=0 p=0.65 ofset=0.65 yeni=5.0 toplam=5.0 borsa=MATCHED gecen_sn=15.9
  [18:20:27] YENILENDI: sym=btc S=1789755600 yas=27.0 iptal=4 eklenen=[('Up', 0.54), ('Up', 0.52), ('Down', 0.42), ('Down', 0.41)] toplam_emir=8
  [18:20:28] dolum: sym=btc S=1789755600 oi=0 p=0.54 ofset=0.54 yeni=5.0 toplam=5.0 borsa=MATCHED gecen_sn=28.4
  [18:20:28] dolum: sym=btc S=1789755600 oi=0 p=0.52 ofset=0.52 yeni=5.0 toplam=5.0 borsa=MATCHED gecen_sn=28.5
  [18:20:29] DENGE_SINIRI: sym=btc S=1789755600 agir=Up up=20.0 down=5.0 iptal=2 kalan_hafif=2
  [18:20:47] YENILENDI: sym=btc S=1789755600 yas=47.4 iptal=2 eklenen=[('Down', 0.46), ('Down', 0.45)] toplam_emir=10
  [18:20:54] dolum: sym=btc S=1789755600 oi=1 p=0.46 ofset=0.46 yeni=5.0 toplam=5.0 borsa=MATCHED gecen_sn=54.8
  [18:20:54] dolum: sym=btc S=1789755600 oi=1 p=0.45 ofset=0.45 yeni=5.0 toplam=5.0 borsa=MATCHED gecen_sn=54.9
  [18:21:09] YENILENDI: sym=btc S=1789755600 yas=68.4 iptal=2 eklenen=[('Down', 0.51), ('Down', 0.49)] toplam_emir=12
  [18:21:22] dolum: sym=btc S=1789755600 oi=1 p=0.51 ofset=0.51 yeni=5.0 toplam=5.0 borsa=MATCHED gecen_sn=82.1
  [18:21:24] dolum: sym=btc S=1789755600 oi=1 p=0.49 ofset=0.49 yeni=5.0 toplam=5.0 borsa=MATCHED gecen_sn=84.4
  [18:21:29] YENILENDI: sym=btc S=1789755600 yas=89.0 iptal=2 eklenen=[] toplam_emir=12
  [18:22:05] maruziyet: acik_pozisyon=0 pazar=0 dis_risk=0.0
  [18:22:11] mutabakat: pnl=-14.91 yerel=-9.31 etkin=-14.91 pencere=39 risk=2.85 emir=552 dolum=39 pay=1090.4 geri_cekilen=1 red=14
  [18:23:49] COZULDU: sym=btc S=1789755300 kol=A kazanan=0 pay=15.0 maliyet=4.6 pnl=0.4 geri_cekildi=None emirler=[{'oi': 0, 'p': 0.4, 'ofs': 0.4, 'hedef_ofs': 0.4, 'bb': 0.63, 'pay': 5.0, 'durum': 'kapali', 'gecikme_ms': 53086}, {'oi': 0, 'p': 0.3, 'ofs': 0.3, 'hedef_ofs': 0.3, 'bb': 0.63, 'pay': 0.0, 'durum': 'kapali', 'gecikme_ms': None}, {'oi': 0, 'p': 0.22, 'ofs': 0.22, 'hedef_ofs': 0.22, 'bb': 0.63, 'pay': 0.0, 'durum': 'kapali', 'gecikme_ms': None}, {'oi': 0, 'p': 0.15, 'ofs': 0.15, 'hedef_ofs': 0.15, 'bb': 0.63, 'pay': 0.0, 'durum': 'kapali', 'gecikme_ms': None}, {'oi': 0, 'p': 0.1, 'ofs': 0.1, 'hedef_ofs': 0.1, 'bb': 0.63, 'pay': 0.0, 'durum': 'kapali', 'gecikme_ms': None}, {'oi': 0, 'p': 0.06, 'ofs': 0.06, 'hedef_ofs': 0.06, 'bb': 0.63, 'pay': 0.0, 'durum': 'kapali', 'gecikme_ms': None}, {'oi': 0, 'p': 0.03, 'ofs': 0.03, 'hedef_ofs': 0.03, 'bb': 0.63, 'pay': 0.0, 'durum': 'kapali', 'gecikme_ms': None}, {'oi': 1, 'p': 0.3, 'ofs': 0.3, 'hedef_ofs': 0.3, 'bb': 0.36, 'pay': 5.0, 'durum': 'kapali', 'gecikme_ms': 177644}, {'oi': 1, 'p': 0.22, 'ofs': 0.22, 'hedef_ofs': 0.22, 'bb': 0.36, 'pay': 5.0, 'durum': 'kapali', 'gecikme_ms': 184430}, {'oi': 1, 'p': 0.15, 'ofs': 0.15, 'hedef_ofs': 0.15, 'bb': 0.36, 'pay': 0.0, 'durum': 'kapali', 'gecikme_ms': None}, {'oi': 1, 'p': 0.1, 'ofs': 0.1, 'hedef_ofs': 0.1, 'bb': 0.36, 'pay': 0.0, 'durum': 'kapali', 'gecikme_ms': None}, {'oi': 1, 'p': 0.06, 'ofs': 0.06, 'hedef_ofs': 0.06, 'bb': 0.36, 'pay': 0.0, 'durum': 'kapali', 'gecikme_ms': None}, {'oi': 1, 'p': 0.03, 'ofs': 0.03, 'hedef_ofs': 0.03, 'bb': 0.36, 'pay': 0.0, 'durum': 'kapali', 'gecikme_ms': None}]
  [18:25:05] KAPI: S=1789755900 bps=12.4 esik=16.4 kol=B
  [18:25:06] pencere: sym=btc S=1789755900 kol=B emir=4 kabul=[2, 2] fiyatlar=[(0, 0.25, 0.25, 0.25), (0, 0.23, 0.23, 0.23), (1, 0.69, 0.69, 0.69), (1, 0.67, 0.67, 0.67)]
  [18:25:08] dolum: sym=btc S=1789755900 oi=1 p=0.69 ofset=0.69 yeni=5.0 toplam=5.0 borsa=MATCHED gecen_sn=8.4
  [18:25:17] dolum: sym=btc S=1789755900 oi=1 p=0.67 ofset=0.67 yeni=5.0 toplam=5.0 borsa=MATCHED gecen_sn=17.6
  [18:25:17] DENGE_SINIRI: sym=btc S=1789755900 agir=Down up=0.0 down=10.0 iptal=2 kalan_hafif=2
  [18:25:27] YENILENDI: sym=btc S=1789755900 yas=26.6 iptal=2 eklenen=[('Up', 0.49), ('Up', 0.48)] toplam_emir=6
  [18:25:47] YENILENDI: sym=btc S=1789755900 yas=46.7 iptal=2 eklenen=[('Up', 0.71), ('Up', 0.69)] toplam_emir=8
  [18:26:08] YENILENDI: sym=btc S=1789755900 yas=67.4 iptal=2 eklenen=[] toplam_emir=8
  [18:26:26] maruziyet: acik_pozisyon=0 pazar=0 dis_risk=0.0
  [18:26:32] mutabakat: pnl=-14.51 yerel=-8.91 etkin=-14.51 pencere=40 risk=6.65 emir=560 dolum=40 pay=1105.4 geri_cekilen=1 red=16
  [18:26:33] YENILENDI: sym=btc S=1789755900 yas=92.7 iptal=0 eklenen=[('Down', 0.15), ('Down', 0.12)] toplam_emir=10
  [18:26:46] dolum: sym=btc S=1789755900 oi=1 p=0.15 ofset=0.15 yeni=5.0 toplam=5.0 borsa=MATCHED gecen_sn=106.2
  [18:26:53] YENILENDI: sym=btc S=1789755900 yas=113.2 iptal=2 eklenen=[('Down', 0.13), ('Down', 0.11)] toplam_emir=12
  [18:27:00] dolum: sym=btc S=1789755900 oi=1 p=0.13 ofset=0.13 yeni=5.0 toplam=5.0 borsa=MATCHED gecen_sn=121.0
  [18:27:01] DENGE_SINIRI: sym=btc S=1789755900 agir=Down up=10.0 down=20.0 iptal=2 kalan_hafif=0
  [18:29:09] COZULDU: sym=btc S=1789755600 kol=B kazanan=1 pay=45.0 maliyet=22.85 pnl=2.15 geri_cekildi=None emirler=[{'oi': 0, 'p': 0.67, 'ofs': 0.67, 'hedef_ofs': 0.67, 'bb': 0.69, 'pay': 5.0, 'durum': 'kapali', 'gecikme_ms': 9058}, {'oi': 0, 'p': 0.65, 'ofs': 0.65, 'hedef_ofs': 0.65, 'bb': 0.69, 'pay': 5.0, 'durum': 'kapali', 'gecikme_ms': 9148}, {'oi': 1, 'p': 0.28, 'ofs': 0.28, 'hedef_ofs': 0.28, 'bb': 0.3, 'pay': 5.0, 'durum': 'kapali', 'gecikme_ms': 3097}, {'oi': 1, 'p': 0.27, 'ofs': 0.27, 'hedef_ofs': 0.27, 'bb': 0.3, 'pay': 0.0, 'durum': 'kapali', 'gecikme_ms': None}, {'oi': 0, 'p': 0.54, 'ofs': 0.54, 'hedef_ofs': 0.54, 'bb': None, 'pay': 5.0, 'durum': 'kapali', 'gecikme_ms': 589}, {'oi': 0, 'p': 0.52, 'ofs': 0.52, 'hedef_ofs': 0.52, 'bb': None, 'pay': 5.0, 'durum': 'kapali', 'gecikme_ms': 678}, {'oi': 1, 'p': 0.42, 'ofs': 0.42, 'hedef_ofs': 0.42, 'bb': None, 'pay': 0.0, 'durum': 'kapali', 'gecikme_ms': None}, {'oi': 1, 'p': 0.41, 'ofs': 0.41, 'hedef_ofs': 0.41, 'bb': None, 'pay': 0.0, 'durum': 'kapali', 'gecikme_ms': None}, {'oi': 1, 'p': 0.46, 'ofs': 0.46, 'hedef_ofs': 0.46, 'bb': None, 'pay': 5.0, 'durum': 'kapali', 'gecikme_ms': 6813}, {'oi': 1, 'p': 0.45, 'ofs': 0.45, 'hedef_ofs': 0.45, 'bb': None, 'pay': 5.0, 'durum': 'kapali', 'gecikme_ms': 6901}, {'oi': 1, 'p': 0.51, 'ofs': 0.51, 'hedef_ofs': 0.51, 'bb': None, 'pay': 5.0, 'durum': 'kapali', 'gecikme_ms': 12984}, {'oi': 1, 'p': 0.49, 'ofs': 0.49, 'hedef_ofs': 0.49, 'bb': None, 'pay': 5.0, 'durum': 'kapali', 'gecikme_ms': 15355}]
  [18:30:05] KAPI: S=1789756200 bps=25.5 esik=16.4 kol=A
  [18:30:07] pencere: sym=btc S=1789756200 kol=A emir=13 kabul=[7, 6] fiyatlar=[(0, 0.4, 0.4, 0.4), (0, 0.3, 0.3, 0.3), (0, 0.22, 0.22, 0.22), (0, 0.15, 0.15, 0.15), (0, 0.1, 0.1, 0.1), (0, 0.06, 0.06, 0.06), (0, 0.03, 0.03, 0.03), (1, 0.3, 0.3, 0.3), (1, 0.22, 0.22, 0.22), (1, 0.15, 0.15, 0.15), (1, 0.1, 0.1, 0.1), (1, 0.06, 0.06, 0.06), (1, 0.03, 0.03, 0.03)]
  [18:30:18] dolum: sym=btc S=1789756200 oi=1 p=0.3 ofset=0.3 yeni=1.98 toplam=1.98 borsa=LIVE gecen_sn=18.4
  [18:30:32] dolum: sym=btc S=1789756200 oi=0 p=0.4 ofset=0.4 yeni=4.993 toplam=4.993 borsa=MATCHED gecen_sn=33.0
  [18:30:46] maruziyet: acik_pozisyon=0 pazar=0 dis_risk=0.0
  [18:30:52] mutabakat: pnl=-12.36 yerel=-6.76 etkin=-12.36 pencere=41 risk=10.11 emir=577 dolum=41 pay=1150.4 geri_cekilen=1 red=16
  [18:31:14] dolum: sym=btc S=1789756200 oi=0 p=0.3 ofset=0.3 yeni=5.0 toplam=5.0 borsa=MATCHED gecen_sn=74.8
  [18:31:21] dolum: sym=btc S=1789756200 oi=0 p=0.22 ofset=0.22 yeni=5.0 toplam=5.0 borsa=MATCHED gecen_sn=81.8
  [18:31:23] DENGE_SINIRI: sym=btc S=1789756200 agir=Up up=15.0 down=2.0 iptal=7 kalan_hafif=6
  [18:32:57] dolum: sym=btc S=1789756200 oi=1 p=0.3 ofset=0.3 yeni=3.02 toplam=5.0 borsa=MATCHED gecen_sn=177.8
  [18:32:58] dolum: sym=btc S=1789756200 oi=1 p=0.22 ofset=0.22 yeni=5.0 toplam=5.0 borsa=MATCHED gecen_sn=179.0
  [18:32:59] dolum: sym=btc S=1789756200 oi=1 p=0.15 ofset=0.15 yeni=5.0 toplam=5.0 borsa=MATCHED gecen_sn=179.1
  [18:32:59] dolum: sym=btc S=1789756200 oi=1 p=0.1 ofset=0.1 yeni=4.996 toplam=4.996 borsa=MATCHED gecen_sn=179.2
  [18:32:59] dolum: sym=btc S=1789756200 oi=1 p=0.06 ofset=0.06 yeni=5.0 toplam=5.0 borsa=MATCHED gecen_sn=179.2
  [18:33:00] DENGE_SINIRI: sym=btc S=1789756200 agir=Down up=15.0 down=25.0 iptal=6 kalan_hafif=0
  [18:34:57] COZULDU: sym=btc S=1789755900 kol=B kazanan=0 pay=30.0 maliyet=15.2 pnl=-5.2 geri_cekildi=None emirler=[{'oi': 0, 'p': 0.25, 'ofs': 0.25, 'hedef_ofs': 0.25, 'bb': 0.26, 'pay': 0.0, 'durum': 'kapali', 'gecikme_ms': None}, {'oi': 0, 'p': 0.23, 'ofs': 0.23, 'hedef_ofs': 0.23, 'bb': 0.26, 'pay': 0.0, 'durum': 'kapali', 'gecikme_ms': None}, {'oi': 1, 'p': 0.69, 'ofs': 0.69, 'hedef_ofs': 0.69, 'bb': 0.71, 'pay': 5.0, 'durum': 'kapali', 'gecikme_ms': 1403}, {'oi': 1, 'p': 0.67, 'ofs': 0.67, 'hedef_ofs': 0.67, 'bb': 0.71, 'pay': 5.0, 'durum': 'kapali', 'gecikme_ms': 10640}, {'oi': 0, 'p': 0.49, 'ofs': 0.49, 'hedef_ofs': 0.49, 'bb': None, 'pay': 0.0, 'durum': 'kapali', 'gecikme_ms': None}, {'oi': 0, 'p': 0.48, 'ofs': 0.48, 'hedef_ofs': 0.48, 'bb': None, 'pay': 0.0, 'durum': 'kapali', 'gecikme_ms': None}, {'oi': 0, 'p': 0.71, 'ofs': 0.71, 'hedef_ofs': 0.71, 'bb': None, 'pay': 5.0, 'durum': 'kapali', 'gecikme_ms': None}, {'oi': 0, 'p': 0.69, 'ofs': 0.69, 'hedef_ofs': 0.69, 'bb': None, 'pay': 5.0, 'durum': 'kapali', 'gecikme_ms': None}, {'oi': 1, 'p': 0.15, 'ofs': 0.15, 'hedef_ofs': 0.15, 'bb': None, 'pay': 5.0, 'durum': 'kapali', 'gecikme_ms': 12990}, {'oi': 1, 'p': 0.12, 'ofs': 0.12, 'hedef_ofs': 0.12, 'bb': None, 'pay': 0.0, 'durum': 'kapali', 'gecikme_ms': None}, {'oi': 1, 'p': 0.13, 'ofs': 0.13, 'hedef_ofs': 0.13, 'bb': None, 'pay': 5.0, 'durum': 'kapali', 'gecikme_ms': 7084}, {'oi': 1, 'p': 0.11, 'ofs': 0.11, 'hedef_ofs': 0.11, 'bb': None, 'pay': 0.0, 'durum': 'kapali', 'gecikme_ms': None}]
  [18:35:05] KAPI: S=1789756500 bps=17.3 esik=16.4 kol=A
  [18:35:06] pencere: sym=btc S=1789756500 kol=A emir=11 kabul=[7, 4] fiyatlar=[(0, 0.4, 0.4, 0.4), (0, 0.3, 0.3, 0.3), (0, 0.22, 0.22, 0.22), (0, 0.15, 0.15, 0.15), (0, 0.1, 0.1, 0.1), (0, 0.06, 0.06, 0.06), (0, 0.03, 0.03, 0.03), (1, 0.15, 0.15, 0.15), (1, 0.1, 0.1, 0.1), (1, 0.06, 0.06, 0.06), (1, 0.03, 0.03, 0.03)]
  [18:35:09] maruziyet: acik_pozisyon=0 pazar=0 dis_risk=0.0
  [18:35:15] mutabakat: pnl=-17.56 yerel=-11.96 etkin=-17.56 pencere=42 risk=6.3 emir=588 dolum=42 pay=1180.4 geri_cekilen=1 red=16
  [18:36:50] dolum: sym=btc S=1789756500 oi=1 p=0.15 ofset=0.15 yeni=5.0 toplam=5.0 borsa=MATCHED gecen_sn=110.1
  [18:37:02] dolum: sym=btc S=1789756500 oi=1 p=0.1 ofset=0.1 yeni=5.0 toplam=5.0 borsa=MATCHED gecen_sn=122.8
  [18:37:03] DENGE_SINIRI: sym=btc S=1789756500 agir=Down up=0.0 down=10.0 iptal=4 kalan_hafif=7
  [18:38:13] COZULDU: sym=btc S=1789756200 kol=A kazanan=1 pay=39.99 maliyet=8.75 pnl=16.25 geri_cekildi=None emirler=[{'oi': 0, 'p': 0.4, 'ofs': 0.4, 'hedef_ofs': 0.4, 'bb': 0.61, 'pay': 4.99, 'durum': 'kapali', 'gecikme_ms': 25761}, {'oi': 0, 'p': 0.3, 'ofs': 0.3, 'hedef_ofs': 0.3, 'bb': 0.61, 'pay': 5.0, 'durum': 'kapali', 'gecikme_ms': 67572}, {'oi': 0, 'p': 0.22, 'ofs': 0.22, 'hedef_ofs': 0.22, 'bb': 0.61, 'pay': 5.0, 'durum': 'kapali', 'gecikme_ms': 74601}, {'oi': 0, 'p': 0.15, 'ofs': 0.15, 'hedef_ofs': 0.15, 'bb': 0.61, 'pay': 0.0, 'durum': 'kapali', 'gecikme_ms': None}, {'oi': 0, 'p': 0.1, 'ofs': 0.1, 'hedef_ofs': 0.1, 'bb': 0.61, 'pay': 0.0, 'durum': 'kapali', 'gecikme_ms': None}, {'oi': 0, 'p': 0.06, 'ofs': 0.06, 'hedef_ofs': 0.06, 'bb': 0.61, 'pay': 0.0, 'durum': 'kapali', 'gecikme_ms': None}, {'oi': 0, 'p': 0.03, 'ofs': 0.03, 'hedef_ofs': 0.03, 'bb': 0.61, 'pay': 0.0, 'durum': 'kapali', 'gecikme_ms': None}, {'oi': 1, 'p': 0.3, 'ofs': 0.3, 'hedef_ofs': 0.3, 'bb': 0.38, 'pay': 5.0, 'durum': 'kapali', 'gecikme_ms': 170578}, {'oi': 1, 'p': 0.22, 'ofs': 0.22, 'hedef_ofs': 0.22, 'bb': 0.38, 'pay': 5.0, 'durum': 'kapali', 'gecikme_ms': 171767}, {'oi': 1, 'p': 0.15, 'ofs': 0.15, 'hedef_ofs': 0.15, 'bb': 0.38, 'pay': 5.0, 'durum': 'kapali', 'gecikme_ms': 171855}, {'oi': 1, 'p': 0.1, 'ofs': 0.1, 'hedef_ofs': 0.1, 'bb': 0.38, 'pay': 5.0, 'durum': 'kapali', 'gecikme_ms': 171941}, {'oi': 1, 'p': 0.06, 'ofs': 0.06, 'hedef_ofs': 0.06, 'bb': 0.38, 'pay': 5.0, 'durum': 'kapali', 'gecikme_ms': 172029}, {'oi': 1, 'p': 0.03, 'ofs': 0.03, 'hedef_ofs': 0.03, 'bb': 0.38, 'pay': 0.0, 'durum': 'kapali', 'gecikme_ms': None}]
  [18:38:21] GEC_UCUZ_KESILDI: sym=btc S=1789756500 iptal=5 fiyatlar=[0.03, 0.06, 0.1, 0.15, 0.22] kalan_acik=2
  [18:39:29] maruziyet: acik_pozisyon=0 pazar=0 dis_risk=0.0
  [18:39:34] mutabakat: pnl=-1.31 yerel=4.29 etkin=-1.31 pencere=43 risk=1.25 emir=588 dolum=43 pay=1220.4 geri_cekilen=1 red=16
  [18:40:05] KAPI: S=1789756800 bps=21.3 esik=16.4 kol=A
  [18:40:07] pencere: sym=btc S=1789756800 kol=A emir=13 kabul=[6, 7] fiyatlar=[(0, 0.3, 0.3, 0.3), (0, 0.22, 0.22, 0.22), (0, 0.15, 0.15, 0.15), (0, 0.1, 0.1, 0.1), (0, 0.06, 0.06, 0.06), (0, 0.03, 0.03, 0.03), (1, 0.4, 0.4, 0.4), (1, 0.3, 0.3, 0.3), (1, 0.22, 0.22, 0.22), (1, 0.15, 0.15, 0.15), (1, 0.1, 0.1, 0.1), (1, 0.06, 0.06, 0.06), (1, 0.03, 0.03, 0.03)]
  [18:40:28] dolum: sym=btc S=1789756800 oi=0 p=0.3 ofset=0.3 yeni=0.143 toplam=0.143 borsa=LIVE gecen_sn=28.4
  [18:40:29] dolum: sym=btc S=1789756800 oi=0 p=0.3 ofset=0.3 yeni=4.849 toplam=4.991 borsa=MATCHED gecen_sn=30.0
  [18:40:36] dolum: sym=btc S=1789756800 oi=0 p=0.22 ofset=0.22 yeni=5.0 toplam=5.0 borsa=MATCHED gecen_sn=36.5
  [18:40:37] DENGE_SINIRI: sym=btc S=1789756800 agir=Up up=10.0 down=0.0 iptal=6 kalan_hafif=7
  [18:43:20] GEC_UCUZ_KESILDI: sym=btc S=1789756800 iptal=5 fiyatlar=[0.03, 0.06, 0.1, 0.15, 0.22] kalan_acik=2
  [18:43:49] maruziyet: acik_pozisyon=0 pazar=0 dis_risk=0.0
  [18:43:55] mutabakat: pnl=-1.31 yerel=4.29 etkin=-1.31 pencere=43 risk=3.85 emir=601 dolum=43 pay=1220.4 geri_cekilen=1 red=16
  [18:44:41] COZULDU: sym=btc S=1789756500 kol=A kazanan=0 pay=10.0 maliyet=1.25 pnl=-1.25 geri_cekildi=None emirler=[{'oi': 0, 'p': 0.4, 'ofs': 0.4, 'hedef_ofs': 0.4, 'bb': 0.77, 'pay': 0.0, 'durum': 'kapali', 'gecikme_ms': None}, {'oi': 0, 'p': 0.3, 'ofs': 0.3, 'hedef_ofs': 0.3, 'bb': 0.77, 'pay': 0.0, 'durum': 'kapali', 'gecikme_ms': None}, {'oi': 0, 'p': 0.22, 'ofs': 0.22, 'hedef_ofs': 0.22, 'bb': 0.77, 'pay': 0.0, 'durum': 'kapali', 'gecikme_ms': None}, {'oi': 0, 'p': 0.15, 'ofs': 0.15, 'hedef_ofs': 0.15, 'bb': 0.77, 'pay': 0.0, 'durum': 'kapali', 'gecikme_ms': None}, {'oi': 0, 'p': 0.1, 'ofs': 0.1, 'hedef_ofs': 0.1, 'bb': 0.77, 'pay': 0.0, 'durum': 'kapali', 'gecikme_ms': None}, {'oi': 0, 'p': 0.06, 'ofs': 0.06, 'hedef_ofs': 0.06, 'bb': 0.77, 'pay': 0.0, 'durum': 'kapali', 'gecikme_ms': None}, {'oi': 0, 'p': 0.03, 'ofs': 0.03, 'hedef_ofs': 0.03, 'bb': 0.77, 'pay': 0.0, 'durum': 'kapali', 'gecikme_ms': None}, {'oi': 1, 'p': 0.15, 'ofs': 0.15, 'hedef_ofs': 0.15, 'bb': 0.22, 'pay': 5.0, 'durum': 'kapali', 'gecikme_ms': 103078}, {'oi': 1, 'p': 0.1, 'ofs': 0.1, 'hedef_ofs': 0.1, 'bb': 0.22, 'pay': 5.0, 'durum': 'kapali', 'gecikme_ms': 115838}, {'oi': 1, 'p': 0.06, 'ofs': 0.06, 'hedef_ofs': 0.06, 'bb': 0.22, 'pay': 0.0, 'durum': 'kapali', 'gecikme_ms': None}, {'oi': 1, 'p': 0.03, 'ofs': 0.03, 'hedef_ofs': 0.03, 'bb': 0.22, 'pay': 0.0, 'durum': 'kapali', 'gecikme_ms': None}]
  [18:45:05] KAPI: S=1789757100 bps=25.3 esik=16.4 kol=A
  [18:45:07] pencere: sym=btc S=1789757100 kol=A emir=13 kabul=[6, 7] fiyatlar=[(0, 0.3, 0.3, 0.3), (0, 0.22, 0.22, 0.22), (0, 0.15, 0.15, 0.15), (0, 0.1, 0.1, 0.1), (0, 0.06, 0.06, 0.06), (0, 0.03, 0.03, 0.03), (1, 0.4, 0.4, 0.4), (1, 0.3, 0.3, 0.3), (1, 0.22, 0.22, 0.22), (1, 0.15, 0.15, 0.15), (1, 0.1, 0.1, 0.1), (1, 0.06, 0.06, 0.06), (1, 0.03, 0.03, 0.03)]
  [18:45:46] dolum: sym=btc S=1789757100 oi=1 p=0.4 ofset=0.4 yeni=3.483 toplam=3.483 borsa=LIVE gecen_sn=46.2
  [18:45:48] dolum: sym=btc S=1789757100 oi=1 p=0.4 ofset=0.4 yeni=1.51 toplam=4.993 borsa=MATCHED gecen_sn=48.6
  [18:46:16] dolum: sym=btc S=1789757100 oi=1 p=0.3 ofset=0.3 yeni=5.0 toplam=5.0 borsa=MATCHED gecen_sn=76.6
  [18:46:17] DENGE_SINIRI: sym=btc S=1789757100 agir=Down up=0.0 down=10.0 iptal=7 kalan_hafif=6
  [18:48:10] maruziyet: acik_pozisyon=0 pazar=0 dis_risk=0.0
  [18:48:15] mutabakat: pnl=-2.56 yerel=3.04 etkin=-2.56 pencere=44 risk=6.09 emir=614 dolum=44 pay=1230.4 geri_cekilen=1 red=16
  [18:48:21] GEC_UCUZ_KESILDI: sym=btc S=1789757100 iptal=5 fiyatlar=[0.03, 0.06, 0.1, 0.15, 0.22] kalan_acik=1
  [18:50:03] COZULDU: sym=btc S=1789756800 kol=A kazanan=1 pay=9.99 maliyet=2.6 pnl=-2.6 geri_cekildi=None emirler=[{'oi': 0, 'p': 0.3, 'ofs': 0.3, 'hedef_ofs': 0.3, 'bb': 0.45, 'pay': 4.99, 'durum': 'kapali', 'gecikme_ms': 22880}, {'oi': 0, 'p': 0.22, 'ofs': 0.22, 'hedef_ofs': 0.22, 'bb': 0.45, 'pay': 5.0, 'durum': 'kapali', 'gecikme_ms': 29391}, {'oi': 0, 'p': 0.15, 'ofs': 0.15, 'hedef_ofs': 0.15, 'bb': 0.45, 'pay': 0.0, 'durum': 'kapali', 'gecikme_ms': None}, {'oi': 0, 'p': 0.1, 'ofs': 0.1, 'hedef_ofs': 0.1, 'bb': 0.45, 'pay': 0.0, 'durum': 'kapali', 'gecikme_ms': None}, {'oi': 0, 'p': 0.06, 'ofs': 0.06, 'hedef_ofs': 0.06, 'bb': 0.45, 'pay': 0.0, 'durum': 'kapali', 'gecikme_ms': None}, {'oi': 0, 'p': 0.03, 'ofs': 0.03, 'hedef_ofs': 0.03, 'bb': 0.45, 'pay': 0.0, 'durum': 'kapali', 'gecikme_ms': None}, {'oi': 1, 'p': 0.4, 'ofs': 0.4, 'hedef_ofs': 0.4, 'bb': 0.54, 'pay': 0.0, 'durum': 'kapali', 'gecikme_ms': None}, {'oi': 1, 'p': 0.3, 'ofs': 0.3, 'hedef_ofs': 0.3, 'bb': 0.54, 'pay': 0.0, 'durum': 'kapali', 'gecikme_ms': None}, {'oi': 1, 'p': 0.22, 'ofs': 0.22, 'hedef_ofs': 0.22, 'bb': 0.54, 'pay': 0.0, 'durum': 'kapali', 'gecikme_ms': None}, {'oi': 1, 'p': 0.15, 'ofs': 0.15, 'hedef_ofs': 0.15, 'bb': 0.54, 'pay': 0.0, 'durum': 'kapali', 'gecikme_ms': None}, {'oi': 1, 'p': 0.1, 'ofs': 0.1, 'hedef_ofs': 0.1, 'bb': 0.54, 'pay': 0.0, 'durum': 'kapali', 'gecikme_ms': None}, {'oi': 1, 'p': 0.06, 'ofs': 0.06, 'hedef_ofs': 0.06, 'bb': 0.54, 'pay': 0.0, 'durum': 'kapali', 'gecikme_ms': None}, {'oi': 1, 'p': 0.03, 'ofs': 0.03, 'hedef_ofs': 0.03, 'bb': 0.54, 'pay': 0.0, 'durum': 'kapali', 'gecikme_ms': None}]
  [18:50:07] KAPI: S=1789757400 bps=13.9 esik=16.4 kol=B
  [18:50:08] pencere: sym=btc S=1789757400 kol=B emir=4 kabul=[2, 2] fiyatlar=[(0, 0.47, 0.47, 0.47), (0, 0.46, 0.46, 0.46), (1, 0.48, 0.48, 0.48), (1, 0.47, 0.47, 0.47)]
  [18:50:11] dolum: sym=btc S=1789757400 oi=1 p=0.48 ofset=0.48 yeni=5.0 toplam=5.0 borsa=MATCHED gecen_sn=11.1
  [18:50:12] dolum: sym=btc S=1789757400 oi=1 p=0.47 ofset=0.47 yeni=5.0 toplam=5.0 borsa=MATCHED gecen_sn=12.1
  [18:50:12] DENGE_SINIRI: sym=btc S=1789757400 agir=Down up=0.0 down=10.0 iptal=2 kalan_hafif=2
  [18:50:29] YENILENDI: sym=btc S=1789757400 yas=28.5 iptal=2 eklenen=[('Up', 0.57), ('Up', 0.55)] toplam_emir=6
  [18:50:33] dolum: sym=btc S=1789757400 oi=0 p=0.55 ofset=0.55 yeni=5.0 toplam=5.0 borsa=MATCHED gecen_sn=33.2
  [18:50:33] dolum: sym=btc S=1789757400 oi=0 p=0.57 ofset=0.57 yeni=4.994 toplam=4.994 borsa=MATCHED gecen_sn=33.8
  [18:50:49] YENILENDI: sym=btc S=1789757400 yas=49.2 iptal=2 eklenen=[('Up', 0.36), ('Up', 0.35), ('Down', 0.59)] toplam_emir=9
  [18:50:53] dolum: sym=btc S=1789757400 oi=0 p=0.36 ofset=0.36 yeni=5.0 toplam=5.0 borsa=MATCHED gecen_sn=53.1
  [18:50:54] dolum: sym=btc S=1789757400 oi=0 p=0.35 ofset=0.35 yeni=4.992 toplam=4.992 borsa=MATCHED gecen_sn=54.7
  [18:50:56] DENGE_SINIRI: sym=btc S=1789757400 agir=Up up=20.0 down=10.0 iptal=2 kalan_hafif=1
  [18:50:58] dolum: sym=btc S=1789757400 oi=1 p=0.59 ofset=0.59 yeni=4.997 toplam=4.997 borsa=MATCHED gecen_sn=58.2
  [18:51:30] YENILENDI: sym=btc S=1789757400 yas=90.0 iptal=1 eklenen=[('Down', 0.26), ('Down', 0.24)] toplam_emir=11
  [18:51:32] dolum: sym=btc S=1789757400 oi=1 p=0.26 ofset=0.26 yeni=5.0 toplam=5.0 borsa=MATCHED gecen_sn=92.2
  [18:51:51] YENILENDI: sym=btc S=1789757400 yas=110.3 iptal=2 eklenen=[('Down', 0.44)] toplam_emir=12
  [18:52:01] dolum: sym=btc S=1789757400 oi=1 p=0.44 ofset=0.44 yeni=5.0 toplam=5.0 borsa=MATCHED gecen_sn=121.2
  [18:52:30] maruziyet: acik_pozisyon=0 pazar=0 dis_risk=0.0
  [18:52:36] mutabakat: pnl=-5.15 yerel=0.45 etkin=-5.15 pencere=45 risk=3.85 emir=626 dolum=45 pay=1240.4 geri_cekilen=1 red=16
  [18:55:05] KAPI: S=1789757700 bps=13.0 esik=16.4 kol=B
  [18:55:06] pencere: sym=btc S=1789757700 kol=B emir=4 kabul=[2, 2] fiyatlar=[(0, 0.34, 0.34, 0.34), (0, 0.33, 0.33, 0.33), (1, 0.61, 0.61, 0.61), (1, 0.59, 0.59, 0.59)]
  [18:55:07] COZULDU: sym=btc S=1789757100 kol=A kazanan=0 pay=9.99 maliyet=3.5 pnl=-3.5 geri_cekildi=None emirler=[{'oi': 0, 'p': 0.3, 'ofs': 0.3, 'hedef_ofs': 0.3, 'bb': 0.39, 'pay': 0.0, 'durum': 'kapali', 'gecikme_ms': None}, {'oi': 0, 'p': 0.22, 'ofs': 0.22, 'hedef_ofs': 0.22, 'bb': 0.39, 'pay': 0.0, 'durum': 'kapali', 'gecikme_ms': None}, {'oi': 0, 'p': 0.15, 'ofs': 0.15, 'hedef_ofs': 0.15, 'bb': 0.39, 'pay': 0.0, 'durum': 'kapali', 'gecikme_ms': None}, {'oi': 0, 'p': 0.1, 'ofs': 0.1, 'hedef_ofs': 0.1, 'bb': 0.39, 'pay': 0.0, 'durum': 'kapali', 'gecikme_ms': None}, {'oi': 0, 'p': 0.06, 'ofs': 0.06, 'hedef_ofs': 0.06, 'bb': 0.39, 'pay': 0.0, 'durum': 'kapali', 'gecikme_ms': None}, {'oi': 0, 'p': 0.03, 'ofs': 0.03, 'hedef_ofs': 0.03, 'bb': 0.39, 'pay': 0.0, 'durum': 'kapali', 'gecikme_ms': None}, {'oi': 1, 'p': 0.4, 'ofs': 0.4, 'hedef_ofs': 0.4, 'bb': 0.6, 'pay': 4.99, 'durum': 'kapali', 'gecikme_ms': 41170}, {'oi': 1, 'p': 0.3, 'ofs': 0.3, 'hedef_ofs': 0.3, 'bb': 0.6, 'pay': 5.0, 'durum': 'kapali', 'gecikme_ms': 69238}, {'oi': 1, 'p': 0.22, 'ofs': 0.22, 'hedef_ofs': 0.22, 'bb': 0.6, 'pay': 0.0, 'durum': 'kapali', 'gecikme_ms': None}, {'oi': 1, 'p': 0.15, 'ofs': 0.15, 'hedef_ofs': 0.15, 'bb': 0.6, 'pay': 0.0, 'durum': 'kapali', 'gecikme_ms': None}, {'oi': 1, 'p': 0.1, 'ofs': 0.1, 'hedef_ofs': 0.1, 'bb': 0.6, 'pay': 0.0, 'durum': 'kapali', 'gecikme_ms': None}, {'oi': 1, 'p': 0.06, 'ofs': 0.06, 'hedef_ofs': 0.06, 'bb': 0.6, 'pay': 0.0, 'durum': 'kapali', 'gecikme_ms': None}, {'oi': 1, 'p': 0.03, 'ofs': 0.03, 'hedef_ofs': 0.03, 'bb': 0.6, 'pay': 0.0, 'durum': 'kapali', 'gecikme_ms': None}]
  [18:55:18] dolum: sym=btc S=1789757700 oi=0 p=0.34 ofset=0.34 yeni=5.0 toplam=5.0 borsa=MATCHED gecen_sn=18.3
  [18:55:18] dolum: sym=btc S=1789757700 oi=0 p=0.33 ofset=0.33 yeni=5.0 toplam=5.0 borsa=MATCHED gecen_sn=18.4
  [18:55:18] DENGE_SINIRI: sym=btc S=1789757700 agir=Up up=10.0 down=0.0 iptal=2 kalan_hafif=2
  [18:55:27] YENILENDI: sym=btc S=1789757700 yas=26.9 iptal=2 eklenen=[('Down', 0.74), ('Down', 0.72)] toplam_emir=6
  [18:55:38] dolum: sym=btc S=1789757700 oi=1 p=0.74 ofset=0.74 yeni=5.0 toplam=5.0 borsa=MATCHED gecen_sn=38.6
  [18:55:47] YENILENDI: sym=btc S=1789757700 yas=46.9 iptal=2 eklenen=[('Up', 0.15), ('Up', 0.12), ('Down', 0.81), ('Down', 0.79)] toplam_emir=10
  [18:55:54] dolum: sym=btc S=1789757700 oi=0 p=0.15 ofset=0.15 yeni=5.0 toplam=5.0 borsa=MATCHED gecen_sn=54.7
  [18:55:55] DENGE_SINIRI: sym=btc S=1789757700 agir=Up up=15.0 down=5.0 iptal=2 kalan_hafif=2
  [18:56:07] YENILENDI: sym=btc S=1789757700 yas=67.4 iptal=2 eklenen=[('Down', 0.88)] toplam_emir=11
  [18:56:27] YENILENDI: sym=btc S=1789757700 yas=87.5 iptal=1 eklenen=[('Down', 0.89)] toplam_emir=12
  [18:56:34] dolum: sym=btc S=1789757700 oi=1 p=0.89 ofset=0.89 yeni=5.0 toplam=5.0 borsa=MATCHED gecen_sn=94.1
  [18:56:48] YENILENDI: sym=btc S=1789757700 yas=107.9 iptal=0 eklenen=[('Up', 0.06), ('Up', 0.04)] toplam_emir=14
  [18:56:50] maruziyet: acik_pozisyon=0 pazar=0 dis_risk=0.0
  [18:56:56] mutabakat: pnl=-8.65 yerel=-3.05 etkin=-8.65 pencere=46 risk=3.11 emir=640 dolum=46 pay=1250.3 geri_cekilen=1 red=16
  [18:56:57] dolum: sym=btc S=1789757700 oi=0 p=0.06 ofset=0.06 yeni=5.0 toplam=5.0 borsa=MATCHED gecen_sn=117.0
  [18:56:57] dolum: sym=btc S=1789757700 oi=0 p=0.04 ofset=0.04 yeni=5.0 toplam=5.0 borsa=MATCHED gecen_sn=117.1
  [18:56:57] DENGE_SINIRI: sym=btc S=1789757700 agir=Up up=25.0 down=10.0 iptal=2 kalan_hafif=1
  [18:57:08] YENILENDI: sym=btc S=1789757700 yas=128.5 iptal=1 eklenen=[('Down', 0.95)] toplam_emir=15
  [19:00:05] KAPI: S=1789758000 bps=16.0 esik=16.4 kol=B
  [19:00:06] pencere: sym=btc S=1789758000 kol=B emir=4 kabul=[2, 2] fiyatlar=[(0, 0.46, 0.46, 0.46), (0, 0.45, 0.45, 0.45), (1, 0.52, 0.52, 0.52), (1, 0.5, 0.5, 0.5)]
  [19:00:06] COZULDU: sym=btc S=1789757400 kol=B kazanan=0 pay=44.98 maliyet=20.34 pnl=-0.36 geri_cekildi=None emirler=[{'oi': 0, 'p': 0.47, 'ofs': 0.47, 'hedef_ofs': 0.47, 'bb': 0.49, 'pay': 0.0, 'durum': 'kapali', 'gecikme_ms': None}, {'oi': 0, 'p': 0.46, 'ofs': 0.46, 'hedef_ofs': 0.46, 'bb': 0.49, 'pay': 0.0, 'durum': 'kapali', 'gecikme_ms': None}, {'oi': 1, 'p': 0.48, 'ofs': 0.48, 'hedef_ofs': 0.48, 'bb': 0.5, 'pay': 5.0, 'durum': 'kapali', 'gecikme_ms': 2259}, {'oi': 1, 'p': 0.47, 'ofs': 0.47, 'hedef_ofs': 0.47, 'bb': 0.5, 'pay': 5.0, 'durum': 'kapali', 'gecikme_ms': 3274}, {'oi': 0, 'p': 0.57, 'ofs': 0.57, 'hedef_ofs': 0.57, 'bb': None, 'pay': 4.99, 'durum': 'kapali', 'gecikme_ms': 4655}, {'oi': 0, 'p': 0.55, 'ofs': 0.55, 'hedef_ofs': 0.55, 'bb': None, 'pay': 5.0, 'durum': 'kapali', 'gecikme_ms': 4066}, {'oi': 0, 'p': 0.36, 'ofs': 0.36, 'hedef_ofs': 0.36, 'bb': None, 'pay': 5.0, 'durum': 'kapali', 'gecikme_ms': 3217}, {'oi': 0, 'p': 0.35, 'ofs': 0.35, 'hedef_ofs': 0.35, 'bb': None, 'pay': 4.99, 'durum': 'kapali', 'gecikme_ms': 4782}, {'oi': 1, 'p': 0.59, 'ofs': 0.59, 'hedef_ofs': 0.59, 'bb': None, 'pay': 5.0, 'durum': 'kapali', 'gecikme_ms': 8334}, {'oi': 1, 'p': 0.26, 'ofs': 0.26, 'hedef_ofs': 0.26, 'bb': None, 'pay': 5.0, 'durum': 'kapali', 'gecikme_ms': 1513}, {'oi': 1, 'p': 0.24, 'ofs': 0.24, 'hedef_ofs': 0.24, 'bb': None, 'pay': 0.0, 'durum': 'kapali', 'gecikme_ms': None}, {'oi': 1, 'p': 0.44, 'ofs': 0.44, 'hedef_ofs': 0.44, 'bb': None, 'pay': 5.0, 'durum': 'kapali', 'gecikme_ms': 10184}]
  [19:00:09] dolum: sym=btc S=1789758000 oi=1 p=0.5 ofset=0.5 yeni=5.0 toplam=5.0 borsa=MATCHED gecen_sn=9.2
  [19:00:10] dolum: sym=btc S=1789758000 oi=1 p=0.52 ofset=0.52 yeni=5.0 toplam=5.0 borsa=MATCHED gecen_sn=10.1
  [19:00:10] DENGE_SINIRI: sym=btc S=1789758000 agir=Down up=0.0 down=10.0 iptal=2 kalan_hafif=2
  [19:00:15] dolum: sym=btc S=1789758000 oi=0 p=0.46 ofset=0.46 yeni=5.0 toplam=5.0 borsa=MATCHED gecen_sn=15.9
  [19:00:18] dolum: sym=btc S=1789758000 oi=0 p=0.45 ofset=0.45 yeni=5.0 toplam=5.0 borsa=MATCHED gecen_sn=18.7
  [19:00:28] YENILENDI: sym=btc S=1789758000 yas=26.8 iptal=2 eklenen=[('Up', 0.43), ('Up', 0.42), ('Down', 0.53)] toplam_emir=7
  [19:00:30] dolum: sym=btc S=1789758000 oi=1 p=0.53 ofset=0.53 yeni=5.0 toplam=5.0 borsa=MATCHED gecen_sn=30.6
  [19:00:40] dolum: sym=btc S=1789758000 oi=0 p=0.43 ofset=0.43 yeni=5.0 toplam=5.0 borsa=MATCHED gecen_sn=40.2
  [19:00:40] dolum: sym=btc S=1789758000 oi=0 p=0.42 ofset=0.42 yeni=5.0 toplam=5.0 borsa=MATCHED gecen_sn=40.3
  [19:00:48] YENILENDI: sym=btc S=1789758000 yas=47.1 iptal=3 eklenen=[('Up', 0.32), ('Up', 0.3), ('Down', 0.65)] toplam_emir=10
  [19:00:52] dolum: sym=btc S=1789758000 oi=0 p=0.32 ofset=0.32 yeni=5.0 toplam=5.0 borsa=MATCHED gecen_sn=52.6
  [19:00:52] dolum: sym=btc S=1789758000 oi=1 p=0.65 ofset=0.65 yeni=5.0 toplam=5.0 borsa=MATCHED gecen_sn=52.8
  [19:01:01] dolum: sym=btc S=1789758000 oi=0 p=0.3 ofset=0.3 yeni=2.38 toplam=2.38 borsa=LIVE gecen_sn=61.2
  [19:01:11] maruziyet: acik_pozisyon=0 pazar=0 dis_risk=0.0
  [19:01:17] mutabakat: pnl=-9.01 yerel=-3.41 etkin=-9.01 pencere=47 risk=5.65 emir=651 dolum=47 pay=1295.3 geri_cekilen=1 red=16
  [19:01:18] dolum: sym=btc S=1789758000 oi=0 p=0.3 ofset=0.3 yeni=2.62 toplam=5.0 borsa=MATCHED gecen_sn=78.5
  [19:01:18] DENGE_SINIRI: sym=btc S=1789758000 agir=Up up=30.0 down=20.0 iptal=1 kalan_hafif=0
  [19:03:50] COZULDU: sym=btc S=1789757700 kol=B kazanan=1 pay=35.0 maliyet=12.75 pnl=-2.75 geri_cekildi=None emirler=[{'oi': 0, 'p': 0.34, 'ofs': 0.34, 'hedef_ofs': 0.34, 'bb': 0.36, 'pay': 5.0, 'durum': 'kapali', 'gecikme_ms': 11317}, {'oi': 0, 'p': 0.33, 'ofs': 0.33, 'hedef_ofs': 0.33, 'bb': 0.36, 'pay': 5.0, 'durum': 'kapali', 'gecikme_ms': 11407}, {'oi': 1, 'p': 0.61, 'ofs': 0.61, 'hedef_ofs': 0.61, 'bb': 0.63, 'pay': 0.0, 'durum': 'kapali', 'gecikme_ms': None}, {'oi': 1, 'p': 0.59, 'ofs': 0.59, 'hedef_ofs': 0.59, 'bb': 0.63, 'pay': 0.0, 'durum': 'kapali', 'gecikme_ms': None}, {'oi': 1, 'p': 0.74, 'ofs': 0.74, 'hedef_ofs': 0.74, 'bb': None, 'pay': 5.0, 'durum': 'kapali', 'gecikme_ms': 11197}, {'oi': 1, 'p': 0.72, 'ofs': 0.72, 'hedef_ofs': 0.72, 'bb': None, 'pay': 0.0, 'durum': 'kapali', 'gecikme_ms': None}, {'oi': 0, 'p': 0.15, 'ofs': 0.15, 'hedef_ofs': 0.15, 'bb': None, 'pay': 5.0, 'durum': 'kapali', 'gecikme_ms': 7171}, {'oi': 0, 'p': 0.12, 'ofs': 0.12, 'hedef_ofs': 0.12, 'bb': None, 'pay': 0.0, 'durum': 'kapali', 'gecikme_ms': None}, {'oi': 1, 'p': 0.81, 'ofs': 0.81, 'hedef_ofs': 0.81, 'bb': None, 'pay': 0.0, 'durum': 'kapali', 'gecikme_ms': None}, {'oi': 1, 'p': 0.79, 'ofs': 0.79, 'hedef_ofs': 0.79, 'bb': None, 'pay': 0.0, 'durum': 'kapali', 'gecikme_ms': None}, {'oi': 1, 'p': 0.88, 'ofs': 0.88, 'hedef_ofs': 0.88, 'bb': None, 'pay': 0.0, 'durum': 'kapali', 'gecikme_ms': None}, {'oi': 1, 'p': 0.89, 'ofs': 0.89, 'hedef_ofs': 0.89, 'bb': None, 'pay': 5.0, 'durum': 'kapali', 'gecikme_ms': 6115}, {'oi': 0, 'p': 0.06, 'ofs': 0.06, 'hedef_ofs': 0.06, 'bb': None, 'pay': 5.0, 'durum': 'kapali', 'gecikme_ms': 8679}, {'oi': 0, 'p': 0.04, 'ofs': 0.04, 'hedef_ofs': 0.04, 'bb': None, 'pay': 5.0, 'durum': 'kapali', 'gecikme_ms': 8768}, {'oi': 1, 'p': 0.95, 'ofs': 0.95, 'hedef_ofs': 0.95, 'bb': None, 'pay': 0.0, 'durum': 'kapali', 'gecikme_ms': None}]
  [19:05:05] KAPI: S=1789758300 bps=14.7 esik=16.4 kol=B
  [19:05:06] pencere: sym=btc S=1789758300 kol=B emir=4 kabul=[2, 2] fiyatlar=[(0, 0.45, 0.45, 0.45), (0, 0.43, 0.43, 0.43), (1, 0.49, 0.49, 0.49), (1, 0.48, 0.48, 0.48)]
  [19:05:12] dolum: sym=btc S=1789758300 oi=0 p=0.45 ofset=0.45 yeni=5.0 toplam=5.0 borsa=MATCHED gecen_sn=12.3
  [19:05:12] dolum: sym=btc S=1789758300 oi=0 p=0.43 ofset=0.43 yeni=5.0 toplam=5.0 borsa=MATCHED gecen_sn=12.4
  [19:05:12] DENGE_SINIRI: sym=btc S=1789758300 agir=Up up=10.0 down=0.0 iptal=2 kalan_hafif=2
  [19:05:27] YENILENDI: sym=btc S=1789758300 yas=26.4 iptal=2 eklenen=[('Down', 0.62), ('Down', 0.6)] toplam_emir=6
  [19:05:32] maruziyet: acik_pozisyon=0 pazar=0 dis_risk=0.0
  [19:05:37] mutabakat: pnl=-11.76 yerel=-6.16 etkin=-11.76 pencere=48 risk=7.3 emir=657 dolum=48 pay=1330.3 geri_cekilen=1 red=16
  [19:05:38] dolum: sym=btc S=1789758300 oi=1 p=0.62 ofset=0.62 yeni=5.0 toplam=5.0 borsa=MATCHED gecen_sn=38.1
  [19:05:38] dolum: sym=btc S=1789758300 oi=1 p=0.6 ofset=0.6 yeni=5.0 toplam=5.0 borsa=MATCHED gecen_sn=38.2
  [19:05:47] YENILENDI: sym=btc S=1789758300 yas=46.5 iptal=2 eklenen=[('Up', 0.29), ('Up', 0.28), ('Down', 0.67), ('Down', 0.65)] toplam_emir=10
  [19:05:50] dolum: sym=btc S=1789758300 oi=1 p=0.67 ofset=0.67 yeni=5.0 toplam=5.0 borsa=MATCHED gecen_sn=50.2
  [19:05:50] dolum: sym=btc S=1789758300 oi=1 p=0.65 ofset=0.65 yeni=5.0 toplam=5.0 borsa=MATCHED gecen_sn=50.3
  [19:05:50] DENGE_SINIRI: sym=btc S=1789758300 agir=Down up=10.0 down=20.0 iptal=2 kalan_hafif=2
  [19:06:07] YENILENDI: sym=btc S=1789758300 yas=67.2 iptal=2 eklenen=[('Up', 0.75)] toplam_emir=11
  [19:06:28] YENILENDI: sym=btc S=1789758300 yas=88.2 iptal=1 eklenen=[('Up', 0.83)] toplam_emir=12
  [19:06:30] dolum: sym=btc S=1789758300 oi=0 p=0.83 ofset=0.83 yeni=5.0 toplam=5.0 borsa=MATCHED gecen_sn=90.0
  [19:06:49] YENILENDI: sym=btc S=1789758300 yas=108.5 iptal=1 eklenen=[('Up', 0.88)] toplam_emir=13
  [19:06:57] dolum: sym=btc S=1789758300 oi=0 p=0.88 ofset=0.88 yeni=5.0 toplam=5.0 borsa=MATCHED gecen_sn=117.3
  [19:09:52] maruziyet: acik_pozisyon=0 pazar=0 dis_risk=0.0
  [19:09:58] mutabakat: pnl=-11.76 yerel=-6.16 etkin=-11.76 pencere=48 risk=8.55 emir=664 dolum=48 pay=1330.3 geri_cekilen=1 red=16
  [19:10:06] KAPI: S=1789758600 bps=17.9 esik=16.4 kol=A
  [19:10:07] pencere: sym=btc S=1789758600 kol=A emir=13 kabul=[7, 6] fiyatlar=[(0, 0.4, 0.4, 0.4), (0, 0.3, 0.3, 0.3), (0, 0.22, 0.22, 0.22), (0, 0.15, 0.15, 0.15), (0, 0.1, 0.1, 0.1), (0, 0.06, 0.06, 0.06), (0, 0.03, 0.03, 0.03), (1, 0.3, 0.3, 0.3), (1, 0.22, 0.22, 0.22), (1, 0.15, 0.15, 0.15), (1, 0.1, 0.1, 0.1), (1, 0.06, 0.06, 0.06), (1, 0.03, 0.03, 0.03)]
  [19:10:26] dolum: sym=btc S=1789758600 oi=1 p=0.3 ofset=0.3 yeni=5.0 toplam=5.0 borsa=MATCHED gecen_sn=26.9
  [19:10:43] COZULDU: sym=btc S=1789758000 kol=B kazanan=0 pay=50.0 maliyet=22.9 pnl=7.1 geri_cekildi=None emirler=[{'oi': 0, 'p': 0.46, 'ofs': 0.46, 'hedef_ofs': 0.46, 'bb': 0.48, 'pay': 5.0, 'durum': 'kapali', 'gecikme_ms': 9158}, {'oi': 0, 'p': 0.45, 'ofs': 0.45, 'hedef_ofs': 0.45, 'bb': 0.48, 'pay': 5.0, 'durum': 'kapali', 'gecikme_ms': 11927}, {'oi': 1, 'p': 0.52, 'ofs': 0.52, 'hedef_ofs': 0.52, 'bb': 0.53, 'pay': 5.0, 'durum': 'kapali', 'gecikme_ms': 3371}, {'oi': 1, 'p': 0.5, 'ofs': 0.5, 'hedef_ofs': 0.5, 'bb': 0.53, 'pay': 5.0, 'durum': 'kapali', 'gecikme_ms': 2423}, {'oi': 0, 'p': 0.43, 'ofs': 0.43, 'hedef_ofs': 0.43, 'bb': None, 'pay': 5.0, 'durum': 'kapali', 'gecikme_ms': 12133}, {'oi': 0, 'p': 0.42, 'ofs': 0.42, 'hedef_ofs': 0.42, 'bb': None, 'pay': 5.0, 'durum': 'kapali', 'gecikme_ms': 12216}, {'oi': 1, 'p': 0.53, 'ofs': 0.53, 'hedef_ofs': 0.53, 'bb': None, 'pay': 5.0, 'durum': 'kapali', 'gecikme_ms': 2525}, {'oi': 0, 'p': 0.32, 'ofs': 0.32, 'hedef_ofs': 0.32, 'bb': None, 'pay': 5.0, 'durum': 'kapali', 'gecikme_ms': 4087}, {'oi': 0, 'p': 0.3, 'ofs': 0.3, 'hedef_ofs': 0.3, 'bb': None, 'pay': 5.0, 'durum': 'kapali', 'gecikme_ms': 29929}, {'oi': 1, 'p': 0.65, 'ofs': 0.65, 'hedef_ofs': 0.65, 'bb': None, 'pay': 5.0, 'durum': 'kapali', 'gecikme_ms': 4264}]
  [19:11:11] dolum: sym=btc S=1789758600 oi=1 p=0.22 ofset=0.22 yeni=5.0 toplam=5.0 borsa=MATCHED gecen_sn=71.9
  [19:11:12] DENGE_SINIRI: sym=btc S=1789758600 agir=Down up=0.0 down=10.0 iptal=6 kalan_hafif=7
  [19:13:21] GEC_UCUZ_KESILDI: sym=btc S=1789758600 iptal=5 fiyatlar=[0.03, 0.06, 0.1, 0.15, 0.22] kalan_acik=2
  [19:14:12] maruziyet: acik_pozisyon=0 pazar=0 dis_risk=0.0
  [19:14:17] mutabakat: pnl=-4.66 yerel=0.94 etkin=-4.66 pencere=49 risk=8.25 emir=677 dolum=49 pay=1380.3 geri_cekilen=1 red=16
  [19:15:05] KAPI: S=1789758900 bps=15.2 esik=16.4 kol=B
  [19:15:07] pencere: sym=btc S=1789758900 kol=B emir=4 kabul=[2, 2] fiyatlar=[(0, 0.66, 0.66, 0.66), (0, 0.64, 0.64, 0.64), (1, 0.3, 0.3, 0.3), (1, 0.29, 0.29, 0.29)]
  [19:15:09] dolum: sym=btc S=1789758900 oi=0 p=0.66 ofset=0.66 yeni=5.0 toplam=5.0 borsa=MATCHED gecen_sn=9.4
  [19:15:22] dolum: sym=btc S=1789758900 oi=0 p=0.64 ofset=0.64 yeni=5.0 toplam=5.0 borsa=MATCHED gecen_sn=22.5
  [19:15:22] DENGE_SINIRI: sym=btc S=1789758900 agir=Up up=10.0 down=0.0 iptal=2 kalan_hafif=2
  [19:15:25] COZULDU: sym=btc S=1789758300 kol=B kazanan=0 pay=40.0 maliyet=25.65 pnl=-5.65 geri_cekildi=None emirler=[{'oi': 0, 'p': 0.45, 'ofs': 0.45, 'hedef_ofs': 0.45, 'bb': 0.47, 'pay': 5.0, 'durum': 'kapali', 'gecikme_ms': 5315}, {'oi': 0, 'p': 0.43, 'ofs': 0.43, 'hedef_ofs': 0.43, 'bb': 0.47, 'pay': 5.0, 'durum': 'kapali', 'gecikme_ms': 5401}, {'oi': 1, 'p': 0.49, 'ofs': 0.49, 'hedef_ofs': 0.49, 'bb': 0.51, 'pay': 0.0, 'durum': 'kapali', 'gecikme_ms': None}, {'oi': 1, 'p': 0.48, 'ofs': 0.48, 'hedef_ofs': 0.48, 'bb': 0.51, 'pay': 0.0, 'durum': 'kapali', 'gecikme_ms': None}, {'oi': 1, 'p': 0.62, 'ofs': 0.62, 'hedef_ofs': 0.62, 'bb': None, 'pay': 5.0, 'durum': 'kapali', 'gecikme_ms': 10321}, {'oi': 1, 'p': 0.6, 'ofs': 0.6, 'hedef_ofs': 0.6, 'bb': None, 'pay': 5.0, 'durum': 'kapali', 'gecikme_ms': 10419}, {'oi': 0, 'p': 0.29, 'ofs': 0.29, 'hedef_ofs': 0.29, 'bb': None, 'pay': 0.0, 'durum': 'kapali', 'gecikme_ms': None}, {'oi': 0, 'p': 0.28, 'ofs': 0.28, 'hedef_ofs': 0.28, 'bb': None, 'pay': 0.0, 'durum': 'kapali', 'gecikme_ms': None}, {'oi': 1, 'p': 0.67, 'ofs': 0.67, 'hedef_ofs': 0.67, 'bb': None, 'pay': 5.0, 'durum': 'kapali', 'gecikme_ms': 2958}, {'oi': 1, 'p': 0.65, 'ofs': 0.65, 'hedef_ofs': 0.65, 'bb': None, 'pay': 5.0, 'durum': 'kapali', 'gecikme_ms': 3049}, {'oi': 0, 'p': 0.75, 'ofs': 0.75, 'hedef_ofs': 0.75, 'bb': None, 'pay': 0.0, 'durum': 'kapali', 'gecikme_ms': None}, {'oi': 0, 'p': 0.83, 'ofs': 0.83, 'hedef_ofs': 0.83, 'bb': None, 'pay': 5.0, 'durum': 'kapali', 'gecikme_ms': 1371}, {'oi': 0, 'p': 0.88, 'ofs': 0.88, 'hedef_ofs': 0.88, 'bb': None, 'pay': 5.0, 'durum': 'kapali', 'gecikme_ms': 7882}]
  [19:15:27] YENILENDI: sym=btc S=1789758900 yas=26.8 iptal=2 eklenen=[('Down', 0.33), ('Down', 0.32)] toplam_emir=6
  [19:15:29] dolum: sym=btc S=1789758900 oi=1 p=0.33 ofset=0.33 yeni=5.0 toplam=5.0 borsa=MATCHED gecen_sn=29.3
  [19:15:29] dolum: sym=btc S=1789758900 oi=1 p=0.32 ofset=0.32 yeni=3.45 toplam=3.45 borsa=LIVE gecen_sn=29.4
  [19:15:30] dolum: sym=btc S=1789758900 oi=1 p=0.32 ofset=0.32 yeni=1.55 toplam=5.0 borsa=MATCHED gecen_sn=30.0
  [19:15:47] YENILENDI: sym=btc S=1789758900 yas=47.1 iptal=2 eklenen=[('Up', 0.69), ('Down', 0.25), ('Down', 0.23)] toplam_emir=9
  [19:15:51] dolum: sym=btc S=1789758900 oi=1 p=0.25 ofset=0.25 yeni=5.0 toplam=5.0 borsa=MATCHED gecen_sn=51.2
  [19:15:52] dolum: sym=btc S=1789758900 oi=1 p=0.23 ofset=0.23 yeni=5.0 toplam=5.0 borsa=MATCHED gecen_sn=52.1
  [19:15:52] DENGE_SINIRI: sym=btc S=1789758900 agir=Down up=10.0 down=20.0 iptal=2 kalan_hafif=1
  [19:16:48] YENILENDI: sym=btc S=1789758900 yas=108.0 iptal=0 eklenen=[('Up', 0.57)] toplam_emir=10
  [19:16:58] dolum: sym=btc S=1789758900 oi=0 p=0.57 ofset=0.57 yeni=5.0 toplam=5.0 borsa=MATCHED gecen_sn=119.0
  [19:17:09] YENILENDI: sym=btc S=1789758900 yas=128.9 iptal=1 eklenen=[('Down', 0.53)] toplam_emir=11
  [19:17:13] dolum: sym=btc S=1789758900 oi=1 p=0.53 ofset=0.53 yeni=5.0 toplam=5.0 borsa=MATCHED gecen_sn=133.9
  [19:17:14] DENGE_SINIRI: sym=btc S=1789758900 agir=Down up=15.0 down=25.0 iptal=1 kalan_hafif=0
  [19:18:33] maruziyet: acik_pozisyon=0 pazar=0 dis_risk=0.0
  [19:18:39] mutabakat: pnl=-10.31 yerel=-4.71 etkin=-10.31 pencere=50 risk=5.25 emir=688 dolum=50 pay=1420.3 geri_cekilen=1 red=17
  [19:20:05] KAPI: S=1789759200 bps=35.4 esik=16.4 kol=A
  [19:20:07] pencere: sym=btc S=1789759200 kol=A emir=12 kabul=[5, 7] fiyatlar=[(0, 0.22, 0.22, 0.22), (0, 0.15, 0.15, 0.15), (0, 0.1, 0.1, 0.1), (0, 0.06, 0.06, 0.06), (0, 0.03, 0.03, 0.03), (1, 0.4, 0.4, 0.4), (1, 0.3, 0.3, 0.3), (1, 0.22, 0.22, 0.22), (1, 0.15, 0.15, 0.15), (1, 0.1, 0.1, 0.1), (1, 0.06, 0.06, 0.06), (1, 0.03, 0.03, 0.03)]
  [19:20:28] dolum: sym=btc S=1789759200 oi=0 p=0.22 ofset=0.22 yeni=5.0 toplam=5.0 borsa=MATCHED gecen_sn=28.4
  [19:20:31] COZULDU: sym=btc S=1789758600 kol=A kazanan=0 pay=10.0 maliyet=2.6 pnl=-2.6 geri_cekildi=None emirler=[{'oi': 0, 'p': 0.4, 'ofs': 0.4, 'hedef_ofs': 0.4, 'bb': 0.57, 'pay': 0.0, 'durum': 'kapali', 'gecikme_ms': None}, {'oi': 0, 'p': 0.3, 'ofs': 0.3, 'hedef_ofs': 0.3, 'bb': 0.57, 'pay': 0.0, 'durum': 'kapali', 'gecikme_ms': None}, {'oi': 0, 'p': 0.22, 'ofs': 0.22, 'hedef_ofs': 0.22, 'bb': 0.57, 'pay': 0.0, 'durum': 'kapali', 'gecikme_ms': None}, {'oi': 0, 'p': 0.15, 'ofs': 0.15, 'hedef_ofs': 0.15, 'bb': 0.57, 'pay': 0.0, 'durum': 'kapali', 'gecikme_ms': None}, {'oi': 0, 'p': 0.1, 'ofs': 0.1, 'hedef_ofs': 0.1, 'bb': 0.57, 'pay': 0.0, 'durum': 'kapali', 'gecikme_ms': None}, {'oi': 0, 'p': 0.06, 'ofs': 0.06, 'hedef_ofs': 0.06, 'bb': 0.57, 'pay': 0.0, 'durum': 'kapali', 'gecikme_ms': None}, {'oi': 0, 'p': 0.03, 'ofs': 0.03, 'hedef_ofs': 0.03, 'bb': 0.57, 'pay': 0.0, 'durum': 'kapali', 'gecikme_ms': None}, {'oi': 1, 'p': 0.3, 'ofs': 0.3, 'hedef_ofs': 0.3, 'bb': 0.42, 'pay': 5.0, 'durum': 'kapali', 'gecikme_ms': 19615}, {'oi': 1, 'p': 0.22, 'ofs': 0.22, 'hedef_ofs': 0.22, 'bb': 0.42, 'pay': 5.0, 'durum': 'kapali', 'gecikme_ms': 64516}, {'oi': 1, 'p': 0.15, 'ofs': 0.15, 'hedef_ofs': 0.15, 'bb': 0.42, 'pay': 0.0, 'durum': 'kapali', 'gecikme_ms': None}, {'oi': 1, 'p': 0.1, 'ofs': 0.1, 'hedef_ofs': 0.1, 'bb': 0.42, 'pay': 0.0, 'durum': 'kapali', 'gecikme_ms': None}, {'oi': 1, 'p': 0.06, 'ofs': 0.06, 'hedef_ofs': 0.06, 'bb': 0.42, 'pay': 0.0, 'durum': 'kapali', 'gecikme_ms': None}, {'oi': 1, 'p': 0.03, 'ofs': 0.03, 'hedef_ofs': 0.03, 'bb': 0.42, 'pay': 0.0, 'durum': 'kapali', 'gecikme_ms': None}]
  [19:21:57] dolum: sym=btc S=1789759200 oi=0 p=0.15 ofset=0.15 yeni=5.0 toplam=5.0 borsa=MATCHED gecen_sn=117.4
  [19:21:58] DENGE_SINIRI: sym=btc S=1789759200 agir=Up up=10.0 down=0.0 iptal=5 kalan_hafif=7
  [19:22:52] maruziyet: acik_pozisyon=0 pazar=0 dis_risk=0.0
  [19:22:58] mutabakat: pnl=-12.91 yerel=-7.31 etkin=-12.91 pencere=51 risk=4.5 emir=700 dolum=51 pay=1430.3 geri_cekilen=1 red=17
  [19:23:21] GEC_UCUZ_KESILDI: sym=btc S=1789759200 iptal=5 fiyatlar=[0.03, 0.06, 0.1, 0.15, 0.22] kalan_acik=2
  [19:24:20] bitti: sebep=STOP pnl=-12.9071 yerel=-7.307 pencere=54 emir=700 dolum=51 pay=1430.33 geri_cekilen=1 red=17 bilinmeyen=0 risk=4.5
  [23:37:26] SURUM: kaynak_sha=00386cb4c261 oturum=2457403 kapi=False esik_bps=16.4 boy_testi=False klip_buyuk=25.0 tamamla_acik=False tamamla_tavan=1.02 px_tavan_maker=0.4 a_uyum=False a_cift_tavan=0.8 a_uyum_ara=20.0 a_oran=1.0 tohum=20260918 delta_tik_b=[2, 4] yenileme_ara=20.0 taraf_tavan=10.0 gec_kes=200.0 ucuz_esik=0.25 gec_esik=180.0
  [23:37:26] hazir: mod=LIVE klip=5.0 fiyatlar=[0.4, 0.3, 0.22, 0.15, 0.1, 0.06, 0.03] kesici=-100.0 denge_siniri=10.0 amac=DERIN MERDIVEN v4 - mutlak fiyat noktalari
  [23:37:27] maruziyet: acik_pozisyon=0 pazar=0 dis_risk=0.0
  [23:37:27] state_yuklendi: pencere=12 pnl=-12.91 pnl_yerel=-7.31 emir=700 dolum=51
  [23:37:33] basladi: mod=LIVE gorulen_pencere=54
  [23:37:33] COZULDU: sym=btc S=1789758900 kol=B kazanan=0 pay=40.0 maliyet=17.65 pnl=-2.65 geri_cekildi=None emirler=[{'oi': 0, 'p': 0.66, 'ofs': 0.66, 'hedef_ofs': 0.66, 'bb': 0.67, 'pay': 5.0, 'durum': 'kapali', 'gecikme_ms': 2355}, {'oi': 0, 'p': 0.64, 'ofs': 0.64, 'hedef_ofs': 0.64, 'bb': 0.67, 'pay': 5.0, 'durum': 'kapali', 'gecikme_ms': 15444}, {'oi': 1, 'p': 0.3, 'ofs': 0.3, 'hedef_ofs': 0.3, 'bb': 0.32, 'pay': 0.0, 'durum': 'kapali', 'gecikme_ms': None}, {'oi': 1, 'p': 0.29, 'ofs': 0.29, 'hedef_ofs': 0.29, 'bb': 0.32, 'pay': 0.0, 'durum': 'kapali', 'gecikme_ms': None}, {'oi': 1, 'p': 0.33, 'ofs': 0.33, 'hedef_ofs': 0.33, 'bb': None, 'pay': 5.0, 'durum': 'kapali', 'gecikme_ms': 1939}, {'oi': 1, 'p': 0.32, 'ofs': 0.32, 'hedef_ofs': 0.32, 'bb': None, 'pay': 5.0, 'durum': 'kapali', 'gecikme_ms': 2716}, {'oi': 0, 'p': 0.69, 'ofs': 0.69, 'hedef_ofs': 0.69, 'bb': None, 'pay': 0.0, 'durum': 'kapali', 'gecikme_ms': None}, {'oi': 1, 'p': 0.25, 'ofs': 0.25, 'hedef_ofs': 0.25, 'bb': None, 'pay': 5.0, 'durum': 'kapali', 'gecikme_ms': 3358}, {'oi': 1, 'p': 0.23, 'ofs': 0.23, 'hedef_ofs': 0.23, 'bb': None, 'pay': 5.0, 'durum': 'kapali', 'gecikme_ms': 4312}, {'oi': 0, 'p': 0.57, 'ofs': 0.57, 'hedef_ofs': 0.57, 'bb': None, 'pay': 5.0, 'durum': 'kapali', 'gecikme_ms': 10309}, {'oi': 1, 'p': 0.53, 'ofs': 0.53, 'hedef_ofs': 0.53, 'bb': None, 'pay': 5.0, 'durum': 'kapali', 'gecikme_ms': 4110}]
  [23:37:33] COZULDU: sym=btc S=1789759200 kol=A kazanan=1 pay=10.0 maliyet=1.85 pnl=-1.85 geri_cekildi=None emirler=[{'oi': 0, 'p': 0.22, 'ofs': 0.22, 'hedef_ofs': 0.22, 'bb': 0.3, 'pay': 5.0, 'durum': 'kapali', 'gecikme_ms': 21381}, {'oi': 0, 'p': 0.15, 'ofs': 0.15, 'hedef_ofs': 0.15, 'bb': 0.3, 'pay': 5.0, 'durum': 'kapali', 'gecikme_ms': 110318}, {'oi': 0, 'p': 0.1, 'ofs': 0.1, 'hedef_ofs': 0.1, 'bb': 0.3, 'pay': 0.0, 'durum': 'kapali', 'gecikme_ms': None}, {'oi': 0, 'p': 0.06, 'ofs': 0.06, 'hedef_ofs': 0.06, 'bb': 0.3, 'pay': 0.0, 'durum': 'kapali', 'gecikme_ms': None}, {'oi': 0, 'p': 0.03, 'ofs': 0.03, 'hedef_ofs': 0.03, 'bb': 0.3, 'pay': 0.0, 'durum': 'kapali', 'gecikme_ms': None}, {'oi': 1, 'p': 0.4, 'ofs': 0.4, 'hedef_ofs': 0.4, 'bb': 0.69, 'pay': 0.0, 'durum': 'kapali', 'gecikme_ms': None}, {'oi': 1, 'p': 0.3, 'ofs': 0.3, 'hedef_ofs': 0.3, 'bb': 0.69, 'pay': 0.0, 'durum': 'kapali', 'gecikme_ms': None}, {'oi': 1, 'p': 0.22, 'ofs': 0.22, 'hedef_ofs': 0.22, 'bb': 0.69, 'pay': 0.0, 'durum': 'kapali', 'gecikme_ms': None}, {'oi': 1, 'p': 0.15, 'ofs': 0.15, 'hedef_ofs': 0.15, 'bb': 0.69, 'pay': 0.0, 'durum': 'kapali', 'gecikme_ms': None}, {'oi': 1, 'p': 0.1, 'ofs': 0.1, 'hedef_ofs': 0.1, 'bb': 0.69, 'pay': 0.0, 'durum': 'kapali', 'gecikme_ms': None}, {'oi': 1, 'p': 0.06, 'ofs': 0.06, 'hedef_ofs': 0.06, 'bb': 0.69, 'pay': 0.0, 'durum': 'kapali', 'gecikme_ms': None}, {'oi': 1, 'p': 0.03, 'ofs': 0.03, 'hedef_ofs': 0.03, 'bb': 0.69, 'pay': 0.0, 'durum': 'kapali', 'gecikme_ms': None}]
  [23:37:34] maruziyet: acik_pozisyon=0 pazar=0 dis_risk=0.0
  [23:37:39] mutabakat: pnl=-17.41 yerel=-11.81 etkin=-17.41 pencere=53 risk=0.0 emir=700 dolum=53 pay=1480.3 geri_cekilen=1 red=17
  [23:40:05] BOY: S=1789774800 klip=5.0 kol=A
Traceback (most recent call last):
  File "/home/taygun/Masaüstü/polymarket/data/analysis/pm_merdiven_ab_20260918_v5/ab.py", line 1429, in <module>
    if __name__=='__main__': main()
                             ^^^^^^
  File "/home/taygun/Masaüstü/polymarket/data/analysis/pm_merdiven_ab_20260918_v5/ab.py", line 1309, in main
    if pencere_ac(sym,S,per)=='kesici': sebep='kesici'; break
       ^^^^^^^^^^^^^^^^^^^^^
  File "/home/taygun/Masaüstü/polymarket/data/analysis/pm_merdiven_ab_20260918_v5/ab.py", line 959, in pencere_ac
    sonuc=koy_toplu([(x['oi'],tk[x['oi']],x['p'],klip) for x in bekleyen])
          ^^^^^^^^^^^^^^^^^^^^^^^^^^^^^^^^^^^^^^^^^^^^^^^^^^^^^^^^^^^^^^^^
  File "/home/taygun/Masaüstü/polymarket/data/analysis/pm_merdiven_ab_20260918_v5/ab.py", line 624, in koy_toplu
    oi,tid,px=istek[i]
    ^^^^^^^^^
ValueError: too many values to unpack (expected 3)
  [23:42:24] SURUM: kaynak_sha=f15f4a009164 oturum=2462211 kapi=False esik_bps=16.4 boy_testi=False klip_buyuk=25.0 tamamla_acik=False tamamla_tavan=1.02 px_tavan_maker=0.4 a_uyum=False a_cift_tavan=0.8 a_uyum_ara=20.0 a_oran=1.0 tohum=20260918 delta_tik_b=[2, 4] yenileme_ara=20.0 taraf_tavan=10.0 gec_kes=200.0 ucuz_esik=0.25 gec_esik=180.0
  [23:42:24] hazir: mod=LIVE klip=5.0 fiyatlar=[0.4, 0.3, 0.22, 0.15, 0.1, 0.06, 0.03] kesici=-100.0 denge_siniri=10.0 amac=DERIN MERDIVEN v4 - mutlak fiyat noktalari
  [23:42:25] maruziyet: acik_pozisyon=1 pazar=1 dis_risk=2.5968
  [23:42:25] state_yuklendi: pencere=12 pnl=-17.41 pnl_yerel=-11.81 emir=700 dolum=53
  [23:42:31] basladi: mod=LIVE gorulen_pencere=54
  [23:42:31] maruziyet: acik_pozisyon=1 pazar=1 dis_risk=2.5968
  [23:42:37] mutabakat: pnl=-17.41 yerel=-11.81 etkin=-17.41 pencere=53 risk=2.6 emir=700 dolum=53 pay=1480.3 geri_cekilen=1 red=17
  [23:45:06] BOY: S=1789775100 klip=5.0 kol=A
  [23:45:06] pencere: sym=btc S=1789775100 kol=A tokens=[0, 1] emir=13 kabul=[6, 7] fiyatlar=[(0, 0.3, 0.3, 0.3), (0, 0.22, 0.22, 0.22), (0, 0.15, 0.15, 0.15), (0, 0.1, 0.1, 0.1), (0, 0.06, 0.06, 0.06), (0, 0.03, 0.03, 0.03), (1, 0.4, 0.4, 0.4), (1, 0.3, 0.3, 0.3), (1, 0.22, 0.22, 0.22), (1, 0.15, 0.15, 0.15), (1, 0.1, 0.1, 0.1), (1, 0.06, 0.06, 0.06), (1, 0.03, 0.03, 0.03)]
  [23:46:32] dolum: sym=btc S=1789775100 oi=0 p=0.3 ofset=0.3 yeni=5.0 toplam=5.0 kaynak=yoklama gecen_sn=92.3
  [23:46:52] maruziyet: acik_pozisyon=0 pazar=0 dis_risk=0.0
  [23:46:57] mutabakat: pnl=-17.41 yerel=-11.81 etkin=-17.41 pencere=53 risk=4.3 emir=713 dolum=53 pay=1480.3 geri_cekilen=1 red=17
  [23:47:35] dolum: sym=btc S=1789775100 oi=0 p=0.22 ofset=0.22 yeni=5.0 toplam=5.0 kaynak=yoklama gecen_sn=155.7
  [23:47:37] DENGE_SINIRI: sym=btc S=1789775100 agir=Up up=10.0 down=0.0 iptal=6 kalan_hafif=7
  [23:48:21] GEC_UCUZ_KESILDI: sym=btc S=1789775100 iptal=5 fiyatlar=[0.03, 0.06, 0.1, 0.15, 0.22] kalan_acik=2
  [23:50:05] BOY: S=1789775400 klip=5.0 kol=A
  [23:50:06] pencere: sym=btc S=1789775400 kol=A tokens=[0, 1] emir=13 kabul=[7, 6] fiyatlar=[(0, 0.4, 0.4, 0.4), (0, 0.3, 0.3, 0.3), (0, 0.22, 0.22, 0.22), (0, 0.15, 0.15, 0.15), (0, 0.1, 0.1, 0.1), (0, 0.06, 0.06, 0.06), (0, 0.03, 0.03, 0.03), (1, 0.3, 0.3, 0.3), (1, 0.22, 0.22, 0.22), (1, 0.15, 0.15, 0.15), (1, 0.1, 0.1, 0.1), (1, 0.06, 0.06, 0.06), (1, 0.03, 0.03, 0.03)]
  [23:51:13] maruziyet: acik_pozisyon=0 pazar=0 dis_risk=0.0
  [23:51:19] mutabakat: pnl=-17.41 yerel=-11.81 etkin=-17.41 pencere=53 risk=8.9 emir=726 dolum=53 pay=1480.3 geri_cekilen=1 red=17
  [23:51:32] dolum: sym=btc S=1789775400 oi=1 p=0.3 ofset=0.3 yeni=5.0 toplam=5.0 kaynak=yoklama gecen_sn=92.8
  [23:51:32] dolum: sym=btc S=1789775400 oi=1 p=0.22 ofset=0.22 yeni=5.0 toplam=5.0 kaynak=yoklama gecen_sn=92.9
  [23:51:34] DENGE_SINIRI: sym=btc S=1789775400 agir=Down up=0.0 down=10.0 iptal=6 kalan_hafif=7
  [23:53:21] GEC_UCUZ_KESILDI: sym=btc S=1789775400 iptal=5 fiyatlar=[0.03, 0.06, 0.1, 0.15, 0.22] kalan_acik=2
  [23:55:06] BOY: S=1789775700 klip=5.0 kol=A
  [23:55:07] pencere: sym=btc S=1789775700 kol=A tokens=[0, 1] emir=13 kabul=[6, 7] fiyatlar=[(0, 0.3, 0.3, 0.3), (0, 0.22, 0.22, 0.22), (0, 0.15, 0.15, 0.15), (0, 0.1, 0.1, 0.1), (0, 0.06, 0.06, 0.06), (0, 0.03, 0.03, 0.03), (1, 0.4, 0.4, 0.4), (1, 0.3, 0.3, 0.3), (1, 0.22, 0.22, 0.22), (1, 0.15, 0.15, 0.15), (1, 0.1, 0.1, 0.1), (1, 0.06, 0.06, 0.06), (1, 0.03, 0.03, 0.03)]
  [23:55:34] maruziyet: acik_pozisyon=0 pazar=0 dis_risk=0.0
  [23:55:40] mutabakat: pnl=-17.41 yerel=-11.81 etkin=-17.41 pencere=53 risk=11.5 emir=739 dolum=53 pay=1480.3 geri_cekilen=1 red=17
  [23:55:47] dolum: sym=btc S=1789775700 oi=1 p=0.4 ofset=0.4 yeni=5.0 toplam=5.0 kaynak=yoklama gecen_sn=47.6
  [23:55:52] COZULDU: sym=btc S=1789775100 kol=A kazanan=1 pay=10.0 maliyet=2.6 pnl=-2.6 geri_cekildi=None emirler=[{'oi': 0, 'p': 0.3, 'ofs': 0.3, 'hedef_ofs': 0.3, 'bb': 0.44, 'pay': 5.0, 'durum': 'kapali', 'gecikme_ms': 85325}, {'oi': 0, 'p': 0.22, 'ofs': 0.22, 'hedef_ofs': 0.22, 'bb': 0.44, 'pay': 5.0, 'durum': 'kapali', 'gecikme_ms': 148713}, {'oi': 0, 'p': 0.15, 'ofs': 0.15, 'hedef_ofs': 0.15, 'bb': 0.44, 'pay': 0.0, 'durum': 'kapali', 'gecikme_ms': None}, {'oi': 0, 'p': 0.1, 'ofs': 0.1, 'hedef_ofs': 0.1, 'bb': 0.44, 'pay': 0.0, 'durum': 'kapali', 'gecikme_ms': None}, {'oi': 0, 'p': 0.06, 'ofs': 0.06, 'hedef_ofs': 0.06, 'bb': 0.44, 'pay': 0.0, 'durum': 'kapali', 'gecikme_ms': None}, {'oi': 0, 'p': 0.03, 'ofs': 0.03, 'hedef_ofs': 0.03, 'bb': 0.44, 'pay': 0.0, 'durum': 'kapali', 'gecikme_ms': None}, {'oi': 1, 'p': 0.4, 'ofs': 0.4, 'hedef_ofs': 0.4, 'bb': 0.55, 'pay': 0.0, 'durum': 'kapali', 'gecikme_ms': None}, {'oi': 1, 'p': 0.3, 'ofs': 0.3, 'hedef_ofs': 0.3, 'bb': 0.55, 'pay': 0.0, 'durum': 'kapali', 'gecikme_ms': None}, {'oi': 1, 'p': 0.22, 'ofs': 0.22, 'hedef_ofs': 0.22, 'bb': 0.55, 'pay': 0.0, 'durum': 'kapali', 'gecikme_ms': None}, {'oi': 1, 'p': 0.15, 'ofs': 0.15, 'hedef_ofs': 0.15, 'bb': 0.55, 'pay': 0.0, 'durum': 'kapali', 'gecikme_ms': None}, {'oi': 1, 'p': 0.1, 'ofs': 0.1, 'hedef_ofs': 0.1, 'bb': 0.55, 'pay': 0.0, 'durum': 'kapali', 'gecikme_ms': None}, {'oi': 1, 'p': 0.06, 'ofs': 0.06, 'hedef_ofs': 0.06, 'bb': 0.55, 'pay': 0.0, 'durum': 'kapali', 'gecikme_ms': None}, {'oi': 1, 'p': 0.03, 'ofs': 0.03, 'hedef_ofs': 0.03, 'bb': 0.55, 'pay': 0.0, 'durum': 'kapali', 'gecikme_ms': None}]
  [23:56:54] dolum: sym=btc S=1789775700 oi=1 p=0.3 ofset=0.3 yeni=5.0 toplam=5.0 kaynak=yoklama gecen_sn=114.0
  [23:56:55] DENGE_SINIRI: sym=btc S=1789775700 agir=Down up=0.0 down=10.0 iptal=7 kalan_hafif=6
  [23:58:21] GEC_UCUZ_KESILDI: sym=btc S=1789775700 iptal=5 fiyatlar=[0.03, 0.06, 0.1, 0.15, 0.22] kalan_acik=1
  [23:59:02] dolum: sym=btc S=1789775700 oi=0 p=0.3 ofset=0.3 yeni=5.0 toplam=5.0 kaynak=yoklama gecen_sn=242.7
  [23:59:55] maruziyet: acik_pozisyon=0 pazar=0 dis_risk=0.0
  [00:00:01] mutabakat: pnl=-20.01 yerel=-14.41 etkin=-20.01 pencere=54 risk=2.6 emir=739 dolum=54 pay=1490.3 geri_cekilen=1 red=17
  [00:00:06] BOY: S=1789776000 klip=5.0 kol=A
  [00:00:06] pencere: sym=btc S=1789776000 kol=A tokens=[0, 1] emir=13 kabul=[7, 6] fiyatlar=[(0, 0.4, 0.4, 0.4), (0, 0.3, 0.3, 0.3), (0, 0.22, 0.22, 0.22), (0, 0.15, 0.15, 0.15), (0, 0.1, 0.1, 0.1), (0, 0.06, 0.06, 0.06), (0, 0.03, 0.03, 0.03), (1, 0.3, 0.3, 0.3), (1, 0.22, 0.22, 0.22), (1, 0.15, 0.15, 0.15), (1, 0.1, 0.1, 0.1), (1, 0.06, 0.06, 0.06), (1, 0.03, 0.03, 0.03)]
  [00:00:47] dolum: sym=btc S=1789776000 oi=1 p=0.3 ofset=0.3 yeni=5.0 toplam=5.0 kaynak=yoklama gecen_sn=47.2
  [00:00:47] dolum: sym=btc S=1789776000 oi=1 p=0.22 ofset=0.22 yeni=5.0 toplam=5.0 kaynak=yoklama gecen_sn=47.2
  [00:00:48] DENGE_SINIRI: sym=btc S=1789776000 agir=Down up=0.0 down=10.0 iptal=6 kalan_hafif=7
  [00:01:20] COZULDU: sym=btc S=1789775400 kol=A kazanan=0 pay=10.0 maliyet=2.6 pnl=-2.6 geri_cekildi=None emirler=[{'oi': 0, 'p': 0.4, 'ofs': 0.4, 'hedef_ofs': 0.4, 'bb': 0.56, 'pay': 0.0, 'durum': 'kapali', 'gecikme_ms': None}, {'oi': 0, 'p': 0.3, 'ofs': 0.3, 'hedef_ofs': 0.3, 'bb': 0.56, 'pay': 0.0, 'durum': 'kapali', 'gecikme_ms': None}, {'oi': 0, 'p': 0.22, 'ofs': 0.22, 'hedef_ofs': 0.22, 'bb': 0.56, 'pay': 0.0, 'durum': 'kapali', 'gecikme_ms': None}, {'oi': 0, 'p': 0.15, 'ofs': 0.15, 'hedef_ofs': 0.15, 'bb': 0.56, 'pay': 0.0, 'durum': 'kapali', 'gecikme_ms': None}, {'oi': 0, 'p': 0.1, 'ofs': 0.1, 'hedef_ofs': 0.1, 'bb': 0.56, 'pay': 0.0, 'durum': 'kapali', 'gecikme_ms': None}, {'oi': 0, 'p': 0.06, 'ofs': 0.06, 'hedef_ofs': 0.06, 'bb': 0.56, 'pay': 0.0, 'durum': 'kapali', 'gecikme_ms': None}, {'oi': 0, 'p': 0.03, 'ofs': 0.03, 'hedef_ofs': 0.03, 'bb': 0.56, 'pay': 0.0, 'durum': 'kapali', 'gecikme_ms': None}, {'oi': 1, 'p': 0.3, 'ofs': 0.3, 'hedef_ofs': 0.3, 'bb': 0.43, 'pay': 5.0, 'durum': 'kapali', 'gecikme_ms': 86147}, {'oi': 1, 'p': 0.22, 'ofs': 0.22, 'hedef_ofs': 0.22, 'bb': 0.43, 'pay': 5.0, 'durum': 'kapali', 'gecikme_ms': 86235}, {'oi': 1, 'p': 0.15, 'ofs': 0.15, 'hedef_ofs': 0.15, 'bb': 0.43, 'pay': 0.0, 'durum': 'kapali', 'gecikme_ms': None}, {'oi': 1, 'p': 0.1, 'ofs': 0.1, 'hedef_ofs': 0.1, 'bb': 0.43, 'pay': 0.0, 'durum': 'kapali', 'gecikme_ms': None}, {'oi': 1, 'p': 0.06, 'ofs': 0.06, 'hedef_ofs': 0.06, 'bb': 0.43, 'pay': 0.0, 'durum': 'kapali', 'gecikme_ms': None}, {'oi': 1, 'p': 0.03, 'ofs': 0.03, 'hedef_ofs': 0.03, 'bb': 0.43, 'pay': 0.0, 'durum': 'kapali', 'gecikme_ms': None}]
  [00:02:03] dolum: sym=btc S=1789776000 oi=0 p=0.4 ofset=0.4 yeni=5.0 toplam=5.0 kaynak=yoklama gecen_sn=123.5
  [00:02:26] dolum: sym=btc S=1789776000 oi=0 p=0.3 ofset=0.3 yeni=4.997 toplam=4.997 kaynak=yoklama gecen_sn=146.3
  [00:02:48] dolum: sym=btc S=1789776000 oi=0 p=0.22 ofset=0.22 yeni=5.0 toplam=5.0 kaynak=yoklama gecen_sn=168.8
  [00:02:58] dolum: sym=btc S=1789776000 oi=0 p=0.15 ofset=0.15 yeni=5.0 toplam=5.0 kaynak=yoklama gecen_sn=178.1
  [00:02:59] DENGE_SINIRI: sym=btc S=1789776000 agir=Up up=20.0 down=10.0 iptal=7 kalan_hafif=0
  [00:04:14] maruziyet: acik_pozisyon=0 pazar=0 dis_risk=0.0
  [00:04:20] mutabakat: pnl=-22.61 yerel=-17.01 etkin=-22.61 pencere=55 risk=0.0 emir=752 dolum=55 pay=1500.3 geri_cekilen=1 red=17
  [00:04:49] COZULDU: sym=btc S=1789775700 kol=A kazanan=1 pay=15.0 maliyet=5.0 pnl=5.0 geri_cekildi=None emirler=[{'oi': 0, 'p': 0.3, 'ofs': 0.3, 'hedef_ofs': 0.3, 'bb': 0.47, 'pay': 5.0, 'durum': 'kapali', 'gecikme_ms': 235737}, {'oi': 0, 'p': 0.22, 'ofs': 0.22, 'hedef_ofs': 0.22, 'bb': 0.47, 'pay': 0.0, 'durum': 'kapali', 'gecikme_ms': None}, {'oi': 0, 'p': 0.15, 'ofs': 0.15, 'hedef_ofs': 0.15, 'bb': 0.47, 'pay': 0.0, 'durum': 'kapali', 'gecikme_ms': None}, {'oi': 0, 'p': 0.1, 'ofs': 0.1, 'hedef_ofs': 0.1, 'bb': 0.47, 'pay': 0.0, 'durum': 'kapali', 'gecikme_ms': None}, {'oi': 0, 'p': 0.06, 'ofs': 0.06, 'hedef_ofs': 0.06, 'bb': 0.47, 'pay': 0.0, 'durum': 'kapali', 'gecikme_ms': None}, {'oi': 0, 'p': 0.03, 'ofs': 0.03, 'hedef_ofs': 0.03, 'bb': 0.47, 'pay': 0.0, 'durum': 'kapali', 'gecikme_ms': None}, {'oi': 1, 'p': 0.4, 'ofs': 0.4, 'hedef_ofs': 0.4, 'bb': 0.52, 'pay': 5.0, 'durum': 'kapali', 'gecikme_ms': 40552}, {'oi': 1, 'p': 0.3, 'ofs': 0.3, 'hedef_ofs': 0.3, 'bb': 0.52, 'pay': 5.0, 'durum': 'kapali', 'gecikme_ms': 107045}, {'oi': 1, 'p': 0.22, 'ofs': 0.22, 'hedef_ofs': 0.22, 'bb': 0.52, 'pay': 0.0, 'durum': 'kapali', 'gecikme_ms': None}, {'oi': 1, 'p': 0.15, 'ofs': 0.15, 'hedef_ofs': 0.15, 'bb': 0.52, 'pay': 0.0, 'durum': 'kapali', 'gecikme_ms': None}, {'oi': 1, 'p': 0.1, 'ofs': 0.1, 'hedef_ofs': 0.1, 'bb': 0.52, 'pay': 0.0, 'durum': 'kapali', 'gecikme_ms': None}, {'oi': 1, 'p': 0.06, 'ofs': 0.06, 'hedef_ofs': 0.06, 'bb': 0.52, 'pay': 0.0, 'durum': 'kapali', 'gecikme_ms': None}, {'oi': 1, 'p': 0.03, 'ofs': 0.03, 'hedef_ofs': 0.03, 'bb': 0.52, 'pay': 0.0, 'durum': 'kapali', 'gecikme_ms': None}]
  [00:05:05] BOY: S=1789776300 klip=5.0 kol=A
  [00:05:06] pencere: sym=btc S=1789776300 kol=A tokens=[0, 1] emir=12 kabul=[7, 5] fiyatlar=[(0, 0.4, 0.4, 0.4), (0, 0.3, 0.3, 0.3), (0, 0.22, 0.22, 0.22), (0, 0.15, 0.15, 0.15), (0, 0.1, 0.1, 0.1), (0, 0.06, 0.06, 0.06), (0, 0.03, 0.03, 0.03), (1, 0.22, 0.22, 0.22), (1, 0.15, 0.15, 0.15), (1, 0.1, 0.1, 0.1), (1, 0.06, 0.06, 0.06), (1, 0.03, 0.03, 0.03)]
  [00:06:52] dolum: sym=btc S=1789776300 oi=1 p=0.22 ofset=0.22 yeni=5.0 toplam=5.0 kaynak=yoklama gecen_sn=112.1
  [00:06:53] dolum: sym=btc S=1789776300 oi=1 p=0.15 ofset=0.15 yeni=5.0 toplam=5.0 kaynak=yoklama gecen_sn=113.9
  [00:06:53] dolum: sym=btc S=1789776300 oi=1 p=0.1 ofset=0.1 yeni=5.0 toplam=5.0 kaynak=yoklama gecen_sn=114.0
  [00:06:54] DENGE_SINIRI: sym=btc S=1789776300 agir=Down up=0.0 down=15.0 iptal=5 kalan_hafif=7
  [00:08:21] GEC_UCUZ_KESILDI: sym=btc S=1789776300 iptal=5 fiyatlar=[0.03, 0.06, 0.1, 0.15, 0.22] kalan_acik=2
  [00:08:35] maruziyet: acik_pozisyon=0 pazar=0 dis_risk=0.0
  [00:08:42] mutabakat: pnl=-17.61 yerel=-12.01 etkin=-17.61 pencere=56 risk=2.35 emir=764 dolum=56 pay=1515.3 geri_cekilen=1 red=17
  [00:09:41] dolum: sym=btc S=1789776300 oi=0 p=0.4 ofset=0.4 yeni=5.0 toplam=5.0 kaynak=yoklama gecen_sn=281.7
  [00:09:43] dolum: sym=btc S=1789776300 oi=0 p=0.3 ofset=0.3 yeni=4.993 toplam=4.993 kaynak=yoklama gecen_sn=283.3
  [00:10:06] BOY: S=1789776600 klip=5.0 kol=A
  [00:10:06] pencere: sym=btc S=1789776600 kol=A tokens=[0, 1] emir=13 kabul=[7, 6] fiyatlar=[(0, 0.4, 0.4, 0.4), (0, 0.3, 0.3, 0.3), (0, 0.22, 0.22, 0.22), (0, 0.15, 0.15, 0.15), (0, 0.1, 0.1, 0.1), (0, 0.06, 0.06, 0.06), (0, 0.03, 0.03, 0.03), (1, 0.3, 0.3, 0.3), (1, 0.22, 0.22, 0.22), (1, 0.15, 0.15, 0.15), (1, 0.1, 0.1, 0.1), (1, 0.06, 0.06, 0.06), (1, 0.03, 0.03, 0.03)]
  [00:10:11] dolum: sym=btc S=1789776600 oi=1 p=0.3 ofset=0.3 yeni=4.997 toplam=4.997 kaynak=yoklama gecen_sn=11.9
  [00:10:18] dolum: sym=btc S=1789776600 oi=1 p=0.22 ofset=0.22 yeni=5.0 toplam=5.0 kaynak=yoklama gecen_sn=18.1
  [00:10:19] DENGE_SINIRI: sym=btc S=1789776600 agir=Down up=0.0 down=10.0 iptal=6 kalan_hafif=7
  [00:11:21] COZULDU: sym=btc S=1789776000 kol=A kazanan=1 pay=30.0 maliyet=7.95 pnl=2.05 geri_cekildi=None emirler=[{'oi': 0, 'p': 0.4, 'ofs': 0.4, 'hedef_ofs': 0.4, 'bb': 0.6, 'pay': 5.0, 'durum': 'kapali', 'gecikme_ms': 116556}, {'oi': 0, 'p': 0.3, 'ofs': 0.3, 'hedef_ofs': 0.3, 'bb': 0.6, 'pay': 5.0, 'durum': 'kapali', 'gecikme_ms': 139379}, {'oi': 0, 'p': 0.22, 'ofs': 0.22, 'hedef_ofs': 0.22, 'bb': 0.6, 'pay': 5.0, 'durum': 'kapali', 'gecikme_ms': 161849}, {'oi': 0, 'p': 0.15, 'ofs': 0.15, 'hedef_ofs': 0.15, 'bb': 0.6, 'pay': 5.0, 'durum': 'kapali', 'gecikme_ms': 171193}, {'oi': 0, 'p': 0.1, 'ofs': 0.1, 'hedef_ofs': 0.1, 'bb': 0.6, 'pay': 0.0, 'durum': 'kapali', 'gecikme_ms': None}, {'oi': 0, 'p': 0.06, 'ofs': 0.06, 'hedef_ofs': 0.06, 'bb': 0.6, 'pay': 0.0, 'durum': 'kapali', 'gecikme_ms': None}, {'oi': 0, 'p': 0.03, 'ofs': 0.03, 'hedef_ofs': 0.03, 'bb': 0.6, 'pay': 0.0, 'durum': 'kapali', 'gecikme_ms': None}, {'oi': 1, 'p': 0.3, 'ofs': 0.3, 'hedef_ofs': 0.3, 'bb': 0.39, 'pay': 5.0, 'durum': 'kapali', 'gecikme_ms': 40260}, {'oi': 1, 'p': 0.22, 'ofs': 0.22, 'hedef_ofs': 0.22, 'bb': 0.39, 'pay': 5.0, 'durum': 'kapali', 'gecikme_ms': 40348}, {'oi': 1, 'p': 0.15, 'ofs': 0.15, 'hedef_ofs': 0.15, 'bb': 0.39, 'pay': 0.0, 'durum': 'kapali', 'gecikme_ms': None}, {'oi': 1, 'p': 0.1, 'ofs': 0.1, 'hedef_ofs': 0.1, 'bb': 0.39, 'pay': 0.0, 'durum': 'kapali', 'gecikme_ms': None}, {'oi': 1, 'p': 0.06, 'ofs': 0.06, 'hedef_ofs': 0.06, 'bb': 0.39, 'pay': 0.0, 'durum': 'kapali', 'gecikme_ms': None}, {'oi': 1, 'p': 0.03, 'ofs': 0.03, 'hedef_ofs': 0.03, 'bb': 0.39, 'pay': 0.0, 'durum': 'kapali', 'gecikme_ms': None}]
  [00:12:56] maruziyet: acik_pozisyon=0 pazar=0 dis_risk=0.0
  [00:13:01] mutabakat: pnl=-15.56 yerel=-9.96 etkin=-15.56 pencere=57 risk=2.6 emir=777 dolum=57 pay=1545.3 geri_cekilen=1 red=17
  [00:13:21] GEC_UCUZ_KESILDI: sym=btc S=1789776600 iptal=5 fiyatlar=[0.03, 0.06, 0.1, 0.15, 0.22] kalan_acik=2
  [00:15:06] BOY: S=1789776900 klip=5.0 kol=A
  [00:15:06] pencere: sym=btc S=1789776900 kol=A tokens=[0, 1] emir=13 kabul=[7, 6] fiyatlar=[(0, 0.4, 0.4, 0.4), (0, 0.3, 0.3, 0.3), (0, 0.22, 0.22, 0.22), (0, 0.15, 0.15, 0.15), (0, 0.1, 0.1, 0.1), (0, 0.06, 0.06, 0.06), (0, 0.03, 0.03, 0.03), (1, 0.3, 0.3, 0.3), (1, 0.22, 0.22, 0.22), (1, 0.15, 0.15, 0.15), (1, 0.1, 0.1, 0.1), (1, 0.06, 0.06, 0.06), (1, 0.03, 0.03, 0.03)]
  [00:16:08] dolum: sym=btc S=1789776900 oi=1 p=0.3 ofset=0.3 yeni=5.0 toplam=5.0 kaynak=yoklama gecen_sn=68.7
  [00:16:08] dolum: sym=btc S=1789776900 oi=1 p=0.22 ofset=0.22 yeni=5.0 toplam=5.0 kaynak=yoklama gecen_sn=68.8
  [00:16:09] DENGE_SINIRI: sym=btc S=1789776900 agir=Down up=0.0 down=10.0 iptal=6 kalan_hafif=7
  [00:16:23] COZULDU: sym=btc S=1789776300 kol=A kazanan=0 pay=24.99 maliyet=5.85 pnl=4.15 geri_cekildi=None emirler=[{'oi': 0, 'p': 0.4, 'ofs': 0.4, 'hedef_ofs': 0.4, 'bb': 0.68, 'pay': 5.0, 'durum': 'kapali', 'gecikme_ms': 275338}, {'oi': 0, 'p': 0.3, 'ofs': 0.3, 'hedef_ofs': 0.3, 'bb': 0.68, 'pay': 4.99, 'durum': 'kapali', 'gecikme_ms': 276943}, {'oi': 0, 'p': 0.22, 'ofs': 0.22, 'hedef_ofs': 0.22, 'bb': 0.68, 'pay': 0.0, 'durum': 'kapali', 'gecikme_ms': None}, {'oi': 0, 'p': 0.15, 'ofs': 0.15, 'hedef_ofs': 0.15, 'bb': 0.68, 'pay': 0.0, 'durum': 'kapali', 'gecikme_ms': None}, {'oi': 0, 'p': 0.1, 'ofs': 0.1, 'hedef_ofs': 0.1, 'bb': 0.68, 'pay': 0.0, 'durum': 'kapali', 'gecikme_ms': None}, {'oi': 0, 'p': 0.06, 'ofs': 0.06, 'hedef_ofs': 0.06, 'bb': 0.68, 'pay': 0.0, 'durum': 'kapali', 'gecikme_ms': None}, {'oi': 0, 'p': 0.03, 'ofs': 0.03, 'hedef_ofs': 0.03, 'bb': 0.68, 'pay': 0.0, 'durum': 'kapali', 'gecikme_ms': None}, {'oi': 1, 'p': 0.22, 'ofs': 0.22, 'hedef_ofs': 0.22, 'bb': 0.31, 'pay': 5.0, 'durum': 'kapali', 'gecikme_ms': 105748}, {'oi': 1, 'p': 0.15, 'ofs': 0.15, 'hedef_ofs': 0.15, 'bb': 0.31, 'pay': 5.0, 'durum': 'kapali', 'gecikme_ms': 107498}, {'oi': 1, 'p': 0.1, 'ofs': 0.1, 'hedef_ofs': 0.1, 'bb': 0.31, 'pay': 5.0, 'durum': 'kapali', 'gecikme_ms': 107583}, {'oi': 1, 'p': 0.06, 'ofs': 0.06, 'hedef_ofs': 0.06, 'bb': 0.31, 'pay': 0.0, 'durum': 'kapali', 'gecikme_ms': None}, {'oi': 1, 'p': 0.03, 'ofs': 0.03, 'hedef_ofs': 0.03, 'bb': 0.31, 'pay': 0.0, 'durum': 'kapali', 'gecikme_ms': None}]
  [00:17:16] maruziyet: acik_pozisyon=0 pazar=0 dis_risk=0.0
  [00:17:22] mutabakat: pnl=-11.41 yerel=-5.81 etkin=-11.41 pencere=58 risk=5.2 emir=790 dolum=58 pay=1570.3 geri_cekilen=1 red=17
  [00:18:21] GEC_UCUZ_KESILDI: sym=btc S=1789776900 iptal=5 fiyatlar=[0.03, 0.06, 0.1, 0.15, 0.22] kalan_acik=2
  [00:20:05] BOY: S=1789777200 klip=5.0 kol=A
  [00:20:06] pencere: sym=btc S=1789777200 kol=A tokens=[0, 1] emir=13 kabul=[7, 6] fiyatlar=[(0, 0.4, 0.4, 0.4), (0, 0.3, 0.3, 0.3), (0, 0.22, 0.22, 0.22), (0, 0.15, 0.15, 0.15), (0, 0.1, 0.1, 0.1), (0, 0.06, 0.06, 0.06), (0, 0.03, 0.03, 0.03), (1, 0.3, 0.3, 0.3), (1, 0.22, 0.22, 0.22), (1, 0.15, 0.15, 0.15), (1, 0.1, 0.1, 0.1), (1, 0.06, 0.06, 0.06), (1, 0.03, 0.03, 0.03)]
  [00:20:18] dolum: sym=btc S=1789777200 oi=1 p=0.3 ofset=0.3 yeni=5.0 toplam=5.0 kaynak=yoklama gecen_sn=18.2
  [00:20:44] dolum: sym=btc S=1789777200 oi=0 p=0.4 ofset=0.4 yeni=5.0 toplam=5.0 kaynak=yoklama gecen_sn=45.0
  [00:20:59] dolum: sym=btc S=1789777200 oi=0 p=0.3 ofset=0.3 yeni=5.0 toplam=5.0 kaynak=yoklama gecen_sn=59.4
  [00:21:36] maruziyet: acik_pozisyon=0 pazar=0 dis_risk=0.0
  [00:21:42] mutabakat: pnl=-11.41 yerel=-5.81 etkin=-11.41 pencere=58 risk=8.0 emir=803 dolum=58 pay=1570.3 geri_cekilen=1 red=17
  [00:21:50] COZULDU: sym=btc S=1789776600 kol=A kazanan=0 pay=10.0 maliyet=2.6 pnl=-2.6 geri_cekildi=None emirler=[{'oi': 0, 'p': 0.4, 'ofs': 0.4, 'hedef_ofs': 0.4, 'bb': 0.53, 'pay': 0.0, 'durum': 'kapali', 'gecikme_ms': None}, {'oi': 0, 'p': 0.3, 'ofs': 0.3, 'hedef_ofs': 0.3, 'bb': 0.53, 'pay': 0.0, 'durum': 'kapali', 'gecikme_ms': None}, {'oi': 0, 'p': 0.22, 'ofs': 0.22, 'hedef_ofs': 0.22, 'bb': 0.53, 'pay': 0.0, 'durum': 'kapali', 'gecikme_ms': None}, {'oi': 0, 'p': 0.15, 'ofs': 0.15, 'hedef_ofs': 0.15, 'bb': 0.53, 'pay': 0.0, 'durum': 'kapali', 'gecikme_ms': None}, {'oi': 0, 'p': 0.1, 'ofs': 0.1, 'hedef_ofs': 0.1, 'bb': 0.53, 'pay': 0.0, 'durum': 'kapali', 'gecikme_ms': None}, {'oi': 0, 'p': 0.06, 'ofs': 0.06, 'hedef_ofs': 0.06, 'bb': 0.53, 'pay': 0.0, 'durum': 'kapali', 'gecikme_ms': None}, {'oi': 0, 'p': 0.03, 'ofs': 0.03, 'hedef_ofs': 0.03, 'bb': 0.53, 'pay': 0.0, 'durum': 'kapali', 'gecikme_ms': None}, {'oi': 1, 'p': 0.3, 'ofs': 0.3, 'hedef_ofs': 0.3, 'bb': 0.46, 'pay': 5.0, 'durum': 'kapali', 'gecikme_ms': 5068}, {'oi': 1, 'p': 0.22, 'ofs': 0.22, 'hedef_ofs': 0.22, 'bb': 0.46, 'pay': 5.0, 'durum': 'kapali', 'gecikme_ms': 11278}, {'oi': 1, 'p': 0.15, 'ofs': 0.15, 'hedef_ofs': 0.15, 'bb': 0.46, 'pay': 0.0, 'durum': 'kapali', 'gecikme_ms': None}, {'oi': 1, 'p': 0.1, 'ofs': 0.1, 'hedef_ofs': 0.1, 'bb': 0.46, 'pay': 0.0, 'durum': 'kapali', 'gecikme_ms': None}, {'oi': 1, 'p': 0.06, 'ofs': 0.06, 'hedef_ofs': 0.06, 'bb': 0.46, 'pay': 0.0, 'durum': 'kapali', 'gecikme_ms': None}, {'oi': 1, 'p': 0.03, 'ofs': 0.03, 'hedef_ofs': 0.03, 'bb': 0.46, 'pay': 0.0, 'durum': 'kapali', 'gecikme_ms': None}]
  [00:23:02] DENGE_SINIRI: sym=btc S=1789777200 agir=Up up=10.0 down=5.0 iptal=7 kalan_hafif=6
  [00:23:20] GEC_UCUZ_KESILDI: sym=btc S=1789777200 iptal=5 fiyatlar=[0.03, 0.06, 0.1, 0.15, 0.22] kalan_acik=1
  [00:25:06] BOY: S=1789777500 klip=5.0 kol=A
  [00:25:06] pencere: sym=btc S=1789777500 kol=A tokens=[0, 1] emir=13 kabul=[6, 7] fiyatlar=[(0, 0.3, 0.3, 0.3), (0, 0.22, 0.22, 0.22), (0, 0.15, 0.15, 0.15), (0, 0.1, 0.1, 0.1), (0, 0.06, 0.06, 0.06), (0, 0.03, 0.03, 0.03), (1, 0.4, 0.4, 0.4), (1, 0.3, 0.3, 0.3), (1, 0.22, 0.22, 0.22), (1, 0.15, 0.15, 0.15), (1, 0.1, 0.1, 0.1), (1, 0.06, 0.06, 0.06), (1, 0.03, 0.03, 0.03)]
  [00:25:56] maruziyet: acik_pozisyon=0 pazar=0 dis_risk=0.0
  [00:26:02] mutabakat: pnl=-14.01 yerel=-8.41 etkin=-14.01 pencere=59 risk=8.9 emir=816 dolum=59 pay=1580.3 geri_cekilen=1 red=17
  [00:26:15] dolum: sym=btc S=1789777500 oi=1 p=0.4 ofset=0.4 yeni=5.0 toplam=5.0 kaynak=yoklama gecen_sn=75.4
  [00:26:22] dolum: sym=btc S=1789777500 oi=1 p=0.3 ofset=0.3 yeni=5.0 toplam=5.0 kaynak=yoklama gecen_sn=82.9
  [00:26:24] DENGE_SINIRI: sym=btc S=1789777500 agir=Down up=0.0 down=10.0 iptal=7 kalan_hafif=6
  [00:26:50] COZULDU: sym=btc S=1789776900 kol=A kazanan=0 pay=10.0 maliyet=2.6 pnl=-2.6 geri_cekildi=None emirler=[{'oi': 0, 'p': 0.4, 'ofs': 0.4, 'hedef_ofs': 0.4, 'bb': 0.59, 'pay': 0.0, 'durum': 'kapali', 'gecikme_ms': None}, {'oi': 0, 'p': 0.3, 'ofs': 0.3, 'hedef_ofs': 0.3, 'bb': 0.59, 'pay': 0.0, 'durum': 'kapali', 'gecikme_ms': None}, {'oi': 0, 'p': 0.22, 'ofs': 0.22, 'hedef_ofs': 0.22, 'bb': 0.59, 'pay': 0.0, 'durum': 'kapali', 'gecikme_ms': None}, {'oi': 0, 'p': 0.15, 'ofs': 0.15, 'hedef_ofs': 0.15, 'bb': 0.59, 'pay': 0.0, 'durum': 'kapali', 'gecikme_ms': None}, {'oi': 0, 'p': 0.1, 'ofs': 0.1, 'hedef_ofs': 0.1, 'bb': 0.59, 'pay': 0.0, 'durum': 'kapali', 'gecikme_ms': None}, {'oi': 0, 'p': 0.06, 'ofs': 0.06, 'hedef_ofs': 0.06, 'bb': 0.59, 'pay': 0.0, 'durum': 'kapali', 'gecikme_ms': None}, {'oi': 0, 'p': 0.03, 'ofs': 0.03, 'hedef_ofs': 0.03, 'bb': 0.59, 'pay': 0.0, 'durum': 'kapali', 'gecikme_ms': None}, {'oi': 1, 'p': 0.3, 'ofs': 0.3, 'hedef_ofs': 0.3, 'bb': 0.4, 'pay': 5.0, 'durum': 'kapali', 'gecikme_ms': 62041}, {'oi': 1, 'p': 0.22, 'ofs': 0.22, 'hedef_ofs': 0.22, 'bb': 0.4, 'pay': 5.0, 'durum': 'kapali', 'gecikme_ms': 62128}, {'oi': 1, 'p': 0.15, 'ofs': 0.15, 'hedef_ofs': 0.15, 'bb': 0.4, 'pay': 0.0, 'durum': 'kapali', 'gecikme_ms': None}, {'oi': 1, 'p': 0.1, 'ofs': 0.1, 'hedef_ofs': 0.1, 'bb': 0.4, 'pay': 0.0, 'durum': 'kapali', 'gecikme_ms': None}, {'oi': 1, 'p': 0.06, 'ofs': 0.06, 'hedef_ofs': 0.06, 'bb': 0.4, 'pay': 0.0, 'durum': 'kapali', 'gecikme_ms': None}, {'oi': 1, 'p': 0.03, 'ofs': 0.03, 'hedef_ofs': 0.03, 'bb': 0.4, 'pay': 0.0, 'durum': 'kapali', 'gecikme_ms': None}]
  [00:28:21] GEC_UCUZ_KESILDI: sym=btc S=1789777500 iptal=5 fiyatlar=[0.03, 0.06, 0.1, 0.15, 0.22] kalan_acik=1
  [00:30:05] BOY: S=1789777800 klip=5.0 kol=A
  [00:30:07] pencere: sym=btc S=1789777800 kol=A tokens=[0, 1] emir=13 kabul=[7, 6] fiyatlar=[(0, 0.4, 0.4, 0.4), (0, 0.3, 0.3, 0.3), (0, 0.22, 0.22, 0.22), (0, 0.15, 0.15, 0.15), (0, 0.1, 0.1, 0.1), (0, 0.06, 0.06, 0.06), (0, 0.03, 0.03, 0.03), (1, 0.3, 0.3, 0.3), (1, 0.22, 0.22, 0.22), (1, 0.15, 0.15, 0.15), (1, 0.1, 0.1, 0.1), (1, 0.06, 0.06, 0.06), (1, 0.03, 0.03, 0.03)]
  [00:30:17] dolum: sym=btc S=1789777800 oi=1 p=0.3 ofset=0.3 yeni=5.0 toplam=5.0 kaynak=yoklama gecen_sn=17.1
  [00:30:18] maruziyet: acik_pozisyon=0 pazar=0 dis_risk=0.0
  [00:30:24] mutabakat: pnl=-16.61 yerel=-11.01 etkin=-16.61 pencere=60 risk=7.8 emir=829 dolum=60 pay=1590.3 geri_cekilen=1 red=17
  [00:30:55] dolum: sym=btc S=1789777800 oi=1 p=0.22 ofset=0.22 yeni=5.0 toplam=5.0 kaynak=yoklama gecen_sn=55.2
  [00:30:56] DENGE_SINIRI: sym=btc S=1789777800 agir=Down up=0.0 down=10.0 iptal=6 kalan_hafif=7
  [00:31:33] COZULDU: sym=btc S=1789777200 kol=A kazanan=0 pay=15.0 maliyet=5.0 pnl=5.0 geri_cekildi=None emirler=[{'oi': 0, 'p': 0.4, 'ofs': 0.4, 'hedef_ofs': 0.4, 'bb': 0.58, 'pay': 5.0, 'durum': 'kapali', 'gecikme_ms': 38436}, {'oi': 0, 'p': 0.3, 'ofs': 0.3, 'hedef_ofs': 0.3, 'bb': 0.58, 'pay': 5.0, 'durum': 'kapali', 'gecikme_ms': 52908}, {'oi': 0, 'p': 0.22, 'ofs': 0.22, 'hedef_ofs': 0.22, 'bb': 0.58, 'pay': 0.0, 'durum': 'kapali', 'gecikme_ms': None}, {'oi': 0, 'p': 0.15, 'ofs': 0.15, 'hedef_ofs': 0.15, 'bb': 0.58, 'pay': 0.0, 'durum': 'kapali', 'gecikme_ms': None}, {'oi': 0, 'p': 0.1, 'ofs': 0.1, 'hedef_ofs': 0.1, 'bb': 0.58, 'pay': 0.0, 'durum': 'kapali', 'gecikme_ms': None}, {'oi': 0, 'p': 0.06, 'ofs': 0.06, 'hedef_ofs': 0.06, 'bb': 0.58, 'pay': 0.0, 'durum': 'kapali', 'gecikme_ms': None}, {'oi': 0, 'p': 0.03, 'ofs': 0.03, 'hedef_ofs': 0.03, 'bb': 0.58, 'pay': 0.0, 'durum': 'kapali', 'gecikme_ms': None}, {'oi': 1, 'p': 0.3, 'ofs': 0.3, 'hedef_ofs': 0.3, 'bb': 0.41, 'pay': 5.0, 'durum': 'kapali', 'gecikme_ms': 11662}, {'oi': 1, 'p': 0.22, 'ofs': 0.22, 'hedef_ofs': 0.22, 'bb': 0.41, 'pay': 0.0, 'durum': 'kapali', 'gecikme_ms': None}, {'oi': 1, 'p': 0.15, 'ofs': 0.15, 'hedef_ofs': 0.15, 'bb': 0.41, 'pay': 0.0, 'durum': 'kapali', 'gecikme_ms': None}, {'oi': 1, 'p': 0.1, 'ofs': 0.1, 'hedef_ofs': 0.1, 'bb': 0.41, 'pay': 0.0, 'durum': 'kapali', 'gecikme_ms': None}, {'oi': 1, 'p': 0.06, 'ofs': 0.06, 'hedef_ofs': 0.06, 'bb': 0.41, 'pay': 0.0, 'durum': 'kapali', 'gecikme_ms': None}, {'oi': 1, 'p': 0.03, 'ofs': 0.03, 'hedef_ofs': 0.03, 'bb': 0.41, 'pay': 0.0, 'durum': 'kapali', 'gecikme_ms': None}]
  [00:33:22] GEC_UCUZ_KESILDI: sym=btc S=1789777800 iptal=5 fiyatlar=[0.03, 0.06, 0.1, 0.15, 0.22] kalan_acik=2
  [00:34:38] maruziyet: acik_pozisyon=0 pazar=0 dis_risk=0.0
  [00:34:44] mutabakat: pnl=-11.61 yerel=-6.01 etkin=-11.61 pencere=61 risk=6.1 emir=829 dolum=61 pay=1605.3 geri_cekilen=1 red=17
  [00:35:06] BOY: S=1789778100 klip=5.0 kol=A
  [00:35:06] pencere: sym=btc S=1789778100 kol=A tokens=[0, 1] emir=13 kabul=[7, 6] fiyatlar=[(0, 0.4, 0.4, 0.4), (0, 0.3, 0.3, 0.3), (0, 0.22, 0.22, 0.22), (0, 0.15, 0.15, 0.15), (0, 0.1, 0.1, 0.1), (0, 0.06, 0.06, 0.06), (0, 0.03, 0.03, 0.03), (1, 0.3, 0.3, 0.3), (1, 0.22, 0.22, 0.22), (1, 0.15, 0.15, 0.15), (1, 0.1, 0.1, 0.1), (1, 0.06, 0.06, 0.06), (1, 0.03, 0.03, 0.03)]
  [00:35:16] dolum: sym=btc S=1789778100 oi=1 p=0.3 ofset=0.3 yeni=4.999 toplam=4.999 kaynak=yoklama gecen_sn=16.2
  [00:36:29] COZULDU: sym=btc S=1789777500 kol=A kazanan=0 pay=10.0 maliyet=3.5 pnl=-3.5 geri_cekildi=None emirler=[{'oi': 0, 'p': 0.3, 'ofs': 0.3, 'hedef_ofs': 0.3, 'bb': 0.4, 'pay': 0.0, 'durum': 'kapali', 'gecikme_ms': None}, {'oi': 0, 'p': 0.22, 'ofs': 0.22, 'hedef_ofs': 0.22, 'bb': 0.4, 'pay': 0.0, 'durum': 'kapali', 'gecikme_ms': None}, {'oi': 0, 'p': 0.15, 'ofs': 0.15, 'hedef_ofs': 0.15, 'bb': 0.4, 'pay': 0.0, 'durum': 'kapali', 'gecikme_ms': None}, {'oi': 0, 'p': 0.1, 'ofs': 0.1, 'hedef_ofs': 0.1, 'bb': 0.4, 'pay': 0.0, 'durum': 'kapali', 'gecikme_ms': None}, {'oi': 0, 'p': 0.06, 'ofs': 0.06, 'hedef_ofs': 0.06, 'bb': 0.4, 'pay': 0.0, 'durum': 'kapali', 'gecikme_ms': None}, {'oi': 0, 'p': 0.03, 'ofs': 0.03, 'hedef_ofs': 0.03, 'bb': 0.4, 'pay': 0.0, 'durum': 'kapali', 'gecikme_ms': None}, {'oi': 1, 'p': 0.4, 'ofs': 0.4, 'hedef_ofs': 0.4, 'bb': 0.59, 'pay': 5.0, 'durum': 'kapali', 'gecikme_ms': 68772}, {'oi': 1, 'p': 0.3, 'ofs': 0.3, 'hedef_ofs': 0.3, 'bb': 0.59, 'pay': 5.0, 'durum': 'kapali', 'gecikme_ms': 76214}, {'oi': 1, 'p': 0.22, 'ofs': 0.22, 'hedef_ofs': 0.22, 'bb': 0.59, 'pay': 0.0, 'durum': 'kapali', 'gecikme_ms': None}, {'oi': 1, 'p': 0.15, 'ofs': 0.15, 'hedef_ofs': 0.15, 'bb': 0.59, 'pay': 0.0, 'durum': 'kapali', 'gecikme_ms': None}, {'oi': 1, 'p': 0.1, 'ofs': 0.1, 'hedef_ofs': 0.1, 'bb': 0.59, 'pay': 0.0, 'durum': 'kapali', 'gecikme_ms': None}, {'oi': 1, 'p': 0.06, 'ofs': 0.06, 'hedef_ofs': 0.06, 'bb': 0.59, 'pay': 0.0, 'durum': 'kapali', 'gecikme_ms': None}, {'oi': 1, 'p': 0.03, 'ofs': 0.03, 'hedef_ofs': 0.03, 'bb': 0.59, 'pay': 0.0, 'durum': 'kapali', 'gecikme_ms': None}]
  [00:38:02] DENGE_SINIRI: sym=btc S=1789778100 agir=Down up=0.0 down=5.0 iptal=6 kalan_hafif=7
  [00:38:20] GEC_UCUZ_KESILDI: sym=btc S=1789778100 iptal=5 fiyatlar=[0.03, 0.06, 0.1, 0.15, 0.22] kalan_acik=2
  [00:38:58] maruziyet: acik_pozisyon=0 pazar=0 dis_risk=0.0
  [00:39:04] mutabakat: pnl=-15.11 yerel=-9.51 etkin=-15.11 pencere=62 risk=4.1 emir=842 dolum=62 pay=1615.3 geri_cekilen=1 red=17
  [00:40:05] BOY: S=1789778400 klip=5.0 kol=A
  [00:40:06] pencere: sym=btc S=1789778400 kol=A tokens=[0, 1] emir=13 kabul=[7, 6] fiyatlar=[(0, 0.4, 0.4, 0.4), (0, 0.3, 0.3, 0.3), (0, 0.22, 0.22, 0.22), (0, 0.15, 0.15, 0.15), (0, 0.1, 0.1, 0.1), (0, 0.06, 0.06, 0.06), (0, 0.03, 0.03, 0.03), (1, 0.3, 0.3, 0.3), (1, 0.22, 0.22, 0.22), (1, 0.15, 0.15, 0.15), (1, 0.1, 0.1, 0.1), (1, 0.06, 0.06, 0.06), (1, 0.03, 0.03, 0.03)]
  [00:41:09] dolum: sym=btc S=1789778400 oi=0 p=0.4 ofset=0.4 yeni=5.0 toplam=5.0 kaynak=yoklama gecen_sn=69.1
  [00:41:39] COZULDU: sym=btc S=1789777800 kol=A kazanan=0 pay=10.0 maliyet=2.6 pnl=-2.6 geri_cekildi=None emirler=[{'oi': 0, 'p': 0.4, 'ofs': 0.4, 'hedef_ofs': 0.4, 'bb': 0.59, 'pay': 0.0, 'durum': 'kapali', 'gecikme_ms': None}, {'oi': 0, 'p': 0.3, 'ofs': 0.3, 'hedef_ofs': 0.3, 'bb': 0.59, 'pay': 0.0, 'durum': 'kapali', 'gecikme_ms': None}, {'oi': 0, 'p': 0.22, 'ofs': 0.22, 'hedef_ofs': 0.22, 'bb': 0.59, 'pay': 0.0, 'durum': 'kapali', 'gecikme_ms': None}, {'oi': 0, 'p': 0.15, 'ofs': 0.15, 'hedef_ofs': 0.15, 'bb': 0.59, 'pay': 0.0, 'durum': 'kapali', 'gecikme_ms': None}, {'oi': 0, 'p': 0.1, 'ofs': 0.1, 'hedef_ofs': 0.1, 'bb': 0.59, 'pay': 0.0, 'durum': 'kapali', 'gecikme_ms': None}, {'oi': 0, 'p': 0.06, 'ofs': 0.06, 'hedef_ofs': 0.06, 'bb': 0.59, 'pay': 0.0, 'durum': 'kapali', 'gecikme_ms': None}, {'oi': 0, 'p': 0.03, 'ofs': 0.03, 'hedef_ofs': 0.03, 'bb': 0.59, 'pay': 0.0, 'durum': 'kapali', 'gecikme_ms': None}, {'oi': 1, 'p': 0.3, 'ofs': 0.3, 'hedef_ofs': 0.3, 'bb': 0.4, 'pay': 5.0, 'durum': 'kapali', 'gecikme_ms': 9167}, {'oi': 1, 'p': 0.22, 'ofs': 0.22, 'hedef_ofs': 0.22, 'bb': 0.4, 'pay': 5.0, 'durum': 'kapali', 'gecikme_ms': 47296}, {'oi': 1, 'p': 0.15, 'ofs': 0.15, 'hedef_ofs': 0.15, 'bb': 0.4, 'pay': 0.0, 'durum': 'kapali', 'gecikme_ms': None}, {'oi': 1, 'p': 0.1, 'ofs': 0.1, 'hedef_ofs': 0.1, 'bb': 0.4, 'pay': 0.0, 'durum': 'kapali', 'gecikme_ms': None}, {'oi': 1, 'p': 0.06, 'ofs': 0.06, 'hedef_ofs': 0.06, 'bb': 0.4, 'pay': 0.0, 'durum': 'kapali', 'gecikme_ms': None}, {'oi': 1, 'p': 0.03, 'ofs': 0.03, 'hedef_ofs': 0.03, 'bb': 0.4, 'pay': 0.0, 'durum': 'kapali', 'gecikme_ms': None}]
  [00:42:39] dolum: sym=btc S=1789778400 oi=1 p=0.3 ofset=0.3 yeni=5.0 toplam=5.0 kaynak=yoklama gecen_sn=159.9
  [00:43:19] maruziyet: acik_pozisyon=0 pazar=0 dis_risk=0.0
  [00:43:25] mutabakat: pnl=-17.71 yerel=-12.11 etkin=-17.71 pencere=63 risk=4.3 emir=855 dolum=63 pay=1625.3 geri_cekilen=1 red=17
  [00:43:26] dolum: sym=btc S=1789778400 oi=1 p=0.22 ofset=0.22 yeni=5.0 toplam=5.0 kaynak=yoklama gecen_sn=206.6
  [00:43:27] GEC_UCUZ_KESILDI: sym=btc S=1789778400 iptal=10 fiyatlar=[0.03, 0.06, 0.1, 0.15, 0.22] kalan_acik=3
  [00:43:28] DENGE_SINIRI: sym=btc S=1789778400 agir=Down up=5.0 down=10.0 iptal=1 kalan_hafif=2
  [00:45:05] BOY: S=1789778700 klip=5.0 kol=A
  [00:45:06] pencere: sym=btc S=1789778700 kol=A tokens=[0, 1] emir=13 kabul=[6, 7] fiyatlar=[(0, 0.3, 0.3, 0.3), (0, 0.22, 0.22, 0.22), (0, 0.15, 0.15, 0.15), (0, 0.1, 0.1, 0.1), (0, 0.06, 0.06, 0.06), (0, 0.03, 0.03, 0.03), (1, 0.4, 0.4, 0.4), (1, 0.3, 0.3, 0.3), (1, 0.22, 0.22, 0.22), (1, 0.15, 0.15, 0.15), (1, 0.1, 0.1, 0.1), (1, 0.06, 0.06, 0.06), (1, 0.03, 0.03, 0.03)]
  [00:45:23] dolum: sym=btc S=1789778700 oi=1 p=0.4 ofset=0.4 yeni=5.0 toplam=5.0 kaynak=yoklama gecen_sn=23.9
  [00:45:48] COZULDU: sym=btc S=1789778100 kol=A kazanan=0 pay=5.0 maliyet=1.5 pnl=-1.5 geri_cekildi=None emirler=[{'oi': 0, 'p': 0.4, 'ofs': 0.4, 'hedef_ofs': 0.4, 'bb': 0.6, 'pay': 0.0, 'durum': 'kapali', 'gecikme_ms': None}, {'oi': 0, 'p': 0.3, 'ofs': 0.3, 'hedef_ofs': 0.3, 'bb': 0.6, 'pay': 0.0, 'durum': 'kapali', 'gecikme_ms': None}, {'oi': 0, 'p': 0.22, 'ofs': 0.22, 'hedef_ofs': 0.22, 'bb': 0.6, 'pay': 0.0, 'durum': 'kapali', 'gecikme_ms': None}, {'oi': 0, 'p': 0.15, 'ofs': 0.15, 'hedef_ofs': 0.15, 'bb': 0.6, 'pay': 0.0, 'durum': 'kapali', 'gecikme_ms': None}, {'oi': 0, 'p': 0.1, 'ofs': 0.1, 'hedef_ofs': 0.1, 'bb': 0.6, 'pay': 0.0, 'durum': 'kapali', 'gecikme_ms': None}, {'oi': 0, 'p': 0.06, 'ofs': 0.06, 'hedef_ofs': 0.06, 'bb': 0.6, 'pay': 0.0, 'durum': 'kapali', 'gecikme_ms': None}, {'oi': 0, 'p': 0.03, 'ofs': 0.03, 'hedef_ofs': 0.03, 'bb': 0.6, 'pay': 0.0, 'durum': 'kapali', 'gecikme_ms': None}, {'oi': 1, 'p': 0.3, 'ofs': 0.3, 'hedef_ofs': 0.3, 'bb': 0.39, 'pay': 5.0, 'durum': 'kapali', 'gecikme_ms': 9425}, {'oi': 1, 'p': 0.22, 'ofs': 0.22, 'hedef_ofs': 0.22, 'bb': 0.39, 'pay': 0.0, 'durum': 'kapali', 'gecikme_ms': None}, {'oi': 1, 'p': 0.15, 'ofs': 0.15, 'hedef_ofs': 0.15, 'bb': 0.39, 'pay': 0.0, 'durum': 'kapali', 'gecikme_ms': None}, {'oi': 1, 'p': 0.1, 'ofs': 0.1, 'hedef_ofs': 0.1, 'bb': 0.39, 'pay': 0.0, 'durum': 'kapali', 'gecikme_ms': None}, {'oi': 1, 'p': 0.06, 'ofs': 0.06, 'hedef_ofs': 0.06, 'bb': 0.39, 'pay': 0.0, 'durum': 'kapali', 'gecikme_ms': None}, {'oi': 1, 'p': 0.03, 'ofs': 0.03, 'hedef_ofs': 0.03, 'bb': 0.39, 'pay': 0.0, 'durum': 'kapali', 'gecikme_ms': None}]
  [00:46:13] dolum: sym=btc S=1789778700 oi=1 p=0.3 ofset=0.3 yeni=5.0 toplam=5.0 kaynak=yoklama gecen_sn=73.5
  [00:46:14] DENGE_SINIRI: sym=btc S=1789778700 agir=Down up=0.0 down=10.0 iptal=7 kalan_hafif=6
  [00:47:00] dolum: sym=btc S=1789778700 oi=0 p=0.3 ofset=0.3 yeni=4.993 toplam=4.993 kaynak=yoklama gecen_sn=120.5
  [00:47:00] dolum: sym=btc S=1789778700 oi=0 p=0.22 ofset=0.22 yeni=5.0 toplam=5.0 kaynak=yoklama gecen_sn=120.6
  [00:47:12] dolum: sym=btc S=1789778700 oi=0 p=0.15 ofset=0.15 yeni=5.0 toplam=5.0 kaynak=yoklama gecen_sn=132.2
  [00:47:20] dolum: sym=btc S=1789778700 oi=0 p=0.1 ofset=0.1 yeni=5.0 toplam=5.0 kaynak=yoklama gecen_sn=140.2
  [00:47:21] DENGE_SINIRI: sym=btc S=1789778700 agir=Up up=20.0 down=10.0 iptal=6 kalan_hafif=0
  [00:47:39] maruziyet: acik_pozisyon=0 pazar=0 dis_risk=0.0
  [00:47:45] mutabakat: pnl=-19.21 yerel=-13.61 etkin=-19.21 pencere=64 risk=0.0 emir=868 dolum=64 pay=1630.3 geri_cekilen=1 red=17
  [00:50:05] BOY: S=1789779000 klip=5.0 kol=A
  [00:50:07] emir_RED: sym=btc S=1789779000 oi=1 p=0.4 ofset=0.4 tur=0
  [00:50:07] emir_RED: sym=btc S=1789779000 oi=1 p=0.39 ofset=0.39 tur=1
  [00:50:07] pencere: sym=btc S=1789779000 kol=A tokens=[0, 1] emir=13 kabul=[7, 6] fiyatlar=[(0, 0.4, 0.4, 0.4), (0, 0.3, 0.3, 0.3), (0, 0.22, 0.22, 0.22), (0, 0.15, 0.15, 0.15), (0, 0.1, 0.1, 0.1), (0, 0.06, 0.06, 0.06), (0, 0.03, 0.03, 0.03), (1, 0.3, 0.3, 0.3), (1, 0.22, 0.22, 0.22), (1, 0.15, 0.15, 0.15), (1, 0.1, 0.1, 0.1), (1, 0.06, 0.06, 0.06), (1, 0.03, 0.03, 0.03)]
  [00:50:08] dolum: sym=btc S=1789779000 oi=1 p=0.3 ofset=0.3 yeni=5.0 toplam=5.0 kaynak=yoklama gecen_sn=8.4
  [00:50:33] dolum: sym=btc S=1789779000 oi=0 p=0.4 ofset=0.4 yeni=5.0 toplam=5.0 kaynak=yoklama gecen_sn=33.1
  [00:50:43] dolum: sym=btc S=1789779000 oi=0 p=0.3 ofset=0.3 yeni=5.0 toplam=5.0 kaynak=yoklama gecen_sn=43.2
  [00:50:48] dolum: sym=btc S=1789779000 oi=0 p=0.22 ofset=0.22 yeni=5.0 toplam=5.0 kaynak=yoklama gecen_sn=48.6
  [00:50:50] DENGE_SINIRI: sym=btc S=1789779000 agir=Up up=15.0 down=5.0 iptal=7 kalan_hafif=6
  [00:51:36] COZULDU: sym=btc S=1789778400 kol=A kazanan=0 pay=15.0 maliyet=4.6 pnl=0.4 geri_cekildi=None emirler=[{'oi': 0, 'p': 0.4, 'ofs': 0.4, 'hedef_ofs': 0.4, 'bb': 0.53, 'pay': 5.0, 'durum': 'kapali', 'gecikme_ms': 62763}, {'oi': 0, 'p': 0.3, 'ofs': 0.3, 'hedef_ofs': 0.3, 'bb': 0.53, 'pay': 0.0, 'durum': 'kapali', 'gecikme_ms': None}, {'oi': 0, 'p': 0.22, 'ofs': 0.22, 'hedef_ofs': 0.22, 'bb': 0.53, 'pay': 0.0, 'durum': 'kapali', 'gecikme_ms': None}, {'oi': 0, 'p': 0.15, 'ofs': 0.15, 'hedef_ofs': 0.15, 'bb': 0.53, 'pay': 0.0, 'durum': 'kapali', 'gecikme_ms': None}, {'oi': 0, 'p': 0.1, 'ofs': 0.1, 'hedef_ofs': 0.1, 'bb': 0.53, 'pay': 0.0, 'durum': 'kapali', 'gecikme_ms': None}, {'oi': 0, 'p': 0.06, 'ofs': 0.06, 'hedef_ofs': 0.06, 'bb': 0.53, 'pay': 0.0, 'durum': 'kapali', 'gecikme_ms': None}, {'oi': 0, 'p': 0.03, 'ofs': 0.03, 'hedef_ofs': 0.03, 'bb': 0.53, 'pay': 0.0, 'durum': 'kapali', 'gecikme_ms': None}, {'oi': 1, 'p': 0.3, 'ofs': 0.3, 'hedef_ofs': 0.3, 'bb': 0.46, 'pay': 5.0, 'durum': 'kapali', 'gecikme_ms': 153641}, {'oi': 1, 'p': 0.22, 'ofs': 0.22, 'hedef_ofs': 0.22, 'bb': 0.46, 'pay': 5.0, 'durum': 'kapali', 'gecikme_ms': 200258}, {'oi': 1, 'p': 0.15, 'ofs': 0.15, 'hedef_ofs': 0.15, 'bb': 0.46, 'pay': 0.0, 'durum': 'kapali', 'gecikme_ms': None}, {'oi': 1, 'p': 0.1, 'ofs': 0.1, 'hedef_ofs': 0.1, 'bb': 0.46, 'pay': 0.0, 'durum': 'kapali', 'gecikme_ms': None}, {'oi': 1, 'p': 0.06, 'ofs': 0.06, 'hedef_ofs': 0.06, 'bb': 0.46, 'pay': 0.0, 'durum': 'kapali', 'gecikme_ms': None}, {'oi': 1, 'p': 0.03, 'ofs': 0.03, 'hedef_ofs': 0.03, 'bb': 0.46, 'pay': 0.0, 'durum': 'kapali', 'gecikme_ms': None}]
  [00:51:45] dolum: sym=btc S=1789779000 oi=1 p=0.22 ofset=0.22 yeni=5.0 toplam=5.0 kaynak=yoklama gecen_sn=105.2
  [00:52:02] maruziyet: acik_pozisyon=0 pazar=0 dis_risk=0.0
  [00:52:07] mutabakat: pnl=-18.81 yerel=-13.21 etkin=-18.81 pencere=65 risk=0.0 emir=881 dolum=65 pay=1645.3 geri_cekilen=1 red=19
  [00:53:02] dolum: sym=btc S=1789779000 oi=1 p=0.15 ofset=0.15 yeni=5.0 toplam=5.0 kaynak=yoklama gecen_sn=182.0
  [00:53:05] dolum: sym=btc S=1789779000 oi=1 p=0.1 ofset=0.1 yeni=5.0 toplam=5.0 kaynak=yoklama gecen_sn=185.4
  [00:53:05] dolum: sym=btc S=1789779000 oi=1 p=0.06 ofset=0.06 yeni=5.0 toplam=5.0 kaynak=yoklama gecen_sn=185.5
  [00:53:05] dolum: sym=btc S=1789779000 oi=1 p=0.03 ofset=0.03 yeni=5.0 toplam=5.0 kaynak=yoklama gecen_sn=185.6
  [00:53:06] DENGE_SINIRI: sym=btc S=1789779000 agir=Down up=15.0 down=30.0 iptal=6 kalan_hafif=0
  [00:55:05] BOY: S=1789779300 klip=5.0 kol=A
  [00:55:06] pencere: sym=btc S=1789779300 kol=A tokens=[0, 1] emir=13 kabul=[6, 7] fiyatlar=[(0, 0.3, 0.3, 0.3), (0, 0.22, 0.22, 0.22), (0, 0.15, 0.15, 0.15), (0, 0.1, 0.1, 0.1), (0, 0.06, 0.06, 0.06), (0, 0.03, 0.03, 0.03), (1, 0.4, 0.4, 0.4), (1, 0.3, 0.3, 0.3), (1, 0.22, 0.22, 0.22), (1, 0.15, 0.15, 0.15), (1, 0.1, 0.1, 0.1), (1, 0.06, 0.06, 0.06), (1, 0.03, 0.03, 0.03)]
  [00:55:11] dolum: sym=btc S=1789779300 oi=1 p=0.4 ofset=0.4 yeni=5.0 toplam=5.0 kaynak=yoklama gecen_sn=11.0
  [00:55:23] dolum: sym=btc S=1789779300 oi=1 p=0.3 ofset=0.3 yeni=5.0 toplam=5.0 kaynak=yoklama gecen_sn=23.3
  [00:55:24] DENGE_SINIRI: sym=btc S=1789779300 agir=Down up=0.0 down=10.0 iptal=7 kalan_hafif=6
  [00:56:22] maruziyet: acik_pozisyon=0 pazar=0 dis_risk=0.0
  [00:56:28] mutabakat: pnl=-18.81 yerel=-13.21 etkin=-18.81 pencere=65 risk=3.5 emir=894 dolum=65 pay=1645.3 geri_cekilen=1 red=19
  [00:56:44] COZULDU: sym=btc S=1789778700 kol=A kazanan=1 pay=29.99 maliyet=7.35 pnl=2.65 geri_cekildi=None emirler=[{'oi': 0, 'p': 0.3, 'ofs': 0.3, 'hedef_ofs': 0.3, 'bb': 0.43, 'pay': 4.99, 'durum': 'kapali', 'gecikme_ms': 114065}, {'oi': 0, 'p': 0.22, 'ofs': 0.22, 'hedef_ofs': 0.22, 'bb': 0.43, 'pay': 5.0, 'durum': 'kapali', 'gecikme_ms': 114159}, {'oi': 0, 'p': 0.15, 'ofs': 0.15, 'hedef_ofs': 0.15, 'bb': 0.43, 'pay': 5.0, 'durum': 'kapali', 'gecikme_ms': 125775}, {'oi': 0, 'p': 0.1, 'ofs': 0.1, 'hedef_ofs': 0.1, 'bb': 0.43, 'pay': 5.0, 'durum': 'kapali', 'gecikme_ms': 133688}, {'oi': 0, 'p': 0.06, 'ofs': 0.06, 'hedef_ofs': 0.06, 'bb': 0.43, 'pay': 0.0, 'durum': 'kapali', 'gecikme_ms': None}, {'oi': 0, 'p': 0.03, 'ofs': 0.03, 'hedef_ofs': 0.03, 'bb': 0.43, 'pay': 0.0, 'durum': 'kapali', 'gecikme_ms': None}, {'oi': 1, 'p': 0.4, 'ofs': 0.4, 'hedef_ofs': 0.4, 'bb': 0.56, 'pay': 5.0, 'durum': 'kapali', 'gecikme_ms': 17396}, {'oi': 1, 'p': 0.3, 'ofs': 0.3, 'hedef_ofs': 0.3, 'bb': 0.56, 'pay': 5.0, 'durum': 'kapali', 'gecikme_ms': 67051}, {'oi': 1, 'p': 0.22, 'ofs': 0.22, 'hedef_ofs': 0.22, 'bb': 0.56, 'pay': 0.0, 'durum': 'kapali', 'gecikme_ms': None}, {'oi': 1, 'p': 0.15, 'ofs': 0.15, 'hedef_ofs': 0.15, 'bb': 0.56, 'pay': 0.0, 'durum': 'kapali', 'gecikme_ms': None}, {'oi': 1, 'p': 0.1, 'ofs': 0.1, 'hedef_ofs': 0.1, 'bb': 0.56, 'pay': 0.0, 'durum': 'kapali', 'gecikme_ms': None}, {'oi': 1, 'p': 0.06, 'ofs': 0.06, 'hedef_ofs': 0.06, 'bb': 0.56, 'pay': 0.0, 'durum': 'kapali', 'gecikme_ms': None}, {'oi': 1, 'p': 0.03, 'ofs': 0.03, 'hedef_ofs': 0.03, 'bb': 0.56, 'pay': 0.0, 'durum': 'kapali', 'gecikme_ms': None}]
  [00:58:21] GEC_UCUZ_KESILDI: sym=btc S=1789779300 iptal=5 fiyatlar=[0.03, 0.06, 0.1, 0.15, 0.22] kalan_acik=1
  [01:00:06] BOY: S=1789779600 klip=5.0 kol=A
  [01:00:07] pencere: sym=btc S=1789779600 kol=A tokens=[0, 1] emir=13 kabul=[6, 7] fiyatlar=[(0, 0.3, 0.3, 0.3), (0, 0.22, 0.22, 0.22), (0, 0.15, 0.15, 0.15), (0, 0.1, 0.1, 0.1), (0, 0.06, 0.06, 0.06), (0, 0.03, 0.03, 0.03), (1, 0.4, 0.4, 0.4), (1, 0.3, 0.3, 0.3), (1, 0.22, 0.22, 0.22), (1, 0.15, 0.15, 0.15), (1, 0.1, 0.1, 0.1), (1, 0.06, 0.06, 0.06), (1, 0.03, 0.03, 0.03)]
  [01:00:29] dolum: sym=btc S=1789779600 oi=1 p=0.4 ofset=0.4 yeni=5.0 toplam=5.0 kaynak=yoklama gecen_sn=29.4
  [01:00:43] maruziyet: acik_pozisyon=0 pazar=0 dis_risk=0.0
  [01:00:49] mutabakat: pnl=-16.16 yerel=-10.56 etkin=-16.16 pencere=66 risk=9.8 emir=907 dolum=66 pay=1675.3 geri_cekilen=1 red=19
  [01:00:56] dolum: sym=btc S=1789779600 oi=1 p=0.3 ofset=0.3 yeni=5.0 toplam=5.0 kaynak=yoklama gecen_sn=56.3
  [01:00:56] dolum: sym=btc S=1789779600 oi=1 p=0.22 ofset=0.22 yeni=5.0 toplam=5.0 kaynak=yoklama gecen_sn=56.4
  [01:00:57] DENGE_SINIRI: sym=btc S=1789779600 agir=Down up=0.0 down=15.0 iptal=7 kalan_hafif=6
  [01:01:59] COZULDU: sym=btc S=1789779000 kol=A kazanan=0 pay=45.0 maliyet=8.9 pnl=6.1 geri_cekildi=None emirler=[{'oi': 0, 'p': 0.4, 'ofs': 0.4, 'hedef_ofs': 0.4, 'bb': 0.49, 'pay': 5.0, 'durum': 'kapali', 'gecikme_ms': 25704}, {'oi': 0, 'p': 0.3, 'ofs': 0.3, 'hedef_ofs': 0.3, 'bb': 0.49, 'pay': 5.0, 'durum': 'kapali', 'gecikme_ms': 35758}, {'oi': 0, 'p': 0.22, 'ofs': 0.22, 'hedef_ofs': 0.22, 'bb': 0.49, 'pay': 5.0, 'durum': 'kapali', 'gecikme_ms': 41208}, {'oi': 0, 'p': 0.15, 'ofs': 0.15, 'hedef_ofs': 0.15, 'bb': 0.49, 'pay': 0.0, 'durum': 'kapali', 'gecikme_ms': None}, {'oi': 0, 'p': 0.1, 'ofs': 0.1, 'hedef_ofs': 0.1, 'bb': 0.49, 'pay': 0.0, 'durum': 'kapali', 'gecikme_ms': None}, {'oi': 0, 'p': 0.06, 'ofs': 0.06, 'hedef_ofs': 0.06, 'bb': 0.49, 'pay': 0.0, 'durum': 'kapali', 'gecikme_ms': None}, {'oi': 0, 'p': 0.03, 'ofs': 0.03, 'hedef_ofs': 0.03, 'bb': 0.49, 'pay': 0.0, 'durum': 'kapali', 'gecikme_ms': None}, {'oi': 1, 'p': 0.3, 'ofs': 0.3, 'hedef_ofs': 0.3, 'bb': 0.5, 'pay': 5.0, 'durum': 'kapali', 'gecikme_ms': 970}, {'oi': 1, 'p': 0.22, 'ofs': 0.22, 'hedef_ofs': 0.22, 'bb': 0.5, 'pay': 5.0, 'durum': 'kapali', 'gecikme_ms': 97793}, {'oi': 1, 'p': 0.15, 'ofs': 0.15, 'hedef_ofs': 0.15, 'bb': 0.5, 'pay': 5.0, 'durum': 'kapali', 'gecikme_ms': 174617}, {'oi': 1, 'p': 0.1, 'ofs': 0.1, 'hedef_ofs': 0.1, 'bb': 0.5, 'pay': 5.0, 'durum': 'kapali', 'gecikme_ms': 178002}, {'oi': 1, 'p': 0.06, 'ofs': 0.06, 'hedef_ofs': 0.06, 'bb': 0.5, 'pay': 5.0, 'durum': 'kapali', 'gecikme_ms': 178089}, {'oi': 1, 'p': 0.03, 'ofs': 0.03, 'hedef_ofs': 0.03, 'bb': 0.5, 'pay': 5.0, 'durum': 'kapali', 'gecikme_ms': 178181}]
  [01:02:36] dolum: sym=btc S=1789779600 oi=0 p=0.3 ofset=0.3 yeni=5.0 toplam=5.0 kaynak=yoklama gecen_sn=156.4
  [01:03:18] dolum: sym=btc S=1789779600 oi=0 p=0.22 ofset=0.22 yeni=5.0 toplam=5.0 kaynak=yoklama gecen_sn=198.5
  [01:03:18] dolum: sym=btc S=1789779600 oi=0 p=0.15 ofset=0.15 yeni=5.0 toplam=5.0 kaynak=yoklama gecen_sn=198.6
  [01:03:20] GEC_UCUZ_KESILDI: sym=btc S=1789779600 iptal=5 fiyatlar=[0.03, 0.06, 0.1, 0.15, 0.22] kalan_acik=1
  [01:05:03] maruziyet: acik_pozisyon=0 pazar=0 dis_risk=0.0
  [01:05:09] mutabakat: pnl=-10.06 yerel=-4.46 etkin=-10.06 pencere=67 risk=3.5 emir=907 dolum=67 pay=1720.3 geri_cekilen=1 red=19
  [01:05:10] BOY: S=1789779900 klip=5.0 kol=A
  [01:05:12] pencere: sym=btc S=1789779900 kol=A tokens=[0, 1] emir=12 kabul=[5, 7] fiyatlar=[(0, 0.22, 0.22, 0.22), (0, 0.15, 0.15, 0.15), (0, 0.1, 0.1, 0.1), (0, 0.06, 0.06, 0.06), (0, 0.03, 0.03, 0.03), (1, 0.4, 0.4, 0.4), (1, 0.3, 0.3, 0.3), (1, 0.22, 0.22, 0.22), (1, 0.15, 0.15, 0.15), (1, 0.1, 0.1, 0.1), (1, 0.06, 0.06, 0.06), (1, 0.03, 0.03, 0.03)]
  [01:05:57] dolum: sym=btc S=1789779900 oi=0 p=0.22 ofset=0.22 yeni=5.0 toplam=5.0 kaynak=yoklama gecen_sn=57.3
  [01:06:52] dolum: sym=btc S=1789779900 oi=0 p=0.15 ofset=0.15 yeni=5.0 toplam=5.0 kaynak=yoklama gecen_sn=112.0
  [01:06:53] DENGE_SINIRI: sym=btc S=1789779900 agir=Up up=10.0 down=0.0 iptal=5 kalan_hafif=7
  [01:06:55] COZULDU: sym=btc S=1789779300 kol=A kazanan=0 pay=10.0 maliyet=3.5 pnl=-3.5 geri_cekildi=None emirler=[{'oi': 0, 'p': 0.3, 'ofs': 0.3, 'hedef_ofs': 0.3, 'bb': 0.47, 'pay': 0.0, 'durum': 'kapali', 'gecikme_ms': None}, {'oi': 0, 'p': 0.22, 'ofs': 0.22, 'hedef_ofs': 0.22, 'bb': 0.47, 'pay': 0.0, 'durum': 'kapali', 'gecikme_ms': None}, {'oi': 0, 'p': 0.15, 'ofs': 0.15, 'hedef_ofs': 0.15, 'bb': 0.47, 'pay': 0.0, 'durum': 'kapali', 'gecikme_ms': None}, {'oi': 0, 'p': 0.1, 'ofs': 0.1, 'hedef_ofs': 0.1, 'bb': 0.47, 'pay': 0.0, 'durum': 'kapali', 'gecikme_ms': None}, {'oi': 0, 'p': 0.06, 'ofs': 0.06, 'hedef_ofs': 0.06, 'bb': 0.47, 'pay': 0.0, 'durum': 'kapali', 'gecikme_ms': None}, {'oi': 0, 'p': 0.03, 'ofs': 0.03, 'hedef_ofs': 0.03, 'bb': 0.47, 'pay': 0.0, 'durum': 'kapali', 'gecikme_ms': None}, {'oi': 1, 'p': 0.4, 'ofs': 0.4, 'hedef_ofs': 0.4, 'bb': 0.52, 'pay': 5.0, 'durum': 'kapali', 'gecikme_ms': 4468}, {'oi': 1, 'p': 0.3, 'ofs': 0.3, 'hedef_ofs': 0.3, 'bb': 0.52, 'pay': 5.0, 'durum': 'kapali', 'gecikme_ms': 16737}, {'oi': 1, 'p': 0.22, 'ofs': 0.22, 'hedef_ofs': 0.22, 'bb': 0.52, 'pay': 0.0, 'durum': 'kapali', 'gecikme_ms': None}, {'oi': 1, 'p': 0.15, 'ofs': 0.15, 'hedef_ofs': 0.15, 'bb': 0.52, 'pay': 0.0, 'durum': 'kapali', 'gecikme_ms': None}, {'oi': 1, 'p': 0.1, 'ofs': 0.1, 'hedef_ofs': 0.1, 'bb': 0.52, 'pay': 0.0, 'durum': 'kapali', 'gecikme_ms': None}, {'oi': 1, 'p': 0.06, 'ofs': 0.06, 'hedef_ofs': 0.06, 'bb': 0.52, 'pay': 0.0, 'durum': 'kapali', 'gecikme_ms': None}, {'oi': 1, 'p': 0.03, 'ofs': 0.03, 'hedef_ofs': 0.03, 'bb': 0.52, 'pay': 0.0, 'durum': 'kapali', 'gecikme_ms': None}]
  [01:07:07] COZULDU: sym=btc S=1789779600 kol=A kazanan=1 pay=30.0 maliyet=7.95 pnl=7.05 geri_cekildi=None emirler=[{'oi': 0, 'p': 0.3, 'ofs': 0.3, 'hedef_ofs': 0.3, 'bb': 0.46, 'pay': 5.0, 'durum': 'kapali', 'gecikme_ms': 148772}, {'oi': 0, 'p': 0.22, 'ofs': 0.22, 'hedef_ofs': 0.22, 'bb': 0.46, 'pay': 5.0, 'durum': 'kapali', 'gecikme_ms': 190890}, {'oi': 0, 'p': 0.15, 'ofs': 0.15, 'hedef_ofs': 0.15, 'bb': 0.46, 'pay': 5.0, 'durum': 'kapali', 'gecikme_ms': 190983}, {'oi': 0, 'p': 0.1, 'ofs': 0.1, 'hedef_ofs': 0.1, 'bb': 0.46, 'pay': 0.0, 'durum': 'kapali', 'gecikme_ms': None}, {'oi': 0, 'p': 0.06, 'ofs': 0.06, 'hedef_ofs': 0.06, 'bb': 0.46, 'pay': 0.0, 'durum': 'kapali', 'gecikme_ms': None}, {'oi': 0, 'p': 0.03, 'ofs': 0.03, 'hedef_ofs': 0.03, 'bb': 0.46, 'pay': 0.0, 'durum': 'kapali', 'gecikme_ms': None}, {'oi': 1, 'p': 0.4, 'ofs': 0.4, 'hedef_ofs': 0.4, 'bb': 0.54, 'pay': 5.0, 'durum': 'kapali', 'gecikme_ms': 21790}, {'oi': 1, 'p': 0.3, 'ofs': 0.3, 'hedef_ofs': 0.3, 'bb': 0.54, 'pay': 5.0, 'durum': 'kapali', 'gecikme_ms': 48677}, {'oi': 1, 'p': 0.22, 'ofs': 0.22, 'hedef_ofs': 0.22, 'bb': 0.54, 'pay': 5.0, 'durum': 'kapali', 'gecikme_ms': 48779}, {'oi': 1, 'p': 0.15, 'ofs': 0.15, 'hedef_ofs': 0.15, 'bb': 0.54, 'pay': 0.0, 'durum': 'kapali', 'gecikme_ms': None}, {'oi': 1, 'p': 0.1, 'ofs': 0.1, 'hedef_ofs': 0.1, 'bb': 0.54, 'pay': 0.0, 'durum': 'kapali', 'gecikme_ms': None}, {'oi': 1, 'p': 0.06, 'ofs': 0.06, 'hedef_ofs': 0.06, 'bb': 0.54, 'pay': 0.0, 'durum': 'kapali', 'gecikme_ms': None}, {'oi': 1, 'p': 0.03, 'ofs': 0.03, 'hedef_ofs': 0.03, 'bb': 0.54, 'pay': 0.0, 'durum': 'kapali', 'gecikme_ms': None}]
  [01:08:21] GEC_UCUZ_KESILDI: sym=btc S=1789779900 iptal=5 fiyatlar=[0.03, 0.06, 0.1, 0.15, 0.22] kalan_acik=2
  [01:09:23] maruziyet: acik_pozisyon=0 pazar=0 dis_risk=0.0
  [01:09:28] mutabakat: pnl=-6.51 yerel=-0.91 etkin=-6.51 pencere=69 risk=1.85 emir=919 dolum=69 pay=1760.3 geri_cekilen=1 red=19
  [01:10:06] BOY: S=1789780200 klip=5.0 kol=A
  [01:10:06] pencere: sym=btc S=1789780200 kol=A tokens=[0, 1] emir=13 kabul=[6, 7] fiyatlar=[(0, 0.3, 0.3, 0.3), (0, 0.22, 0.22, 0.22), (0, 0.15, 0.15, 0.15), (0, 0.1, 0.1, 0.1), (0, 0.06, 0.06, 0.06), (0, 0.03, 0.03, 0.03), (1, 0.4, 0.4, 0.4), (1, 0.3, 0.3, 0.3), (1, 0.22, 0.22, 0.22), (1, 0.15, 0.15, 0.15), (1, 0.1, 0.1, 0.1), (1, 0.06, 0.06, 0.06), (1, 0.03, 0.03, 0.03)]
  [01:10:56] dolum: sym=btc S=1789780200 oi=0 p=0.3 ofset=0.3 yeni=5.0 toplam=5.0 kaynak=yoklama gecen_sn=56.5
  [01:11:03] dolum: sym=btc S=1789780200 oi=0 p=0.22 ofset=0.22 yeni=5.0 toplam=5.0 kaynak=yoklama gecen_sn=63.4
  [01:11:04] DENGE_SINIRI: sym=btc S=1789780200 agir=Up up=10.0 down=0.0 iptal=6 kalan_hafif=7
  [01:13:20] GEC_UCUZ_KESILDI: sym=btc S=1789780200 iptal=5 fiyatlar=[0.03, 0.06, 0.1, 0.15, 0.22] kalan_acik=2
  [01:13:40] COZULDU: sym=btc S=1789779900 kol=A kazanan=1 pay=10.0 maliyet=1.85 pnl=-1.85 geri_cekildi=None emirler=[{'oi': 0, 'p': 0.22, 'ofs': 0.22, 'hedef_ofs': 0.22, 'bb': 0.35, 'pay': 5.0, 'durum': 'kapali', 'gecikme_ms': 44837}, {'oi': 0, 'p': 0.15, 'ofs': 0.15, 'hedef_ofs': 0.15, 'bb': 0.35, 'pay': 5.0, 'durum': 'kapali', 'gecikme_ms': 99585}, {'oi': 0, 'p': 0.1, 'ofs': 0.1, 'hedef_ofs': 0.1, 'bb': 0.35, 'pay': 0.0, 'durum': 'kapali', 'gecikme_ms': None}, {'oi': 0, 'p': 0.06, 'ofs': 0.06, 'hedef_ofs': 0.06, 'bb': 0.35, 'pay': 0.0, 'durum': 'kapali', 'gecikme_ms': None}, {'oi': 0, 'p': 0.03, 'ofs': 0.03, 'hedef_ofs': 0.03, 'bb': 0.35, 'pay': 0.0, 'durum': 'kapali', 'gecikme_ms': None}, {'oi': 1, 'p': 0.4, 'ofs': 0.4, 'hedef_ofs': 0.4, 'bb': 0.64, 'pay': 0.0, 'durum': 'kapali', 'gecikme_ms': None}, {'oi': 1, 'p': 0.3, 'ofs': 0.3, 'hedef_ofs': 0.3, 'bb': 0.64, 'pay': 0.0, 'durum': 'kapali', 'gecikme_ms': None}, {'oi': 1, 'p': 0.22, 'ofs': 0.22, 'hedef_ofs': 0.22, 'bb': 0.64, 'pay': 0.0, 'durum': 'kapali', 'gecikme_ms': None}, {'oi': 1, 'p': 0.15, 'ofs': 0.15, 'hedef_ofs': 0.15, 'bb': 0.64, 'pay': 0.0, 'durum': 'kapali', 'gecikme_ms': None}, {'oi': 1, 'p': 0.1, 'ofs': 0.1, 'hedef_ofs': 0.1, 'bb': 0.64, 'pay': 0.0, 'durum': 'kapali', 'gecikme_ms': None}, {'oi': 1, 'p': 0.06, 'ofs': 0.06, 'hedef_ofs': 0.06, 'bb': 0.64, 'pay': 0.0, 'durum': 'kapali', 'gecikme_ms': None}, {'oi': 1, 'p': 0.03, 'ofs': 0.03, 'hedef_ofs': 0.03, 'bb': 0.64, 'pay': 0.0, 'durum': 'kapali', 'gecikme_ms': None}]
  [01:13:44] maruziyet: acik_pozisyon=0 pazar=0 dis_risk=0.0
  [01:13:50] mutabakat: pnl=-8.36 yerel=-2.76 etkin=-8.36 pencere=70 risk=2.6 emir=932 dolum=70 pay=1770.3 geri_cekilen=1 red=19
  [01:15:08] BOY: S=1789780500 klip=5.0 kol=A
  [01:15:10] pencere: sym=btc S=1789780500 kol=A tokens=[0, 1] emir=13 kabul=[6, 7] fiyatlar=[(0, 0.3, 0.3, 0.3), (0, 0.22, 0.22, 0.22), (0, 0.15, 0.15, 0.15), (0, 0.1, 0.1, 0.1), (0, 0.06, 0.06, 0.06), (0, 0.03, 0.03, 0.03), (1, 0.4, 0.4, 0.4), (1, 0.3, 0.3, 0.3), (1, 0.22, 0.22, 0.22), (1, 0.15, 0.15, 0.15), (1, 0.1, 0.1, 0.1), (1, 0.06, 0.06, 0.06), (1, 0.03, 0.03, 0.03)]
  [01:15:45] dolum: sym=btc S=1789780500 oi=1 p=0.4 ofset=0.4 yeni=5.0 toplam=5.0 kaynak=yoklama gecen_sn=45.8
  [01:17:08] dolum: sym=btc S=1789780500 oi=0 p=0.3 ofset=0.3 yeni=4.429 toplam=4.429 kaynak=yoklama gecen_sn=128.5
  [01:17:10] dolum: sym=btc S=1789780500 oi=0 p=0.3 ofset=0.3 yeni=0.57 toplam=4.999 kaynak=yoklama gecen_sn=130.3
  [01:17:37] dolum: sym=btc S=1789780500 oi=0 p=0.22 ofset=0.22 yeni=4.994 toplam=4.994 kaynak=yoklama gecen_sn=157.1
  [01:18:00] DENGE_SINIRI: sym=btc S=1789780500 agir=Up up=10.0 down=5.0 iptal=6 kalan_hafif=7
  [01:18:05] maruziyet: acik_pozisyon=0 pazar=0 dis_risk=0.0
  [01:18:11] mutabakat: pnl=-8.36 yerel=-2.76 etkin=-8.36 pencere=70 risk=2.6 emir=945 dolum=70 pay=1770.3 geri_cekilen=1 red=19
  [01:18:20] GEC_UCUZ_KESILDI: sym=btc S=1789780500 iptal=5 fiyatlar=[0.03, 0.06, 0.1, 0.15, 0.22] kalan_acik=2
  [01:18:37] COZULDU: sym=btc S=1789780200 kol=A kazanan=1 pay=10.0 maliyet=2.6 pnl=-2.6 geri_cekildi=None emirler=[{'oi': 0, 'p': 0.3, 'ofs': 0.3, 'hedef_ofs': 0.3, 'bb': 0.43, 'pay': 5.0, 'durum': 'kapali', 'gecikme_ms': 49751}, {'oi': 0, 'p': 0.22, 'ofs': 0.22, 'hedef_ofs': 0.22, 'bb': 0.43, 'pay': 5.0, 'durum': 'kapali', 'gecikme_ms': 56589}, {'oi': 0, 'p': 0.15, 'ofs': 0.15, 'hedef_ofs': 0.15, 'bb': 0.43, 'pay': 0.0, 'durum': 'kapali', 'gecikme_ms': None}, {'oi': 0, 'p': 0.1, 'ofs': 0.1, 'hedef_ofs': 0.1, 'bb': 0.43, 'pay': 0.0, 'durum': 'kapali', 'gecikme_ms': None}, {'oi': 0, 'p': 0.06, 'ofs': 0.06, 'hedef_ofs': 0.06, 'bb': 0.43, 'pay': 0.0, 'durum': 'kapali', 'gecikme_ms': None}, {'oi': 0, 'p': 0.03, 'ofs': 0.03, 'hedef_ofs': 0.03, 'bb': 0.43, 'pay': 0.0, 'durum': 'kapali', 'gecikme_ms': None}, {'oi': 1, 'p': 0.4, 'ofs': 0.4, 'hedef_ofs': 0.4, 'bb': 0.56, 'pay': 0.0, 'durum': 'kapali', 'gecikme_ms': None}, {'oi': 1, 'p': 0.3, 'ofs': 0.3, 'hedef_ofs': 0.3, 'bb': 0.56, 'pay': 0.0, 'durum': 'kapali', 'gecikme_ms': None}, {'oi': 1, 'p': 0.22, 'ofs': 0.22, 'hedef_ofs': 0.22, 'bb': 0.56, 'pay': 0.0, 'durum': 'kapali', 'gecikme_ms': None}, {'oi': 1, 'p': 0.15, 'ofs': 0.15, 'hedef_ofs': 0.15, 'bb': 0.56, 'pay': 0.0, 'durum': 'kapali', 'gecikme_ms': None}, {'oi': 1, 'p': 0.1, 'ofs': 0.1, 'hedef_ofs': 0.1, 'bb': 0.56, 'pay': 0.0, 'durum': 'kapali', 'gecikme_ms': None}, {'oi': 1, 'p': 0.06, 'ofs': 0.06, 'hedef_ofs': 0.06, 'bb': 0.56, 'pay': 0.0, 'durum': 'kapali', 'gecikme_ms': None}, {'oi': 1, 'p': 0.03, 'ofs': 0.03, 'hedef_ofs': 0.03, 'bb': 0.56, 'pay': 0.0, 'durum': 'kapali', 'gecikme_ms': None}]
  [01:20:05] BOY: S=1789780800 klip=5.0 kol=A
  [01:20:06] pencere: sym=btc S=1789780800 kol=A tokens=[0, 1] emir=13 kabul=[6, 7] fiyatlar=[(0, 0.3, 0.3, 0.3), (0, 0.22, 0.22, 0.22), (0, 0.15, 0.15, 0.15), (0, 0.1, 0.1, 0.1), (0, 0.06, 0.06, 0.06), (0, 0.03, 0.03, 0.03), (1, 0.4, 0.4, 0.4), (1, 0.3, 0.3, 0.3), (1, 0.22, 0.22, 0.22), (1, 0.15, 0.15, 0.15), (1, 0.1, 0.1, 0.1), (1, 0.06, 0.06, 0.06), (1, 0.03, 0.03, 0.03)]
  [01:20:32] dolum: sym=btc S=1789780800 oi=0 p=0.3 ofset=0.3 yeni=4.999 toplam=4.999 kaynak=yoklama gecen_sn=32.8
  [01:21:05] dolum: sym=btc S=1789780800 oi=0 p=0.22 ofset=0.22 yeni=5.0 toplam=5.0 kaynak=yoklama gecen_sn=66.0
  [01:21:06] dolum: sym=btc S=1789780800 oi=0 p=0.15 ofset=0.15 yeni=5.0 toplam=5.0 kaynak=yoklama gecen_sn=66.1
  [01:21:07] DENGE_SINIRI: sym=btc S=1789780800 agir=Up up=15.0 down=0.0 iptal=6 kalan_hafif=7
  [01:22:03] dolum: sym=btc S=1789780800 oi=1 p=0.4 ofset=0.4 yeni=5.0 toplam=5.0 kaynak=yoklama gecen_sn=123.8
  [01:22:06] dolum: sym=btc S=1789780800 oi=1 p=0.3 ofset=0.3 yeni=5.0 toplam=5.0 kaynak=yoklama gecen_sn=126.2
  [01:22:26] maruziyet: acik_pozisyon=0 pazar=0 dis_risk=0.0
  [01:22:32] mutabakat: pnl=-10.96 yerel=-5.36 etkin=-10.96 pencere=71 risk=0.0 emir=958 dolum=71 pay=1780.3 geri_cekilen=1 red=19
  [01:22:38] dolum: sym=btc S=1789780800 oi=1 p=0.22 ofset=0.22 yeni=5.0 toplam=5.0 kaynak=yoklama gecen_sn=159.0
  [01:23:01] dolum: sym=btc S=1789780800 oi=1 p=0.15 ofset=0.15 yeni=5.0 toplam=5.0 kaynak=yoklama gecen_sn=181.0
  [01:23:03] DENGE_SINIRI: sym=btc S=1789780800 agir=Down up=15.0 down=20.0 iptal=7 kalan_hafif=0
  [01:23:50] COZULDU: sym=btc S=1789780500 kol=A kazanan=1 pay=14.99 maliyet=4.6 pnl=0.4 geri_cekildi=None emirler=[{'oi': 0, 'p': 0.3, 'ofs': 0.3, 'hedef_ofs': 0.3, 'bb': 0.38, 'pay': 5.0, 'durum': 'kapali', 'gecikme_ms': 117806}, {'oi': 0, 'p': 0.22, 'ofs': 0.22, 'hedef_ofs': 0.22, 'bb': 0.38, 'pay': 4.99, 'durum': 'kapali', 'gecikme_ms': 146322}, {'oi': 0, 'p': 0.15, 'ofs': 0.15, 'hedef_ofs': 0.15, 'bb': 0.38, 'pay': 0.0, 'durum': 'kapali', 'gecikme_ms': None}, {'oi': 0, 'p': 0.1, 'ofs': 0.1, 'hedef_ofs': 0.1, 'bb': 0.38, 'pay': 0.0, 'durum': 'kapali', 'gecikme_ms': None}, {'oi': 0, 'p': 0.06, 'ofs': 0.06, 'hedef_ofs': 0.06, 'bb': 0.38, 'pay': 0.0, 'durum': 'kapali', 'gecikme_ms': None}, {'oi': 0, 'p': 0.03, 'ofs': 0.03, 'hedef_ofs': 0.03, 'bb': 0.38, 'pay': 0.0, 'durum': 'kapali', 'gecikme_ms': None}, {'oi': 1, 'p': 0.4, 'ofs': 0.4, 'hedef_ofs': 0.4, 'bb': 0.61, 'pay': 5.0, 'durum': 'kapali', 'gecikme_ms': 35075}, {'oi': 1, 'p': 0.3, 'ofs': 0.3, 'hedef_ofs': 0.3, 'bb': 0.61, 'pay': 0.0, 'durum': 'kapali', 'gecikme_ms': None}, {'oi': 1, 'p': 0.22, 'ofs': 0.22, 'hedef_ofs': 0.22, 'bb': 0.61, 'pay': 0.0, 'durum': 'kapali', 'gecikme_ms': None}, {'oi': 1, 'p': 0.15, 'ofs': 0.15, 'hedef_ofs': 0.15, 'bb': 0.61, 'pay': 0.0, 'durum': 'kapali', 'gecikme_ms': None}, {'oi': 1, 'p': 0.1, 'ofs': 0.1, 'hedef_ofs': 0.1, 'bb': 0.61, 'pay': 0.0, 'durum': 'kapali', 'gecikme_ms': None}, {'oi': 1, 'p': 0.06, 'ofs': 0.06, 'hedef_ofs': 0.06, 'bb': 0.61, 'pay': 0.0, 'durum': 'kapali', 'gecikme_ms': None}, {'oi': 1, 'p': 0.03, 'ofs': 0.03, 'hedef_ofs': 0.03, 'bb': 0.61, 'pay': 0.0, 'durum': 'kapali', 'gecikme_ms': None}]
  [01:25:05] BOY: S=1789781100 klip=5.0 kol=A
  [01:25:06] pencere: sym=btc S=1789781100 kol=A tokens=[0, 1] emir=13 kabul=[7, 6] fiyatlar=[(0, 0.4, 0.4, 0.4), (0, 0.3, 0.3, 0.3), (0, 0.22, 0.22, 0.22), (0, 0.15, 0.15, 0.15), (0, 0.1, 0.1, 0.1), (0, 0.06, 0.06, 0.06), (0, 0.03, 0.03, 0.03), (1, 0.3, 0.3, 0.3), (1, 0.22, 0.22, 0.22), (1, 0.15, 0.15, 0.15), (1, 0.1, 0.1, 0.1), (1, 0.06, 0.06, 0.06), (1, 0.03, 0.03, 0.03)]
  [01:25:39] dolum: sym=btc S=1789781100 oi=1 p=0.3 ofset=0.3 yeni=1.429 toplam=1.429 kaynak=yoklama gecen_sn=39.1
  [01:25:40] dolum: sym=btc S=1789781100 oi=1 p=0.3 ofset=0.3 yeni=3.57 toplam=4.999 kaynak=yoklama gecen_sn=40.7
  [01:26:12] dolum: sym=btc S=1789781100 oi=0 p=0.4 ofset=0.4 yeni=5.0 toplam=5.0 kaynak=yoklama gecen_sn=72.1
  [01:26:28] dolum: sym=btc S=1789781100 oi=0 p=0.3 ofset=0.3 yeni=5.0 toplam=5.0 kaynak=yoklama gecen_sn=88.6
  [01:26:47] maruziyet: acik_pozisyon=0 pazar=0 dis_risk=0.0
  [01:26:52] mutabakat: pnl=-10.56 yerel=-4.96 etkin=-10.56 pencere=72 risk=2.8 emir=971 dolum=72 pay=1795.3 geri_cekilen=1 red=19
  [01:27:24] dolum: sym=btc S=1789781100 oi=1 p=0.22 ofset=0.22 yeni=5.0 toplam=5.0 kaynak=yoklama gecen_sn=144.8
  [01:27:56] dolum: sym=btc S=1789781100 oi=1 p=0.15 ofset=0.15 yeni=5.0 toplam=5.0 kaynak=yoklama gecen_sn=176.1
  [01:28:02] DENGE_SINIRI: sym=btc S=1789781100 agir=Down up=10.0 down=15.0 iptal=6 kalan_hafif=7
  [01:28:21] GEC_UCUZ_KESILDI: sym=btc S=1789781100 iptal=5 fiyatlar=[0.03, 0.06, 0.1, 0.15, 0.22] kalan_acik=2
  [01:28:44] COZULDU: sym=btc S=1789780800 kol=A kazanan=0 pay=35.0 maliyet=8.7 pnl=6.3 geri_cekildi=None emirler=[{'oi': 0, 'p': 0.3, 'ofs': 0.3, 'hedef_ofs': 0.3, 'bb': 0.37, 'pay': 5.0, 'durum': 'kapali', 'gecikme_ms': 26300}, {'oi': 0, 'p': 0.22, 'ofs': 0.22, 'hedef_ofs': 0.22, 'bb': 0.37, 'pay': 5.0, 'durum': 'kapali', 'gecikme_ms': 59465}, {'oi': 0, 'p': 0.15, 'ofs': 0.15, 'hedef_ofs': 0.15, 'bb': 0.37, 'pay': 5.0, 'durum': 'kapali', 'gecikme_ms': 59567}, {'oi': 0, 'p': 0.1, 'ofs': 0.1, 'hedef_ofs': 0.1, 'bb': 0.37, 'pay': 0.0, 'durum': 'kapali', 'gecikme_ms': None}, {'oi': 0, 'p': 0.06, 'ofs': 0.06, 'hedef_ofs': 0.06, 'bb': 0.37, 'pay': 0.0, 'durum': 'kapali', 'gecikme_ms': None}, {'oi': 0, 'p': 0.03, 'ofs': 0.03, 'hedef_ofs': 0.03, 'bb': 0.37, 'pay': 0.0, 'durum': 'kapali', 'gecikme_ms': None}, {'oi': 1, 'p': 0.4, 'ofs': 0.4, 'hedef_ofs': 0.4, 'bb': 0.62, 'pay': 5.0, 'durum': 'kapali', 'gecikme_ms': 117286}, {'oi': 1, 'p': 0.3, 'ofs': 0.3, 'hedef_ofs': 0.3, 'bb': 0.62, 'pay': 5.0, 'durum': 'kapali', 'gecikme_ms': 119735}, {'oi': 1, 'p': 0.22, 'ofs': 0.22, 'hedef_ofs': 0.22, 'bb': 0.62, 'pay': 5.0, 'durum': 'kapali', 'gecikme_ms': 152446}, {'oi': 1, 'p': 0.15, 'ofs': 0.15, 'hedef_ofs': 0.15, 'bb': 0.62, 'pay': 5.0, 'durum': 'kapali', 'gecikme_ms': 174520}, {'oi': 1, 'p': 0.1, 'ofs': 0.1, 'hedef_ofs': 0.1, 'bb': 0.62, 'pay': 0.0, 'durum': 'kapali', 'gecikme_ms': None}, {'oi': 1, 'p': 0.06, 'ofs': 0.06, 'hedef_ofs': 0.06, 'bb': 0.62, 'pay': 0.0, 'durum': 'kapali', 'gecikme_ms': None}, {'oi': 1, 'p': 0.03, 'ofs': 0.03, 'hedef_ofs': 0.03, 'bb': 0.62, 'pay': 0.0, 'durum': 'kapali', 'gecikme_ms': None}]
  [01:30:06] BOY: S=1789781400 klip=5.0 kol=A
  [01:30:07] pencere: sym=btc S=1789781400 kol=A tokens=[0, 1] emir=13 kabul=[6, 7] fiyatlar=[(0, 0.3, 0.3, 0.3), (0, 0.22, 0.22, 0.22), (0, 0.15, 0.15, 0.15), (0, 0.1, 0.1, 0.1), (0, 0.06, 0.06, 0.06), (0, 0.03, 0.03, 0.03), (1, 0.4, 0.4, 0.4), (1, 0.3, 0.3, 0.3), (1, 0.22, 0.22, 0.22), (1, 0.15, 0.15, 0.15), (1, 0.1, 0.1, 0.1), (1, 0.06, 0.06, 0.06), (1, 0.03, 0.03, 0.03)]
  [01:30:58] dolum: sym=btc S=1789781400 oi=0 p=0.3 ofset=0.3 yeni=5.0 toplam=5.0 kaynak=yoklama gecen_sn=58.0
  [01:31:08] maruziyet: acik_pozisyon=0 pazar=0 dis_risk=0.0
  [01:31:14] mutabakat: pnl=-4.26 yerel=1.34 etkin=-4.26 pencere=73 risk=4.3 emir=984 dolum=73 pay=1830.3 geri_cekilen=1 red=19
  [01:31:15] dolum: sym=btc S=1789781400 oi=0 p=0.22 ofset=0.22 yeni=5.0 toplam=5.0 kaynak=yoklama gecen_sn=75.6
  [01:31:15] dolum: sym=btc S=1789781400 oi=0 p=0.15 ofset=0.15 yeni=5.0 toplam=5.0 kaynak=yoklama gecen_sn=75.7
  [01:31:17] DENGE_SINIRI: sym=btc S=1789781400 agir=Up up=15.0 down=0.0 iptal=6 kalan_hafif=7
  [01:33:04] COZULDU: sym=btc S=1789781100 kol=A kazanan=1 pay=25.0 maliyet=6.85 pnl=8.15 geri_cekildi=None emirler=[{'oi': 0, 'p': 0.4, 'ofs': 0.4, 'hedef_ofs': 0.4, 'bb': 0.59, 'pay': 5.0, 'durum': 'kapali', 'gecikme_ms': 65620}, {'oi': 0, 'p': 0.3, 'ofs': 0.3, 'hedef_ofs': 0.3, 'bb': 0.59, 'pay': 5.0, 'durum': 'kapali', 'gecikme_ms': 82081}, {'oi': 0, 'p': 0.22, 'ofs': 0.22, 'hedef_ofs': 0.22, 'bb': 0.59, 'pay': 0.0, 'durum': 'kapali', 'gecikme_ms': None}, {'oi': 0, 'p': 0.15, 'ofs': 0.15, 'hedef_ofs': 0.15, 'bb': 0.59, 'pay': 0.0, 'durum': 'kapali', 'gecikme_ms': None}, {'oi': 0, 'p': 0.1, 'ofs': 0.1, 'hedef_ofs': 0.1, 'bb': 0.59, 'pay': 0.0, 'durum': 'kapali', 'gecikme_ms': None}, {'oi': 0, 'p': 0.06, 'ofs': 0.06, 'hedef_ofs': 0.06, 'bb': 0.59, 'pay': 0.0, 'durum': 'kapali', 'gecikme_ms': None}, {'oi': 0, 'p': 0.03, 'ofs': 0.03, 'hedef_ofs': 0.03, 'bb': 0.59, 'pay': 0.0, 'durum': 'kapali', 'gecikme_ms': None}, {'oi': 1, 'p': 0.3, 'ofs': 0.3, 'hedef_ofs': 0.3, 'bb': 0.4, 'pay': 5.0, 'durum': 'kapali', 'gecikme_ms': 32592}, {'oi': 1, 'p': 0.22, 'ofs': 0.22, 'hedef_ofs': 0.22, 'bb': 0.4, 'pay': 5.0, 'durum': 'kapali', 'gecikme_ms': 138232}, {'oi': 1, 'p': 0.15, 'ofs': 0.15, 'hedef_ofs': 0.15, 'bb': 0.4, 'pay': 5.0, 'durum': 'kapali', 'gecikme_ms': 169583}, {'oi': 1, 'p': 0.1, 'ofs': 0.1, 'hedef_ofs': 0.1, 'bb': 0.4, 'pay': 0.0, 'durum': 'kapali', 'gecikme_ms': None}, {'oi': 1, 'p': 0.06, 'ofs': 0.06, 'hedef_ofs': 0.06, 'bb': 0.4, 'pay': 0.0, 'durum': 'kapali', 'gecikme_ms': None}, {'oi': 1, 'p': 0.03, 'ofs': 0.03, 'hedef_ofs': 0.03, 'bb': 0.4, 'pay': 0.0, 'durum': 'kapali', 'gecikme_ms': None}]
  [01:33:21] GEC_UCUZ_KESILDI: sym=btc S=1789781400 iptal=5 fiyatlar=[0.03, 0.06, 0.1, 0.15, 0.22] kalan_acik=2
  [01:35:05] BOY: S=1789781700 klip=5.0 kol=A
  [01:35:06] pencere: sym=btc S=1789781700 kol=A tokens=[0, 1] emir=13 kabul=[6, 7] fiyatlar=[(0, 0.3, 0.3, 0.3), (0, 0.22, 0.22, 0.22), (0, 0.15, 0.15, 0.15), (0, 0.1, 0.1, 0.1), (0, 0.06, 0.06, 0.06), (0, 0.03, 0.03, 0.03), (1, 0.4, 0.4, 0.4), (1, 0.3, 0.3, 0.3), (1, 0.22, 0.22, 0.22), (1, 0.15, 0.15, 0.15), (1, 0.1, 0.1, 0.1), (1, 0.06, 0.06, 0.06), (1, 0.03, 0.03, 0.03)]
  [01:35:29] maruziyet: acik_pozisyon=0 pazar=0 dis_risk=0.0
  [01:35:35] mutabakat: pnl=3.89 yerel=9.49 etkin=3.89 pencere=74 risk=9.65 emir=997 dolum=74 pay=1855.3 geri_cekilen=1 red=19
  [01:35:41] dolum: sym=btc S=1789781700 oi=0 p=0.3 ofset=0.3 yeni=5.0 toplam=5.0 kaynak=yoklama gecen_sn=41.5
  [01:36:04] dolum: sym=btc S=1789781700 oi=0 p=0.22 ofset=0.22 yeni=5.0 toplam=5.0 kaynak=yoklama gecen_sn=64.5
  [01:36:06] DENGE_SINIRI: sym=btc S=1789781700 agir=Up up=10.0 down=0.0 iptal=6 kalan_hafif=7
  [01:37:40] dolum: sym=btc S=1789781700 oi=1 p=0.4 ofset=0.4 yeni=5.0 toplam=5.0 kaynak=yoklama gecen_sn=160.7
  [01:38:21] GEC_UCUZ_KESILDI: sym=btc S=1789781700 iptal=5 fiyatlar=[0.03, 0.06, 0.1, 0.15, 0.22] kalan_acik=2
  [01:39:11] COZULDU: sym=btc S=1789781400 kol=A kazanan=1 pay=15.0 maliyet=3.35 pnl=-3.35 geri_cekildi=None emirler=[{'oi': 0, 'p': 0.3, 'ofs': 0.3, 'hedef_ofs': 0.3, 'bb': 0.47, 'pay': 5.0, 'durum': 'kapali', 'gecikme_ms': 50699}, {'oi': 0, 'p': 0.22, 'ofs': 0.22, 'hedef_ofs': 0.22, 'bb': 0.47, 'pay': 5.0, 'durum': 'kapali', 'gecikme_ms': 68288}, {'oi': 0, 'p': 0.15, 'ofs': 0.15, 'hedef_ofs': 0.15, 'bb': 0.47, 'pay': 5.0, 'durum': 'kapali', 'gecikme_ms': 68387}, {'oi': 0, 'p': 0.1, 'ofs': 0.1, 'hedef_ofs': 0.1, 'bb': 0.47, 'pay': 0.0, 'durum': 'kapali', 'gecikme_ms': None}, {'oi': 0, 'p': 0.06, 'ofs': 0.06, 'hedef_ofs': 0.06, 'bb': 0.47, 'pay': 0.0, 'durum': 'kapali', 'gecikme_ms': None}, {'oi': 0, 'p': 0.03, 'ofs': 0.03, 'hedef_ofs': 0.03, 'bb': 0.47, 'pay': 0.0, 'durum': 'kapali', 'gecikme_ms': None}, {'oi': 1, 'p': 0.4, 'ofs': 0.4, 'hedef_ofs': 0.4, 'bb': 0.52, 'pay': 0.0, 'durum': 'kapali', 'gecikme_ms': None}, {'oi': 1, 'p': 0.3, 'ofs': 0.3, 'hedef_ofs': 0.3, 'bb': 0.52, 'pay': 0.0, 'durum': 'kapali', 'gecikme_ms': None}, {'oi': 1, 'p': 0.22, 'ofs': 0.22, 'hedef_ofs': 0.22, 'bb': 0.52, 'pay': 0.0, 'durum': 'kapali', 'gecikme_ms': None}, {'oi': 1, 'p': 0.15, 'ofs': 0.15, 'hedef_ofs': 0.15, 'bb': 0.52, 'pay': 0.0, 'durum': 'kapali', 'gecikme_ms': None}, {'oi': 1, 'p': 0.1, 'ofs': 0.1, 'hedef_ofs': 0.1, 'bb': 0.52, 'pay': 0.0, 'durum': 'kapali', 'gecikme_ms': None}, {'oi': 1, 'p': 0.06, 'ofs': 0.06, 'hedef_ofs': 0.06, 'bb': 0.52, 'pay': 0.0, 'durum': 'kapali', 'gecikme_ms': None}, {'oi': 1, 'p': 0.03, 'ofs': 0.03, 'hedef_ofs': 0.03, 'bb': 0.52, 'pay': 0.0, 'durum': 'kapali', 'gecikme_ms': None}]
  [01:39:23] dolum: sym=btc S=1789781700 oi=1 p=0.3 ofset=0.3 yeni=5.0 toplam=5.0 kaynak=yoklama gecen_sn=264.0
  [01:39:50] maruziyet: acik_pozisyon=0 pazar=0 dis_risk=0.0
  [01:39:56] mutabakat: pnl=0.54 yerel=6.14 etkin=0.54 pencere=75 risk=0.0 emir=997 dolum=75 pay=1870.3 geri_cekilen=1 red=19
  [01:40:05] BOY: S=1789782000 klip=5.0 kol=A
  [01:40:06] pencere: sym=btc S=1789782000 kol=A tokens=[0, 1] emir=13 kabul=[6, 7] fiyatlar=[(0, 0.3, 0.3, 0.3), (0, 0.22, 0.22, 0.22), (0, 0.15, 0.15, 0.15), (0, 0.1, 0.1, 0.1), (0, 0.06, 0.06, 0.06), (0, 0.03, 0.03, 0.03), (1, 0.4, 0.4, 0.4), (1, 0.3, 0.3, 0.3), (1, 0.22, 0.22, 0.22), (1, 0.15, 0.15, 0.15), (1, 0.1, 0.1, 0.1), (1, 0.06, 0.06, 0.06), (1, 0.03, 0.03, 0.03)]
  [01:42:24] dolum: sym=btc S=1789782000 oi=1 p=0.4 ofset=0.4 yeni=5.0 toplam=5.0 kaynak=yoklama gecen_sn=144.2
  [01:42:49] dolum: sym=btc S=1789782000 oi=1 p=0.3 ofset=0.3 yeni=5.0 toplam=5.0 kaynak=yoklama gecen_sn=169.9
  [01:42:51] dolum: sym=btc S=1789782000 oi=1 p=0.22 ofset=0.22 yeni=5.0 toplam=5.0 kaynak=iptal gecen_sn=171.6
  [01:42:51] DENGE_SINIRI: sym=btc S=1789782000 agir=Down up=0.0 down=10.0 iptal=7 kalan_hafif=6
  [01:43:20] GEC_UCUZ_KESILDI: sym=btc S=1789782000 iptal=5 fiyatlar=[0.03, 0.06, 0.1, 0.15, 0.22] kalan_acik=1
  [01:44:09] maruziyet: acik_pozisyon=0 pazar=0 dis_risk=0.0
  [01:44:15] mutabakat: pnl=0.54 yerel=6.14 etkin=0.54 pencere=75 risk=4.6 emir=1010 dolum=75 pay=1870.3 geri_cekilen=1 red=19
  [01:44:27] COZULDU: sym=btc S=1789781700 kol=A kazanan=0 pay=20.0 maliyet=6.1 pnl=3.9 geri_cekildi=None emirler=[{'oi': 0, 'p': 0.3, 'ofs': 0.3, 'hedef_ofs': 0.3, 'bb': 0.41, 'pay': 5.0, 'durum': 'kapali', 'gecikme_ms': 34848}, {'oi': 0, 'p': 0.22, 'ofs': 0.22, 'hedef_ofs': 0.22, 'bb': 0.41, 'pay': 5.0, 'durum': 'kapali', 'gecikme_ms': 57904}, {'oi': 0, 'p': 0.15, 'ofs': 0.15, 'hedef_ofs': 0.15, 'bb': 0.41, 'pay': 0.0, 'durum': 'kapali', 'gecikme_ms': None}, {'oi': 0, 'p': 0.1, 'ofs': 0.1, 'hedef_ofs': 0.1, 'bb': 0.41, 'pay': 0.0, 'durum': 'kapali', 'gecikme_ms': None}, {'oi': 0, 'p': 0.06, 'ofs': 0.06, 'hedef_ofs': 0.06, 'bb': 0.41, 'pay': 0.0, 'durum': 'kapali', 'gecikme_ms': None}, {'oi': 0, 'p': 0.03, 'ofs': 0.03, 'hedef_ofs': 0.03, 'bb': 0.41, 'pay': 0.0, 'durum': 'kapali', 'gecikme_ms': None}, {'oi': 1, 'p': 0.4, 'ofs': 0.4, 'hedef_ofs': 0.4, 'bb': 0.58, 'pay': 5.0, 'durum': 'kapali', 'gecikme_ms': 154135}, {'oi': 1, 'p': 0.3, 'ofs': 0.3, 'hedef_ofs': 0.3, 'bb': 0.58, 'pay': 5.0, 'durum': 'kapali', 'gecikme_ms': 257350}, {'oi': 1, 'p': 0.22, 'ofs': 0.22, 'hedef_ofs': 0.22, 'bb': 0.58, 'pay': 0.0, 'durum': 'kapali', 'gecikme_ms': None}, {'oi': 1, 'p': 0.15, 'ofs': 0.15, 'hedef_ofs': 0.15, 'bb': 0.58, 'pay': 0.0, 'durum': 'kapali', 'gecikme_ms': None}, {'oi': 1, 'p': 0.1, 'ofs': 0.1, 'hedef_ofs': 0.1, 'bb': 0.58, 'pay': 0.0, 'durum': 'kapali', 'gecikme_ms': None}, {'oi': 1, 'p': 0.06, 'ofs': 0.06, 'hedef_ofs': 0.06, 'bb': 0.58, 'pay': 0.0, 'durum': 'kapali', 'gecikme_ms': None}, {'oi': 1, 'p': 0.03, 'ofs': 0.03, 'hedef_ofs': 0.03, 'bb': 0.58, 'pay': 0.0, 'durum': 'kapali', 'gecikme_ms': None}]
  [01:45:05] BOY: S=1789782300 klip=5.0 kol=A
  [01:45:06] pencere: sym=btc S=1789782300 kol=A tokens=[0, 1] emir=14 kabul=[7, 7] fiyatlar=[(0, 0.4, 0.4, 0.4), (0, 0.3, 0.3, 0.3), (0, 0.22, 0.22, 0.22), (0, 0.15, 0.15, 0.15), (0, 0.1, 0.1, 0.1), (0, 0.06, 0.06, 0.06), (0, 0.03, 0.03, 0.03), (1, 0.4, 0.4, 0.4), (1, 0.3, 0.3, 0.3), (1, 0.22, 0.22, 0.22), (1, 0.15, 0.15, 0.15), (1, 0.1, 0.1, 0.1), (1, 0.06, 0.06, 0.06), (1, 0.03, 0.03, 0.03)]
  [01:45:11] dolum: sym=btc S=1789782300 oi=1 p=0.4 ofset=0.4 yeni=4.998 toplam=4.998 kaynak=yoklama gecen_sn=11.4
  [01:45:16] dolum: sym=btc S=1789782300 oi=1 p=0.3 ofset=0.3 yeni=5.0 toplam=5.0 kaynak=yoklama gecen_sn=16.6
  [01:45:17] DENGE_SINIRI: sym=btc S=1789782300 agir=Down up=0.0 down=10.0 iptal=7 kalan_hafif=7
  [01:48:20] GEC_UCUZ_KESILDI: sym=btc S=1789782300 iptal=5 fiyatlar=[0.03, 0.06, 0.1, 0.15, 0.22] kalan_acik=2
  [01:48:30] maruziyet: acik_pozisyon=0 pazar=0 dis_risk=0.0
  [01:48:36] mutabakat: pnl=4.44 yerel=10.04 etkin=4.44 pencere=76 risk=8.1 emir=1024 dolum=76 pay=1890.3 geri_cekilen=1 red=19
  [01:49:43] COZULDU: sym=btc S=1789782000 kol=A kazanan=0 pay=15.0 maliyet=4.6 pnl=-4.6 geri_cekildi=None emirler=[{'oi': 0, 'p': 0.3, 'ofs': 0.3, 'hedef_ofs': 0.3, 'bb': 0.45, 'pay': 0.0, 'durum': 'kapali', 'gecikme_ms': None}, {'oi': 0, 'p': 0.22, 'ofs': 0.22, 'hedef_ofs': 0.22, 'bb': 0.45, 'pay': 0.0, 'durum': 'kapali', 'gecikme_ms': None}, {'oi': 0, 'p': 0.15, 'ofs': 0.15, 'hedef_ofs': 0.15, 'bb': 0.45, 'pay': 0.0, 'durum': 'kapali', 'gecikme_ms': None}, {'oi': 0, 'p': 0.1, 'ofs': 0.1, 'hedef_ofs': 0.1, 'bb': 0.45, 'pay': 0.0, 'durum': 'kapali', 'gecikme_ms': None}, {'oi': 0, 'p': 0.06, 'ofs': 0.06, 'hedef_ofs': 0.06, 'bb': 0.45, 'pay': 0.0, 'durum': 'kapali', 'gecikme_ms': None}, {'oi': 0, 'p': 0.03, 'ofs': 0.03, 'hedef_ofs': 0.03, 'bb': 0.45, 'pay': 0.0, 'durum': 'kapali', 'gecikme_ms': None}, {'oi': 1, 'p': 0.4, 'ofs': 0.4, 'hedef_ofs': 0.4, 'bb': 0.54, 'pay': 5.0, 'durum': 'kapali', 'gecikme_ms': 137765}, {'oi': 1, 'p': 0.3, 'ofs': 0.3, 'hedef_ofs': 0.3, 'bb': 0.54, 'pay': 5.0, 'durum': 'kapali', 'gecikme_ms': 163498}, {'oi': 1, 'p': 0.22, 'ofs': 0.22, 'hedef_ofs': 0.22, 'bb': 0.54, 'pay': 5.0, 'durum': 'kapali', 'gecikme_ms': 165175}, {'oi': 1, 'p': 0.15, 'ofs': 0.15, 'hedef_ofs': 0.15, 'bb': 0.54, 'pay': 0.0, 'durum': 'kapali', 'gecikme_ms': None}, {'oi': 1, 'p': 0.1, 'ofs': 0.1, 'hedef_ofs': 0.1, 'bb': 0.54, 'pay': 0.0, 'durum': 'kapali', 'gecikme_ms': None}, {'oi': 1, 'p': 0.06, 'ofs': 0.06, 'hedef_ofs': 0.06, 'bb': 0.54, 'pay': 0.0, 'durum': 'kapali', 'gecikme_ms': None}, {'oi': 1, 'p': 0.03, 'ofs': 0.03, 'hedef_ofs': 0.03, 'bb': 0.54, 'pay': 0.0, 'durum': 'kapali', 'gecikme_ms': None}]
  [01:50:05] BOY: S=1789782600 klip=5.0 kol=A
  [01:50:06] pencere: sym=btc S=1789782600 kol=A tokens=[0, 1] emir=12 kabul=[7, 5] fiyatlar=[(0, 0.4, 0.4, 0.4), (0, 0.3, 0.3, 0.3), (0, 0.22, 0.22, 0.22), (0, 0.15, 0.15, 0.15), (0, 0.1, 0.1, 0.1), (0, 0.06, 0.06, 0.06), (0, 0.03, 0.03, 0.03), (1, 0.22, 0.22, 0.22), (1, 0.15, 0.15, 0.15), (1, 0.1, 0.1, 0.1), (1, 0.06, 0.06, 0.06), (1, 0.03, 0.03, 0.03)]
  [01:50:10] dolum: sym=btc S=1789782600 oi=1 p=0.22 ofset=0.22 yeni=5.0 toplam=5.0 kaynak=yoklama gecen_sn=10.6
  [01:50:24] dolum: sym=btc S=1789782600 oi=1 p=0.15 ofset=0.15 yeni=5.0 toplam=5.0 kaynak=yoklama gecen_sn=24.9
  [01:50:25] DENGE_SINIRI: sym=btc S=1789782600 agir=Down up=0.0 down=10.0 iptal=5 kalan_hafif=7
  [01:52:51] maruziyet: acik_pozisyon=0 pazar=0 dis_risk=0.0
  [01:52:56] mutabakat: pnl=-0.16 yerel=5.44 etkin=-0.16 pencere=77 risk=5.35 emir=1036 dolum=77 pay=1905.3 geri_cekilen=1 red=19
  [01:53:22] GEC_UCUZ_KESILDI: sym=btc S=1789782600 iptal=5 fiyatlar=[0.03, 0.06, 0.1, 0.15, 0.22] kalan_acik=2
  [01:54:44] COZULDU: sym=btc S=1789782300 kol=A kazanan=0 pay=10.0 maliyet=3.5 pnl=-3.5 geri_cekildi=None emirler=[{'oi': 0, 'p': 0.4, 'ofs': 0.4, 'hedef_ofs': 0.4, 'bb': 0.51, 'pay': 0.0, 'durum': 'kapali', 'gecikme_ms': None}, {'oi': 0, 'p': 0.3, 'ofs': 0.3, 'hedef_ofs': 0.3, 'bb': 0.51, 'pay': 0.0, 'durum': 'kapali', 'gecikme_ms': None}, {'oi': 0, 'p': 0.22, 'ofs': 0.22, 'hedef_ofs': 0.22, 'bb': 0.51, 'pay': 0.0, 'durum': 'kapali', 'gecikme_ms': None}, {'oi': 0, 'p': 0.15, 'ofs': 0.15, 'hedef_ofs': 0.15, 'bb': 0.51, 'pay': 0.0, 'durum': 'kapali', 'gecikme_ms': None}, {'oi': 0, 'p': 0.1, 'ofs': 0.1, 'hedef_ofs': 0.1, 'bb': 0.51, 'pay': 0.0, 'durum': 'kapali', 'gecikme_ms': None}, {'oi': 0, 'p': 0.06, 'ofs': 0.06, 'hedef_ofs': 0.06, 'bb': 0.51, 'pay': 0.0, 'durum': 'kapali', 'gecikme_ms': None}, {'oi': 0, 'p': 0.03, 'ofs': 0.03, 'hedef_ofs': 0.03, 'bb': 0.51, 'pay': 0.0, 'durum': 'kapali', 'gecikme_ms': None}, {'oi': 1, 'p': 0.4, 'ofs': 0.4, 'hedef_ofs': 0.4, 'bb': 0.48, 'pay': 5.0, 'durum': 'kapali', 'gecikme_ms': 5044}, {'oi': 1, 'p': 0.3, 'ofs': 0.3, 'hedef_ofs': 0.3, 'bb': 0.48, 'pay': 5.0, 'durum': 'kapali', 'gecikme_ms': 10251}, {'oi': 1, 'p': 0.22, 'ofs': 0.22, 'hedef_ofs': 0.22, 'bb': 0.48, 'pay': 0.0, 'durum': 'kapali', 'gecikme_ms': None}, {'oi': 1, 'p': 0.15, 'ofs': 0.15, 'hedef_ofs': 0.15, 'bb': 0.48, 'pay': 0.0, 'durum': 'kapali', 'gecikme_ms': None}, {'oi': 1, 'p': 0.1, 'ofs': 0.1, 'hedef_ofs': 0.1, 'bb': 0.48, 'pay': 0.0, 'durum': 'kapali', 'gecikme_ms': None}, {'oi': 1, 'p': 0.06, 'ofs': 0.06, 'hedef_ofs': 0.06, 'bb': 0.48, 'pay': 0.0, 'durum': 'kapali', 'gecikme_ms': None}, {'oi': 1, 'p': 0.03, 'ofs': 0.03, 'hedef_ofs': 0.03, 'bb': 0.48, 'pay': 0.0, 'durum': 'kapali', 'gecikme_ms': None}]
  [01:55:05] BOY: S=1789782900 klip=5.0 kol=A
  [01:55:06] pencere: sym=btc S=1789782900 kol=A tokens=[0, 1] emir=12 kabul=[5, 7] fiyatlar=[(0, 0.22, 0.22, 0.22), (0, 0.15, 0.15, 0.15), (0, 0.1, 0.1, 0.1), (0, 0.06, 0.06, 0.06), (0, 0.03, 0.03, 0.03), (1, 0.4, 0.4, 0.4), (1, 0.3, 0.3, 0.3), (1, 0.22, 0.22, 0.22), (1, 0.15, 0.15, 0.15), (1, 0.1, 0.1, 0.1), (1, 0.06, 0.06, 0.06), (1, 0.03, 0.03, 0.03)]
  [01:55:11] dolum: sym=btc S=1789782900 oi=0 p=0.22 ofset=0.22 yeni=5.0 toplam=5.0 kaynak=yoklama gecen_sn=11.4
  [01:56:20] dolum: sym=btc S=1789782900 oi=0 p=0.15 ofset=0.15 yeni=5.0 toplam=5.0 kaynak=yoklama gecen_sn=80.9
  [01:56:22] DENGE_SINIRI: sym=btc S=1789782900 agir=Up up=10.0 down=0.0 iptal=5 kalan_hafif=7
  [01:57:11] maruziyet: acik_pozisyon=0 pazar=0 dis_risk=0.0
  [01:57:17] mutabakat: pnl=-3.66 yerel=1.94 etkin=-3.66 pencere=78 risk=3.7 emir=1048 dolum=78 pay=1915.3 geri_cekilen=1 red=19
  [01:58:21] GEC_UCUZ_KESILDI: sym=btc S=1789782900 iptal=5 fiyatlar=[0.03, 0.06, 0.1, 0.15, 0.22] kalan_acik=2
  [01:59:54] COZULDU: sym=btc S=1789782600 kol=A kazanan=0 pay=10.0 maliyet=1.85 pnl=-1.85 geri_cekildi=None emirler=[{'oi': 0, 'p': 0.4, 'ofs': 0.4, 'hedef_ofs': 0.4, 'bb': 0.72, 'pay': 0.0, 'durum': 'kapali', 'gecikme_ms': None}, {'oi': 0, 'p': 0.3, 'ofs': 0.3, 'hedef_ofs': 0.3, 'bb': 0.72, 'pay': 0.0, 'durum': 'kapali', 'gecikme_ms': None}, {'oi': 0, 'p': 0.22, 'ofs': 0.22, 'hedef_ofs': 0.22, 'bb': 0.72, 'pay': 0.0, 'durum': 'kapali', 'gecikme_ms': None}, {'oi': 0, 'p': 0.15, 'ofs': 0.15, 'hedef_ofs': 0.15, 'bb': 0.72, 'pay': 0.0, 'durum': 'kapali', 'gecikme_ms': None}, {'oi': 0, 'p': 0.1, 'ofs': 0.1, 'hedef_ofs': 0.1, 'bb': 0.72, 'pay': 0.0, 'durum': 'kapali', 'gecikme_ms': None}, {'oi': 0, 'p': 0.06, 'ofs': 0.06, 'hedef_ofs': 0.06, 'bb': 0.72, 'pay': 0.0, 'durum': 'kapali', 'gecikme_ms': None}, {'oi': 0, 'p': 0.03, 'ofs': 0.03, 'hedef_ofs': 0.03, 'bb': 0.72, 'pay': 0.0, 'durum': 'kapali', 'gecikme_ms': None}, {'oi': 1, 'p': 0.22, 'ofs': 0.22, 'hedef_ofs': 0.22, 'bb': 0.27, 'pay': 5.0, 'durum': 'kapali', 'gecikme_ms': 3933}, {'oi': 1, 'p': 0.15, 'ofs': 0.15, 'hedef_ofs': 0.15, 'bb': 0.27, 'pay': 5.0, 'durum': 'kapali', 'gecikme_ms': 18257}, {'oi': 1, 'p': 0.1, 'ofs': 0.1, 'hedef_ofs': 0.1, 'bb': 0.27, 'pay': 0.0, 'durum': 'kapali', 'gecikme_ms': None}, {'oi': 1, 'p': 0.06, 'ofs': 0.06, 'hedef_ofs': 0.06, 'bb': 0.27, 'pay': 0.0, 'durum': 'kapali', 'gecikme_ms': None}, {'oi': 1, 'p': 0.03, 'ofs': 0.03, 'hedef_ofs': 0.03, 'bb': 0.27, 'pay': 0.0, 'durum': 'kapali', 'gecikme_ms': None}]
  [02:00:06] BOY: S=1789783200 klip=5.0 kol=A
  [02:00:06] pencere: sym=btc S=1789783200 kol=A tokens=[0, 1] emir=13 kabul=[7, 6] fiyatlar=[(0, 0.4, 0.4, 0.4), (0, 0.3, 0.3, 0.3), (0, 0.22, 0.22, 0.22), (0, 0.15, 0.15, 0.15), (0, 0.1, 0.1, 0.1), (0, 0.06, 0.06, 0.06), (0, 0.03, 0.03, 0.03), (1, 0.3, 0.3, 0.3), (1, 0.22, 0.22, 0.22), (1, 0.15, 0.15, 0.15), (1, 0.1, 0.1, 0.1), (1, 0.06, 0.06, 0.06), (1, 0.03, 0.03, 0.03)]
  [02:00:43] dolum: sym=btc S=1789783200 oi=0 p=0.4 ofset=0.4 yeni=4.997 toplam=4.997 kaynak=yoklama gecen_sn=43.3
  [02:01:32] maruziyet: acik_pozisyon=0 pazar=0 dis_risk=0.0
  [02:01:37] mutabakat: pnl=-5.51 yerel=0.09 etkin=-5.51 pencere=79 risk=8.15 emir=1061 dolum=79 pay=1925.3 geri_cekilen=1 red=19
  [02:02:09] dolum: sym=btc S=1789783200 oi=1 p=0.3 ofset=0.3 yeni=5.0 toplam=5.0 kaynak=yoklama gecen_sn=129.8
  [02:02:09] dolum: sym=btc S=1789783200 oi=1 p=0.22 ofset=0.22 yeni=5.0 toplam=5.0 kaynak=yoklama gecen_sn=129.9
  [02:03:01] DENGE_SINIRI: sym=btc S=1789783200 agir=Down up=5.0 down=10.0 iptal=6 kalan_hafif=7
  [02:03:21] GEC_UCUZ_KESILDI: sym=btc S=1789783200 iptal=5 fiyatlar=[0.03, 0.06, 0.1, 0.15, 0.22] kalan_acik=2
  [02:03:23] dolum: sym=btc S=1789783200 oi=0 p=0.3 ofset=0.3 yeni=5.0 toplam=5.0 kaynak=yoklama gecen_sn=203.7
  [02:04:52] COZULDU: sym=btc S=1789782900 kol=A kazanan=1 pay=10.0 maliyet=1.85 pnl=-1.85 geri_cekildi=None emirler=[{'oi': 0, 'p': 0.22, 'ofs': 0.22, 'hedef_ofs': 0.22, 'bb': 0.31, 'pay': 5.0, 'durum': 'kapali', 'gecikme_ms': 4951}, {'oi': 0, 'p': 0.15, 'ofs': 0.15, 'hedef_ofs': 0.15, 'bb': 0.31, 'pay': 5.0, 'durum': 'kapali', 'gecikme_ms': 74501}, {'oi': 0, 'p': 0.1, 'ofs': 0.1, 'hedef_ofs': 0.1, 'bb': 0.31, 'pay': 0.0, 'durum': 'kapali', 'gecikme_ms': None}, {'oi': 0, 'p': 0.06, 'ofs': 0.06, 'hedef_ofs': 0.06, 'bb': 0.31, 'pay': 0.0, 'durum': 'kapali', 'gecikme_ms': None}, {'oi': 0, 'p': 0.03, 'ofs': 0.03, 'hedef_ofs': 0.03, 'bb': 0.31, 'pay': 0.0, 'durum': 'kapali', 'gecikme_ms': None}, {'oi': 1, 'p': 0.4, 'ofs': 0.4, 'hedef_ofs': 0.4, 'bb': 0.67, 'pay': 0.0, 'durum': 'kapali', 'gecikme_ms': None}, {'oi': 1, 'p': 0.3, 'ofs': 0.3, 'hedef_ofs': 0.3, 'bb': 0.67, 'pay': 0.0, 'durum': 'kapali', 'gecikme_ms': None}, {'oi': 1, 'p': 0.22, 'ofs': 0.22, 'hedef_ofs': 0.22, 'bb': 0.67, 'pay': 0.0, 'durum': 'kapali', 'gecikme_ms': None}, {'oi': 1, 'p': 0.15, 'ofs': 0.15, 'hedef_ofs': 0.15, 'bb': 0.67, 'pay': 0.0, 'durum': 'kapali', 'gecikme_ms': None}, {'oi': 1, 'p': 0.1, 'ofs': 0.1, 'hedef_ofs': 0.1, 'bb': 0.67, 'pay': 0.0, 'durum': 'kapali', 'gecikme_ms': None}, {'oi': 1, 'p': 0.06, 'ofs': 0.06, 'hedef_ofs': 0.06, 'bb': 0.67, 'pay': 0.0, 'durum': 'kapali', 'gecikme_ms': None}, {'oi': 1, 'p': 0.03, 'ofs': 0.03, 'hedef_ofs': 0.03, 'bb': 0.67, 'pay': 0.0, 'durum': 'kapali', 'gecikme_ms': None}]
  [02:05:05] BOY: S=1789783500 klip=5.0 kol=A
  [02:05:06] pencere: sym=btc S=1789783500 kol=A tokens=[0, 1] emir=13 kabul=[6, 7] fiyatlar=[(0, 0.3, 0.3, 0.3), (0, 0.22, 0.22, 0.22), (0, 0.15, 0.15, 0.15), (0, 0.1, 0.1, 0.1), (0, 0.06, 0.06, 0.06), (0, 0.03, 0.03, 0.03), (1, 0.4, 0.4, 0.4), (1, 0.3, 0.3, 0.3), (1, 0.22, 0.22, 0.22), (1, 0.15, 0.15, 0.15), (1, 0.1, 0.1, 0.1), (1, 0.06, 0.06, 0.06), (1, 0.03, 0.03, 0.03)]
  [02:05:48] dolum: sym=btc S=1789783500 oi=1 p=0.4 ofset=0.4 yeni=5.0 toplam=5.0 kaynak=yoklama gecen_sn=48.9
  [02:05:53] maruziyet: acik_pozisyon=0 pazar=0 dis_risk=0.0
  [02:05:59] mutabakat: pnl=-7.36 yerel=-1.76 etkin=-7.36 pencere=80 risk=6.3 emir=1074 dolum=80 pay=1935.3 geri_cekilen=1 red=19
  [02:07:22] dolum: sym=btc S=1789783500 oi=0 p=0.3 ofset=0.3 yeni=4.996 toplam=4.996 kaynak=yoklama gecen_sn=142.9
  [02:07:28] dolum: sym=btc S=1789783500 oi=0 p=0.22 ofset=0.22 yeni=5.0 toplam=5.0 kaynak=yoklama gecen_sn=148.0
  [02:08:02] DENGE_SINIRI: sym=btc S=1789783500 agir=Up up=10.0 down=5.0 iptal=6 kalan_hafif=7
  [02:08:08] dolum: sym=btc S=1789783500 oi=1 p=0.3 ofset=0.3 yeni=5.0 toplam=5.0 kaynak=yoklama gecen_sn=188.8
  [02:08:20] GEC_UCUZ_KESILDI: sym=btc S=1789783500 iptal=5 fiyatlar=[0.03, 0.06, 0.1, 0.15, 0.22] kalan_acik=2
  [02:09:11] COZULDU: sym=btc S=1789783200 kol=A kazanan=0 pay=20.0 maliyet=6.1 pnl=3.9 geri_cekildi=None emirler=[{'oi': 0, 'p': 0.4, 'ofs': 0.4, 'hedef_ofs': 0.4, 'bb': 0.56, 'pay': 5.0, 'durum': 'kapali', 'gecikme_ms': 36457}, {'oi': 0, 'p': 0.3, 'ofs': 0.3, 'hedef_ofs': 0.3, 'bb': 0.56, 'pay': 5.0, 'durum': 'kapali', 'gecikme_ms': 196878}, {'oi': 0, 'p': 0.22, 'ofs': 0.22, 'hedef_ofs': 0.22, 'bb': 0.56, 'pay': 0.0, 'durum': 'kapali', 'gecikme_ms': None}, {'oi': 0, 'p': 0.15, 'ofs': 0.15, 'hedef_ofs': 0.15, 'bb': 0.56, 'pay': 0.0, 'durum': 'kapali', 'gecikme_ms': None}, {'oi': 0, 'p': 0.1, 'ofs': 0.1, 'hedef_ofs': 0.1, 'bb': 0.56, 'pay': 0.0, 'durum': 'kapali', 'gecikme_ms': None}, {'oi': 0, 'p': 0.06, 'ofs': 0.06, 'hedef_ofs': 0.06, 'bb': 0.56, 'pay': 0.0, 'durum': 'kapali', 'gecikme_ms': None}, {'oi': 0, 'p': 0.03, 'ofs': 0.03, 'hedef_ofs': 0.03, 'bb': 0.56, 'pay': 0.0, 'durum': 'kapali', 'gecikme_ms': None}, {'oi': 1, 'p': 0.3, 'ofs': 0.3, 'hedef_ofs': 0.3, 'bb': 0.43, 'pay': 5.0, 'durum': 'kapali', 'gecikme_ms': 122987}, {'oi': 1, 'p': 0.22, 'ofs': 0.22, 'hedef_ofs': 0.22, 'bb': 0.43, 'pay': 5.0, 'durum': 'kapali', 'gecikme_ms': 123082}, {'oi': 1, 'p': 0.15, 'ofs': 0.15, 'hedef_ofs': 0.15, 'bb': 0.43, 'pay': 0.0, 'durum': 'kapali', 'gecikme_ms': None}, {'oi': 1, 'p': 0.1, 'ofs': 0.1, 'hedef_ofs': 0.1, 'bb': 0.43, 'pay': 0.0, 'durum': 'kapali', 'gecikme_ms': None}, {'oi': 1, 'p': 0.06, 'ofs': 0.06, 'hedef_ofs': 0.06, 'bb': 0.43, 'pay': 0.0, 'durum': 'kapali', 'gecikme_ms': None}, {'oi': 1, 'p': 0.03, 'ofs': 0.03, 'hedef_ofs': 0.03, 'bb': 0.43, 'pay': 0.0, 'durum': 'kapali', 'gecikme_ms': None}]
  [02:10:06] BOY: S=1789783800 klip=5.0 kol=A
  [02:10:06] pencere: sym=btc S=1789783800 kol=A tokens=[0, 1] emir=13 kabul=[7, 6] fiyatlar=[(0, 0.4, 0.4, 0.4), (0, 0.3, 0.3, 0.3), (0, 0.22, 0.22, 0.22), (0, 0.15, 0.15, 0.15), (0, 0.1, 0.1, 0.1), (0, 0.06, 0.06, 0.06), (0, 0.03, 0.03, 0.03), (1, 0.3, 0.3, 0.3), (1, 0.22, 0.22, 0.22), (1, 0.15, 0.15, 0.15), (1, 0.1, 0.1, 0.1), (1, 0.06, 0.06, 0.06), (1, 0.03, 0.03, 0.03)]
  [02:10:13] maruziyet: acik_pozisyon=0 pazar=0 dis_risk=0.0
  [02:10:18] mutabakat: pnl=-3.46 yerel=2.14 etkin=-3.46 pencere=81 risk=6.3 emir=1087 dolum=81 pay=1955.3 geri_cekilen=1 red=19
  [02:10:31] dolum: sym=btc S=1789783800 oi=1 p=0.3 ofset=0.3 yeni=5.0 toplam=5.0 kaynak=yoklama gecen_sn=31.3
  [02:10:37] dolum: sym=btc S=1789783800 oi=1 p=0.22 ofset=0.22 yeni=5.0 toplam=5.0 kaynak=yoklama gecen_sn=37.8
  [02:10:38] DENGE_SINIRI: sym=btc S=1789783800 agir=Down up=0.0 down=10.0 iptal=6 kalan_hafif=7
  [02:13:21] GEC_UCUZ_KESILDI: sym=btc S=1789783800 iptal=5 fiyatlar=[0.03, 0.06, 0.1, 0.15, 0.22] kalan_acik=2
  [02:14:13] COZULDU: sym=btc S=1789783500 kol=A kazanan=0 pay=20.0 maliyet=6.1 pnl=3.9 geri_cekildi=None emirler=[{'oi': 0, 'p': 0.3, 'ofs': 0.3, 'hedef_ofs': 0.3, 'bb': 0.42, 'pay': 5.0, 'durum': 'kapali', 'gecikme_ms': 136321}, {'oi': 0, 'p': 0.22, 'ofs': 0.22, 'hedef_ofs': 0.22, 'bb': 0.42, 'pay': 5.0, 'durum': 'kapali', 'gecikme_ms': 141429}, {'oi': 0, 'p': 0.15, 'ofs': 0.15, 'hedef_ofs': 0.15, 'bb': 0.42, 'pay': 0.0, 'durum': 'kapali', 'gecikme_ms': None}, {'oi': 0, 'p': 0.1, 'ofs': 0.1, 'hedef_ofs': 0.1, 'bb': 0.42, 'pay': 0.0, 'durum': 'kapali', 'gecikme_ms': None}, {'oi': 0, 'p': 0.06, 'ofs': 0.06, 'hedef_ofs': 0.06, 'bb': 0.42, 'pay': 0.0, 'durum': 'kapali', 'gecikme_ms': None}, {'oi': 0, 'p': 0.03, 'ofs': 0.03, 'hedef_ofs': 0.03, 'bb': 0.42, 'pay': 0.0, 'durum': 'kapali', 'gecikme_ms': None}, {'oi': 1, 'p': 0.4, 'ofs': 0.4, 'hedef_ofs': 0.4, 'bb': 0.58, 'pay': 5.0, 'durum': 'kapali', 'gecikme_ms': 42317}, {'oi': 1, 'p': 0.3, 'ofs': 0.3, 'hedef_ofs': 0.3, 'bb': 0.58, 'pay': 5.0, 'durum': 'kapali', 'gecikme_ms': 182221}, {'oi': 1, 'p': 0.22, 'ofs': 0.22, 'hedef_ofs': 0.22, 'bb': 0.58, 'pay': 0.0, 'durum': 'kapali', 'gecikme_ms': None}, {'oi': 1, 'p': 0.15, 'ofs': 0.15, 'hedef_ofs': 0.15, 'bb': 0.58, 'pay': 0.0, 'durum': 'kapali', 'gecikme_ms': None}, {'oi': 1, 'p': 0.1, 'ofs': 0.1, 'hedef_ofs': 0.1, 'bb': 0.58, 'pay': 0.0, 'durum': 'kapali', 'gecikme_ms': None}, {'oi': 1, 'p': 0.06, 'ofs': 0.06, 'hedef_ofs': 0.06, 'bb': 0.58, 'pay': 0.0, 'durum': 'kapali', 'gecikme_ms': None}, {'oi': 1, 'p': 0.03, 'ofs': 0.03, 'hedef_ofs': 0.03, 'bb': 0.58, 'pay': 0.0, 'durum': 'kapali', 'gecikme_ms': None}]
  [02:14:34] maruziyet: acik_pozisyon=0 pazar=0 dis_risk=0.0
  [02:14:39] mutabakat: pnl=0.43 yerel=6.04 etkin=0.43 pencere=82 risk=2.6 emir=1087 dolum=82 pay=1975.3 geri_cekilen=1 red=19
  [02:15:05] BOY: S=1789784100 klip=5.0 kol=A
  [02:15:06] pencere: sym=btc S=1789784100 kol=A tokens=[0, 1] emir=12 kabul=[5, 7] fiyatlar=[(0, 0.22, 0.22, 0.22), (0, 0.15, 0.15, 0.15), (0, 0.1, 0.1, 0.1), (0, 0.06, 0.06, 0.06), (0, 0.03, 0.03, 0.03), (1, 0.4, 0.4, 0.4), (1, 0.3, 0.3, 0.3), (1, 0.22, 0.22, 0.22), (1, 0.15, 0.15, 0.15), (1, 0.1, 0.1, 0.1), (1, 0.06, 0.06, 0.06), (1, 0.03, 0.03, 0.03)]
  [02:16:50] dolum: sym=btc S=1789784100 oi=0 p=0.22 ofset=0.22 yeni=5.0 toplam=5.0 kaynak=yoklama gecen_sn=110.2
  [02:16:50] dolum: sym=btc S=1789784100 oi=0 p=0.15 ofset=0.15 yeni=5.0 toplam=5.0 kaynak=yoklama gecen_sn=110.3
  [02:16:51] dolum: sym=btc S=1789784100 oi=0 p=0.1 ofset=0.1 yeni=5.0 toplam=5.0 kaynak=iptal gecen_sn=111.6
  [02:16:51] DENGE_SINIRI: sym=btc S=1789784100 agir=Up up=10.0 down=0.0 iptal=5 kalan_hafif=7
  [02:18:10] COZULDU: sym=btc S=1789783800 kol=A kazanan=0 pay=10.0 maliyet=2.6 pnl=-2.6 geri_cekildi=None emirler=[{'oi': 0, 'p': 0.4, 'ofs': 0.4, 'hedef_ofs': 0.4, 'bb': 0.6, 'pay': 0.0, 'durum': 'kapali', 'gecikme_ms': None}, {'oi': 0, 'p': 0.3, 'ofs': 0.3, 'hedef_ofs': 0.3, 'bb': 0.6, 'pay': 0.0, 'durum': 'kapali', 'gecikme_ms': None}, {'oi': 0, 'p': 0.22, 'ofs': 0.22, 'hedef_ofs': 0.22, 'bb': 0.6, 'pay': 0.0, 'durum': 'kapali', 'gecikme_ms': None}, {'oi': 0, 'p': 0.15, 'ofs': 0.15, 'hedef_ofs': 0.15, 'bb': 0.6, 'pay': 0.0, 'durum': 'kapali', 'gecikme_ms': None}, {'oi': 0, 'p': 0.1, 'ofs': 0.1, 'hedef_ofs': 0.1, 'bb': 0.6, 'pay': 0.0, 'durum': 'kapali', 'gecikme_ms': None}, {'oi': 0, 'p': 0.06, 'ofs': 0.06, 'hedef_ofs': 0.06, 'bb': 0.6, 'pay': 0.0, 'durum': 'kapali', 'gecikme_ms': None}, {'oi': 0, 'p': 0.03, 'ofs': 0.03, 'hedef_ofs': 0.03, 'bb': 0.6, 'pay': 0.0, 'durum': 'kapali', 'gecikme_ms': None}, {'oi': 1, 'p': 0.3, 'ofs': 0.3, 'hedef_ofs': 0.3, 'bb': 0.39, 'pay': 5.0, 'durum': 'kapali', 'gecikme_ms': 24587}, {'oi': 1, 'p': 0.22, 'ofs': 0.22, 'hedef_ofs': 0.22, 'bb': 0.39, 'pay': 5.0, 'durum': 'kapali', 'gecikme_ms': 31045}, {'oi': 1, 'p': 0.15, 'ofs': 0.15, 'hedef_ofs': 0.15, 'bb': 0.39, 'pay': 0.0, 'durum': 'kapali', 'gecikme_ms': None}, {'oi': 1, 'p': 0.1, 'ofs': 0.1, 'hedef_ofs': 0.1, 'bb': 0.39, 'pay': 0.0, 'durum': 'kapali', 'gecikme_ms': None}, {'oi': 1, 'p': 0.06, 'ofs': 0.06, 'hedef_ofs': 0.06, 'bb': 0.39, 'pay': 0.0, 'durum': 'kapali', 'gecikme_ms': None}, {'oi': 1, 'p': 0.03, 'ofs': 0.03, 'hedef_ofs': 0.03, 'bb': 0.39, 'pay': 0.0, 'durum': 'kapali', 'gecikme_ms': None}]
  [02:18:20] GEC_UCUZ_KESILDI: sym=btc S=1789784100 iptal=5 fiyatlar=[0.03, 0.06, 0.1, 0.15, 0.22] kalan_acik=2
  [02:18:54] maruziyet: acik_pozisyon=0 pazar=0 dis_risk=0.0
  [02:18:59] mutabakat: pnl=-2.17 yerel=3.44 etkin=-2.17 pencere=83 risk=2.35 emir=1099 dolum=83 pay=1985.3 geri_cekilen=1 red=19
  [02:20:05] BOY: S=1789784400 klip=5.0 kol=A
  [02:20:06] pencere: sym=btc S=1789784400 kol=A tokens=[0, 1] emir=13 kabul=[7, 6] fiyatlar=[(0, 0.4, 0.4, 0.4), (0, 0.3, 0.3, 0.3), (0, 0.22, 0.22, 0.22), (0, 0.15, 0.15, 0.15), (0, 0.1, 0.1, 0.1), (0, 0.06, 0.06, 0.06), (0, 0.03, 0.03, 0.03), (1, 0.3, 0.3, 0.3), (1, 0.22, 0.22, 0.22), (1, 0.15, 0.15, 0.15), (1, 0.1, 0.1, 0.1), (1, 0.06, 0.06, 0.06), (1, 0.03, 0.03, 0.03)]
  [02:20:19] dolum: sym=btc S=1789784400 oi=1 p=0.3 ofset=0.3 yeni=5.0 toplam=5.0 kaynak=yoklama gecen_sn=19.0
  [02:20:45] dolum: sym=btc S=1789784400 oi=0 p=0.4 ofset=0.4 yeni=5.0 toplam=5.0 kaynak=yoklama gecen_sn=45.4
  [02:23:06] dolum: sym=btc S=1789784400 oi=1 p=0.22 ofset=0.22 yeni=5.0 toplam=5.0 kaynak=yoklama gecen_sn=186.7
  [02:23:07] DENGE_SINIRI: sym=btc S=1789784400 agir=Down up=5.0 down=10.0 iptal=6 kalan_hafif=7
  [02:23:14] maruziyet: acik_pozisyon=0 pazar=0 dis_risk=0.0
  [02:23:20] mutabakat: pnl=-2.17 yerel=3.44 etkin=-2.17 pencere=83 risk=2.35 emir=1112 dolum=83 pay=1985.3 geri_cekilen=1 red=19
  [02:23:21] GEC_UCUZ_KESILDI: sym=btc S=1789784400 iptal=5 fiyatlar=[0.03, 0.06, 0.1, 0.15, 0.22] kalan_acik=2
  [02:24:19] COZULDU: sym=btc S=1789784100 kol=A kazanan=1 pay=15.0 maliyet=2.35 pnl=-2.35 geri_cekildi=None emirler=[{'oi': 0, 'p': 0.22, 'ofs': 0.22, 'hedef_ofs': 0.22, 'bb': 0.33, 'pay': 5.0, 'durum': 'kapali', 'gecikme_ms': 103738}, {'oi': 0, 'p': 0.15, 'ofs': 0.15, 'hedef_ofs': 0.15, 'bb': 0.33, 'pay': 5.0, 'durum': 'kapali', 'gecikme_ms': 103845}, {'oi': 0, 'p': 0.1, 'ofs': 0.1, 'hedef_ofs': 0.1, 'bb': 0.33, 'pay': 5.0, 'durum': 'kapali', 'gecikme_ms': 105150}, {'oi': 0, 'p': 0.06, 'ofs': 0.06, 'hedef_ofs': 0.06, 'bb': 0.33, 'pay': 0.0, 'durum': 'kapali', 'gecikme_ms': None}, {'oi': 0, 'p': 0.03, 'ofs': 0.03, 'hedef_ofs': 0.03, 'bb': 0.33, 'pay': 0.0, 'durum': 'kapali', 'gecikme_ms': None}, {'oi': 1, 'p': 0.4, 'ofs': 0.4, 'hedef_ofs': 0.4, 'bb': 0.66, 'pay': 0.0, 'durum': 'kapali', 'gecikme_ms': None}, {'oi': 1, 'p': 0.3, 'ofs': 0.3, 'hedef_ofs': 0.3, 'bb': 0.66, 'pay': 0.0, 'durum': 'kapali', 'gecikme_ms': None}, {'oi': 1, 'p': 0.22, 'ofs': 0.22, 'hedef_ofs': 0.22, 'bb': 0.66, 'pay': 0.0, 'durum': 'kapali', 'gecikme_ms': None}, {'oi': 1, 'p': 0.15, 'ofs': 0.15, 'hedef_ofs': 0.15, 'bb': 0.66, 'pay': 0.0, 'durum': 'kapali', 'gecikme_ms': None}, {'oi': 1, 'p': 0.1, 'ofs': 0.1, 'hedef_ofs': 0.1, 'bb': 0.66, 'pay': 0.0, 'durum': 'kapali', 'gecikme_ms': None}, {'oi': 1, 'p': 0.06, 'ofs': 0.06, 'hedef_ofs': 0.06, 'bb': 0.66, 'pay': 0.0, 'durum': 'kapali', 'gecikme_ms': None}, {'oi': 1, 'p': 0.03, 'ofs': 0.03, 'hedef_ofs': 0.03, 'bb': 0.66, 'pay': 0.0, 'durum': 'kapali', 'gecikme_ms': None}]
  [02:25:05] BOY: S=1789784700 klip=5.0 kol=A
  [02:25:06] pencere: sym=btc S=1789784700 kol=A tokens=[0, 1] emir=13 kabul=[6, 7] fiyatlar=[(0, 0.3, 0.3, 0.3), (0, 0.22, 0.22, 0.22), (0, 0.15, 0.15, 0.15), (0, 0.1, 0.1, 0.1), (0, 0.06, 0.06, 0.06), (0, 0.03, 0.03, 0.03), (1, 0.4, 0.4, 0.4), (1, 0.3, 0.3, 0.3), (1, 0.22, 0.22, 0.22), (1, 0.15, 0.15, 0.15), (1, 0.1, 0.1, 0.1), (1, 0.06, 0.06, 0.06), (1, 0.03, 0.03, 0.03)]
  [02:25:13] dolum: sym=btc S=1789784700 oi=0 p=0.3 ofset=0.3 yeni=5.0 toplam=5.0 kaynak=yoklama gecen_sn=13.6
  [02:26:12] dolum: sym=btc S=1789784700 oi=0 p=0.22 ofset=0.22 yeni=5.0 toplam=5.0 kaynak=yoklama gecen_sn=72.3
  [02:26:14] DENGE_SINIRI: sym=btc S=1789784700 agir=Up up=10.0 down=0.0 iptal=6 kalan_hafif=7
  [02:27:35] maruziyet: acik_pozisyon=0 pazar=0 dis_risk=0.0
  [02:27:41] mutabakat: pnl=-4.52 yerel=1.09 etkin=-4.52 pencere=84 risk=2.6 emir=1125 dolum=84 pay=2000.3 geri_cekilen=1 red=19
  [02:28:20] GEC_UCUZ_KESILDI: sym=btc S=1789784700 iptal=5 fiyatlar=[0.03, 0.06, 0.1, 0.15, 0.22] kalan_acik=2
  [02:30:05] BOY: S=1789785000 klip=5.0 kol=A
  [02:30:06] pencere: sym=btc S=1789785000 kol=A tokens=[0, 1] emir=13 kabul=[6, 7] fiyatlar=[(0, 0.3, 0.3, 0.3), (0, 0.22, 0.22, 0.22), (0, 0.15, 0.15, 0.15), (0, 0.1, 0.1, 0.1), (0, 0.06, 0.06, 0.06), (0, 0.03, 0.03, 0.03), (1, 0.4, 0.4, 0.4), (1, 0.3, 0.3, 0.3), (1, 0.22, 0.22, 0.22), (1, 0.15, 0.15, 0.15), (1, 0.1, 0.1, 0.1), (1, 0.06, 0.06, 0.06), (1, 0.03, 0.03, 0.03)]
  [02:30:23] dolum: sym=btc S=1789785000 oi=0 p=0.3 ofset=0.3 yeni=5.0 toplam=5.0 kaynak=yoklama gecen_sn=23.5
  [02:30:25] COZULDU: sym=btc S=1789784400 kol=A kazanan=0 pay=15.0 maliyet=4.6 pnl=0.4 geri_cekildi=None emirler=[{'oi': 0, 'p': 0.4, 'ofs': 0.4, 'hedef_ofs': 0.4, 'bb': 0.55, 'pay': 5.0, 'durum': 'kapali', 'gecikme_ms': 38830}, {'oi': 0, 'p': 0.3, 'ofs': 0.3, 'hedef_ofs': 0.3, 'bb': 0.55, 'pay': 0.0, 'durum': 'kapali', 'gecikme_ms': None}, {'oi': 0, 'p': 0.22, 'ofs': 0.22, 'hedef_ofs': 0.22, 'bb': 0.55, 'pay': 0.0, 'durum': 'kapali', 'gecikme_ms': None}, {'oi': 0, 'p': 0.15, 'ofs': 0.15, 'hedef_ofs': 0.15, 'bb': 0.55, 'pay': 0.0, 'durum': 'kapali', 'gecikme_ms': None}, {'oi': 0, 'p': 0.1, 'ofs': 0.1, 'hedef_ofs': 0.1, 'bb': 0.55, 'pay': 0.0, 'durum': 'kapali', 'gecikme_ms': None}, {'oi': 0, 'p': 0.06, 'ofs': 0.06, 'hedef_ofs': 0.06, 'bb': 0.55, 'pay': 0.0, 'durum': 'kapali', 'gecikme_ms': None}, {'oi': 0, 'p': 0.03, 'ofs': 0.03, 'hedef_ofs': 0.03, 'bb': 0.55, 'pay': 0.0, 'durum': 'kapali', 'gecikme_ms': None}, {'oi': 1, 'p': 0.3, 'ofs': 0.3, 'hedef_ofs': 0.3, 'bb': 0.44, 'pay': 5.0, 'durum': 'kapali', 'gecikme_ms': 12478}, {'oi': 1, 'p': 0.22, 'ofs': 0.22, 'hedef_ofs': 0.22, 'bb': 0.44, 'pay': 5.0, 'durum': 'kapali', 'gecikme_ms': 180105}, {'oi': 1, 'p': 0.15, 'ofs': 0.15, 'hedef_ofs': 0.15, 'bb': 0.44, 'pay': 0.0, 'durum': 'kapali', 'gecikme_ms': None}, {'oi': 1, 'p': 0.1, 'ofs': 0.1, 'hedef_ofs': 0.1, 'bb': 0.44, 'pay': 0.0, 'durum': 'kapali', 'gecikme_ms': None}, {'oi': 1, 'p': 0.06, 'ofs': 0.06, 'hedef_ofs': 0.06, 'bb': 0.44, 'pay': 0.0, 'durum': 'kapali', 'gecikme_ms': None}, {'oi': 1, 'p': 0.03, 'ofs': 0.03, 'hedef_ofs': 0.03, 'bb': 0.44, 'pay': 0.0, 'durum': 'kapali', 'gecikme_ms': None}]
  [02:30:37] dolum: sym=btc S=1789785000 oi=1 p=0.4 ofset=0.4 yeni=5.0 toplam=5.0 kaynak=yoklama gecen_sn=37.7
  [02:31:43] dolum: sym=btc S=1789785000 oi=1 p=0.3 ofset=0.3 yeni=5.0 toplam=5.0 kaynak=yoklama gecen_sn=103.2
  [02:31:55] maruziyet: acik_pozisyon=0 pazar=0 dis_risk=0.0
  [02:32:01] mutabakat: pnl=-4.12 yerel=1.49 etkin=-4.12 pencere=85 risk=5.4 emir=1138 dolum=85 pay=2015.3 geri_cekilen=1 red=19
  [02:32:04] dolum: sym=btc S=1789785000 oi=1 p=0.22 ofset=0.22 yeni=5.0 toplam=5.0 kaynak=yoklama gecen_sn=124.7
  [02:32:05] DENGE_SINIRI: sym=btc S=1789785000 agir=Down up=5.0 down=15.0 iptal=7 kalan_hafif=6
  [02:33:21] GEC_UCUZ_KESILDI: sym=btc S=1789785000 iptal=5 fiyatlar=[0.03, 0.06, 0.1, 0.15, 0.22] kalan_acik=1
  [02:35:05] BOY: S=1789785300 klip=5.0 kol=A
  [02:35:06] pencere: sym=btc S=1789785300 kol=A tokens=[0, 1] emir=11 kabul=[4, 7] fiyatlar=[(0, 0.15, 0.15, 0.15), (0, 0.1, 0.1, 0.1), (0, 0.06, 0.06, 0.06), (0, 0.03, 0.03, 0.03), (1, 0.4, 0.4, 0.4), (1, 0.3, 0.3, 0.3), (1, 0.22, 0.22, 0.22), (1, 0.15, 0.15, 0.15), (1, 0.1, 0.1, 0.1), (1, 0.06, 0.06, 0.06), (1, 0.03, 0.03, 0.03)]
  [02:35:26] COZULDU: sym=btc S=1789784700 kol=A kazanan=1 pay=10.0 maliyet=2.6 pnl=-2.6 geri_cekildi=None emirler=[{'oi': 0, 'p': 0.3, 'ofs': 0.3, 'hedef_ofs': 0.3, 'bb': 0.41, 'pay': 5.0, 'durum': 'kapali', 'gecikme_ms': 6994}, {'oi': 0, 'p': 0.22, 'ofs': 0.22, 'hedef_ofs': 0.22, 'bb': 0.41, 'pay': 5.0, 'durum': 'kapali', 'gecikme_ms': 65668}, {'oi': 0, 'p': 0.15, 'ofs': 0.15, 'hedef_ofs': 0.15, 'bb': 0.41, 'pay': 0.0, 'durum': 'kapali', 'gecikme_ms': None}, {'oi': 0, 'p': 0.1, 'ofs': 0.1, 'hedef_ofs': 0.1, 'bb': 0.41, 'pay': 0.0, 'durum': 'kapali', 'gecikme_ms': None}, {'oi': 0, 'p': 0.06, 'ofs': 0.06, 'hedef_ofs': 0.06, 'bb': 0.41, 'pay': 0.0, 'durum': 'kapali', 'gecikme_ms': None}, {'oi': 0, 'p': 0.03, 'ofs': 0.03, 'hedef_ofs': 0.03, 'bb': 0.41, 'pay': 0.0, 'durum': 'kapali', 'gecikme_ms': None}, {'oi': 1, 'p': 0.4, 'ofs': 0.4, 'hedef_ofs': 0.4, 'bb': 0.58, 'pay': 0.0, 'durum': 'kapali', 'gecikme_ms': None}, {'oi': 1, 'p': 0.3, 'ofs': 0.3, 'hedef_ofs': 0.3, 'bb': 0.58, 'pay': 0.0, 'durum': 'kapali', 'gecikme_ms': None}, {'oi': 1, 'p': 0.22, 'ofs': 0.22, 'hedef_ofs': 0.22, 'bb': 0.58, 'pay': 0.0, 'durum': 'kapali', 'gecikme_ms': None}, {'oi': 1, 'p': 0.15, 'ofs': 0.15, 'hedef_ofs': 0.15, 'bb': 0.58, 'pay': 0.0, 'durum': 'kapali', 'gecikme_ms': None}, {'oi': 1, 'p': 0.1, 'ofs': 0.1, 'hedef_ofs': 0.1, 'bb': 0.58, 'pay': 0.0, 'durum': 'kapali', 'gecikme_ms': None}, {'oi': 1, 'p': 0.06, 'ofs': 0.06, 'hedef_ofs': 0.06, 'bb': 0.58, 'pay': 0.0, 'durum': 'kapali', 'gecikme_ms': None}, {'oi': 1, 'p': 0.03, 'ofs': 0.03, 'hedef_ofs': 0.03, 'bb': 0.58, 'pay': 0.0, 'durum': 'kapali', 'gecikme_ms': None}]
  [02:36:07] dolum: sym=btc S=1789785300 oi=0 p=0.15 ofset=0.15 yeni=5.0 toplam=5.0 kaynak=yoklama gecen_sn=67.7
  [02:36:16] maruziyet: acik_pozisyon=0 pazar=0 dis_risk=0.0
  [02:36:21] mutabakat: pnl=-6.72 yerel=-1.11 etkin=-6.72 pencere=86 risk=3.15 emir=1149 dolum=86 pay=2025.3 geri_cekilen=1 red=19
  [02:37:27] dolum: sym=btc S=1789785300 oi=1 p=0.4 ofset=0.4 yeni=4.993 toplam=4.993 kaynak=yoklama gecen_sn=147.0
  [02:37:36] dolum: sym=btc S=1789785300 oi=1 p=0.3 ofset=0.3 yeni=5.0 toplam=5.0 kaynak=yoklama gecen_sn=156.4
  [02:37:58] dolum: sym=btc S=1789785300 oi=1 p=0.22 ofset=0.22 yeni=5.0 toplam=5.0 kaynak=yoklama gecen_sn=178.1
  [02:37:58] dolum: sym=btc S=1789785300 oi=1 p=0.15 ofset=0.15 yeni=5.0 toplam=5.0 kaynak=yoklama gecen_sn=178.2
  [02:37:59] DENGE_SINIRI: sym=btc S=1789785300 agir=Down up=5.0 down=20.0 iptal=7 kalan_hafif=4
  [02:38:20] GEC_UCUZ_KESILDI: sym=btc S=1789785300 iptal=4 fiyatlar=[0.03, 0.06, 0.1, 0.15] kalan_acik=0
  [02:40:06] BOY: S=1789785600 klip=5.0 kol=A
  [02:40:06] pencere: sym=btc S=1789785600 kol=A tokens=[0, 1] emir=13 kabul=[6, 7] fiyatlar=[(0, 0.3, 0.3, 0.3), (0, 0.22, 0.22, 0.22), (0, 0.15, 0.15, 0.15), (0, 0.1, 0.1, 0.1), (0, 0.06, 0.06, 0.06), (0, 0.03, 0.03, 0.03), (1, 0.4, 0.4, 0.4), (1, 0.3, 0.3, 0.3), (1, 0.22, 0.22, 0.22), (1, 0.15, 0.15, 0.15), (1, 0.1, 0.1, 0.1), (1, 0.06, 0.06, 0.06), (1, 0.03, 0.03, 0.03)]
  [02:40:34] dolum: sym=btc S=1789785600 oi=0 p=0.3 ofset=0.3 yeni=5.0 toplam=5.0 kaynak=yoklama gecen_sn=34.8
  [02:40:36] maruziyet: acik_pozisyon=0 pazar=0 dis_risk=0.0
  [02:40:42] mutabakat: pnl=-6.72 yerel=-1.11 etkin=-6.72 pencere=86 risk=6.5 emir=1162 dolum=86 pay=2025.3 geri_cekilen=1 red=19
  [02:41:08] dolum: sym=btc S=1789785600 oi=0 p=0.22 ofset=0.22 yeni=5.0 toplam=5.0 kaynak=yoklama gecen_sn=68.1
  [02:41:09] DENGE_SINIRI: sym=btc S=1789785600 agir=Up up=10.0 down=0.0 iptal=6 kalan_hafif=7
  [02:41:22] COZULDU: sym=btc S=1789785000 kol=A kazanan=0 pay=20.0 maliyet=6.1 pnl=-1.1 geri_cekildi=None emirler=[{'oi': 0, 'p': 0.3, 'ofs': 0.3, 'hedef_ofs': 0.3, 'bb': 0.42, 'pay': 5.0, 'durum': 'kapali', 'gecikme_ms': 17013}, {'oi': 0, 'p': 0.22, 'ofs': 0.22, 'hedef_ofs': 0.22, 'bb': 0.42, 'pay': 0.0, 'durum': 'kapali', 'gecikme_ms': None}, {'oi': 0, 'p': 0.15, 'ofs': 0.15, 'hedef_ofs': 0.15, 'bb': 0.42, 'pay': 0.0, 'durum': 'kapali', 'gecikme_ms': None}, {'oi': 0, 'p': 0.1, 'ofs': 0.1, 'hedef_ofs': 0.1, 'bb': 0.42, 'pay': 0.0, 'durum': 'kapali', 'gecikme_ms': None}, {'oi': 0, 'p': 0.06, 'ofs': 0.06, 'hedef_ofs': 0.06, 'bb': 0.42, 'pay': 0.0, 'durum': 'kapali', 'gecikme_ms': None}, {'oi': 0, 'p': 0.03, 'ofs': 0.03, 'hedef_ofs': 0.03, 'bb': 0.42, 'pay': 0.0, 'durum': 'kapali', 'gecikme_ms': None}, {'oi': 1, 'p': 0.4, 'ofs': 0.4, 'hedef_ofs': 0.4, 'bb': 0.57, 'pay': 5.0, 'durum': 'kapali', 'gecikme_ms': 31253}, {'oi': 1, 'p': 0.3, 'ofs': 0.3, 'hedef_ofs': 0.3, 'bb': 0.57, 'pay': 5.0, 'durum': 'kapali', 'gecikme_ms': 96764}, {'oi': 1, 'p': 0.22, 'ofs': 0.22, 'hedef_ofs': 0.22, 'bb': 0.57, 'pay': 5.0, 'durum': 'kapali', 'gecikme_ms': 118200}, {'oi': 1, 'p': 0.15, 'ofs': 0.15, 'hedef_ofs': 0.15, 'bb': 0.57, 'pay': 0.0, 'durum': 'kapali', 'gecikme_ms': None}, {'oi': 1, 'p': 0.1, 'ofs': 0.1, 'hedef_ofs': 0.1, 'bb': 0.57, 'pay': 0.0, 'durum': 'kapali', 'gecikme_ms': None}, {'oi': 1, 'p': 0.06, 'ofs': 0.06, 'hedef_ofs': 0.06, 'bb': 0.57, 'pay': 0.0, 'durum': 'kapali', 'gecikme_ms': None}, {'oi': 1, 'p': 0.03, 'ofs': 0.03, 'hedef_ofs': 0.03, 'bb': 0.57, 'pay': 0.0, 'durum': 'kapali', 'gecikme_ms': None}]
  [02:43:20] GEC_UCUZ_KESILDI: sym=btc S=1789785600 iptal=5 fiyatlar=[0.03, 0.06, 0.1, 0.15, 0.22] kalan_acik=2
  [02:43:55] COZULDU: sym=btc S=1789785300 kol=A kazanan=1 pay=24.99 maliyet=6.1 pnl=13.9 geri_cekildi=None emirler=[{'oi': 0, 'p': 0.15, 'ofs': 0.15, 'hedef_ofs': 0.15, 'bb': 0.22, 'pay': 5.0, 'durum': 'kapali', 'gecikme_ms': 61237}, {'oi': 0, 'p': 0.1, 'ofs': 0.1, 'hedef_ofs': 0.1, 'bb': 0.22, 'pay': 0.0, 'durum': 'kapali', 'gecikme_ms': None}, {'oi': 0, 'p': 0.06, 'ofs': 0.06, 'hedef_ofs': 0.06, 'bb': 0.22, 'pay': 0.0, 'durum': 'kapali', 'gecikme_ms': None}, {'oi': 0, 'p': 0.03, 'ofs': 0.03, 'hedef_ofs': 0.03, 'bb': 0.22, 'pay': 0.0, 'durum': 'kapali', 'gecikme_ms': None}, {'oi': 1, 'p': 0.4, 'ofs': 0.4, 'hedef_ofs': 0.4, 'bb': 0.77, 'pay': 4.99, 'durum': 'kapali', 'gecikme_ms': 140579}, {'oi': 1, 'p': 0.3, 'ofs': 0.3, 'hedef_ofs': 0.3, 'bb': 0.77, 'pay': 5.0, 'durum': 'kapali', 'gecikme_ms': 149982}, {'oi': 1, 'p': 0.22, 'ofs': 0.22, 'hedef_ofs': 0.22, 'bb': 0.77, 'pay': 5.0, 'durum': 'kapali', 'gecikme_ms': 171623}, {'oi': 1, 'p': 0.15, 'ofs': 0.15, 'hedef_ofs': 0.15, 'bb': 0.77, 'pay': 5.0, 'durum': 'kapali', 'gecikme_ms': 171722}, {'oi': 1, 'p': 0.1, 'ofs': 0.1, 'hedef_ofs': 0.1, 'bb': 0.77, 'pay': 0.0, 'durum': 'kapali', 'gecikme_ms': None}, {'oi': 1, 'p': 0.06, 'ofs': 0.06, 'hedef_ofs': 0.06, 'bb': 0.77, 'pay': 0.0, 'durum': 'kapali', 'gecikme_ms': None}, {'oi': 1, 'p': 0.03, 'ofs': 0.03, 'hedef_ofs': 0.03, 'bb': 0.77, 'pay': 0.0, 'durum': 'kapali', 'gecikme_ms': None}]
  [02:44:18] dolum: sym=btc S=1789785600 oi=1 p=0.4 ofset=0.4 yeni=5.0 toplam=5.0 kaynak=yoklama gecen_sn=258.5
  [02:44:56] maruziyet: acik_pozisyon=0 pazar=0 dis_risk=0.0
  [02:45:02] mutabakat: pnl=6.08 yerel=11.68 etkin=6.08 pencere=88 risk=0.0 emir=1162 dolum=88 pay=2070.3 geri_cekilen=1 red=19
  [02:45:05] BOY: S=1789785900 klip=5.0 kol=A
  [02:45:06] pencere: sym=btc S=1789785900 kol=A tokens=[0, 1] emir=12 kabul=[5, 7] fiyatlar=[(0, 0.22, 0.22, 0.22), (0, 0.15, 0.15, 0.15), (0, 0.1, 0.1, 0.1), (0, 0.06, 0.06, 0.06), (0, 0.03, 0.03, 0.03), (1, 0.4, 0.4, 0.4), (1, 0.3, 0.3, 0.3), (1, 0.22, 0.22, 0.22), (1, 0.15, 0.15, 0.15), (1, 0.1, 0.1, 0.1), (1, 0.06, 0.06, 0.06), (1, 0.03, 0.03, 0.03)]
  [02:45:25] dolum: sym=btc S=1789785900 oi=0 p=0.22 ofset=0.22 yeni=5.0 toplam=5.0 kaynak=yoklama gecen_sn=25.8
  [02:47:10] dolum: sym=btc S=1789785900 oi=0 p=0.15 ofset=0.15 yeni=4.997 toplam=4.997 kaynak=yoklama gecen_sn=130.3
  [02:47:11] DENGE_SINIRI: sym=btc S=1789785900 agir=Up up=10.0 down=0.0 iptal=5 kalan_hafif=7
  [02:48:21] GEC_UCUZ_KESILDI: sym=btc S=1789785900 iptal=5 fiyatlar=[0.03, 0.06, 0.1, 0.15, 0.22] kalan_acik=2
  [02:49:17] maruziyet: acik_pozisyon=0 pazar=0 dis_risk=0.0
  [02:49:22] mutabakat: pnl=6.08 yerel=11.68 etkin=6.08 pencere=88 risk=1.85 emir=1174 dolum=88 pay=2070.3 geri_cekilen=1 red=19
  [02:50:05] BOY: S=1789786200 klip=5.0 kol=A
  [02:50:06] pencere: sym=btc S=1789786200 kol=A tokens=[0, 1] emir=14 kabul=[7, 7] fiyatlar=[(0, 0.4, 0.4, 0.4), (0, 0.3, 0.3, 0.3), (0, 0.22, 0.22, 0.22), (0, 0.15, 0.15, 0.15), (0, 0.1, 0.1, 0.1), (0, 0.06, 0.06, 0.06), (0, 0.03, 0.03, 0.03), (1, 0.4, 0.4, 0.4), (1, 0.3, 0.3, 0.3), (1, 0.22, 0.22, 0.22), (1, 0.15, 0.15, 0.15), (1, 0.1, 0.1, 0.1), (1, 0.06, 0.06, 0.06), (1, 0.03, 0.03, 0.03)]
  [02:50:08] COZULDU: sym=btc S=1789785600 kol=A kazanan=1 pay=15.0 maliyet=4.6 pnl=0.4 geri_cekildi=None emirler=[{'oi': 0, 'p': 0.3, 'ofs': 0.3, 'hedef_ofs': 0.3, 'bb': 0.36, 'pay': 5.0, 'durum': 'kapali', 'gecikme_ms': 27941}, {'oi': 0, 'p': 0.22, 'ofs': 0.22, 'hedef_ofs': 0.22, 'bb': 0.36, 'pay': 5.0, 'durum': 'kapali', 'gecikme_ms': 61186}, {'oi': 0, 'p': 0.15, 'ofs': 0.15, 'hedef_ofs': 0.15, 'bb': 0.36, 'pay': 0.0, 'durum': 'kapali', 'gecikme_ms': None}, {'oi': 0, 'p': 0.1, 'ofs': 0.1, 'hedef_ofs': 0.1, 'bb': 0.36, 'pay': 0.0, 'durum': 'kapali', 'gecikme_ms': None}, {'oi': 0, 'p': 0.06, 'ofs': 0.06, 'hedef_ofs': 0.06, 'bb': 0.36, 'pay': 0.0, 'durum': 'kapali', 'gecikme_ms': None}, {'oi': 0, 'p': 0.03, 'ofs': 0.03, 'hedef_ofs': 0.03, 'bb': 0.36, 'pay': 0.0, 'durum': 'kapali', 'gecikme_ms': None}, {'oi': 1, 'p': 0.4, 'ofs': 0.4, 'hedef_ofs': 0.4, 'bb': 0.63, 'pay': 5.0, 'durum': 'kapali', 'gecikme_ms': 251577}, {'oi': 1, 'p': 0.3, 'ofs': 0.3, 'hedef_ofs': 0.3, 'bb': 0.63, 'pay': 0.0, 'durum': 'kapali', 'gecikme_ms': None}, {'oi': 1, 'p': 0.22, 'ofs': 0.22, 'hedef_ofs': 0.22, 'bb': 0.63, 'pay': 0.0, 'durum': 'kapali', 'gecikme_ms': None}, {'oi': 1, 'p': 0.15, 'ofs': 0.15, 'hedef_ofs': 0.15, 'bb': 0.63, 'pay': 0.0, 'durum': 'kapali', 'gecikme_ms': None}, {'oi': 1, 'p': 0.1, 'ofs': 0.1, 'hedef_ofs': 0.1, 'bb': 0.63, 'pay': 0.0, 'durum': 'kapali', 'gecikme_ms': None}, {'oi': 1, 'p': 0.06, 'ofs': 0.06, 'hedef_ofs': 0.06, 'bb': 0.63, 'pay': 0.0, 'durum': 'kapali', 'gecikme_ms': None}, {'oi': 1, 'p': 0.03, 'ofs': 0.03, 'hedef_ofs': 0.03, 'bb': 0.63, 'pay': 0.0, 'durum': 'kapali', 'gecikme_ms': None}]
  [02:50:33] dolum: sym=btc S=1789786200 oi=0 p=0.4 ofset=0.4 yeni=5.0 toplam=5.0 kaynak=yoklama gecen_sn=33.2
  [02:50:33] dolum: sym=btc S=1789786200 oi=0 p=0.3 ofset=0.3 yeni=5.0 toplam=5.0 kaynak=yoklama gecen_sn=33.3
  [02:50:36] DENGE_SINIRI: sym=btc S=1789786200 agir=Up up=10.0 down=0.0 iptal=7 kalan_hafif=7
  [02:53:21] GEC_UCUZ_KESILDI: sym=btc S=1789786200 iptal=5 fiyatlar=[0.03, 0.06, 0.1, 0.15, 0.22] kalan_acik=2
  [02:53:37] maruziyet: acik_pozisyon=0 pazar=0 dis_risk=0.0
  [02:53:43] mutabakat: pnl=6.48 yerel=12.08 etkin=6.48 pencere=89 risk=5.35 emir=1188 dolum=89 pay=2085.3 geri_cekilen=1 red=19
  [02:55:05] BOY: S=1789786500 klip=5.0 kol=A
  [02:55:06] pencere: sym=btc S=1789786500 kol=A tokens=[0, 1] emir=13 kabul=[6, 7] fiyatlar=[(0, 0.3, 0.3, 0.3), (0, 0.22, 0.22, 0.22), (0, 0.15, 0.15, 0.15), (0, 0.1, 0.1, 0.1), (0, 0.06, 0.06, 0.06), (0, 0.03, 0.03, 0.03), (1, 0.4, 0.4, 0.4), (1, 0.3, 0.3, 0.3), (1, 0.22, 0.22, 0.22), (1, 0.15, 0.15, 0.15), (1, 0.1, 0.1, 0.1), (1, 0.06, 0.06, 0.06), (1, 0.03, 0.03, 0.03)]
  [02:55:18] COZULDU: sym=btc S=1789785900 kol=A kazanan=1 pay=10.0 maliyet=1.85 pnl=-1.85 geri_cekildi=None emirler=[{'oi': 0, 'p': 0.22, 'ofs': 0.22, 'hedef_ofs': 0.22, 'bb': 0.33, 'pay': 5.0, 'durum': 'kapali', 'gecikme_ms': 19348}, {'oi': 0, 'p': 0.15, 'ofs': 0.15, 'hedef_ofs': 0.15, 'bb': 0.33, 'pay': 5.0, 'durum': 'kapali', 'gecikme_ms': 123847}, {'oi': 0, 'p': 0.1, 'ofs': 0.1, 'hedef_ofs': 0.1, 'bb': 0.33, 'pay': 0.0, 'durum': 'kapali', 'gecikme_ms': None}, {'oi': 0, 'p': 0.06, 'ofs': 0.06, 'hedef_ofs': 0.06, 'bb': 0.33, 'pay': 0.0, 'durum': 'kapali', 'gecikme_ms': None}, {'oi': 0, 'p': 0.03, 'ofs': 0.03, 'hedef_ofs': 0.03, 'bb': 0.33, 'pay': 0.0, 'durum': 'kapali', 'gecikme_ms': None}, {'oi': 1, 'p': 0.4, 'ofs': 0.4, 'hedef_ofs': 0.4, 'bb': 0.66, 'pay': 0.0, 'durum': 'kapali', 'gecikme_ms': None}, {'oi': 1, 'p': 0.3, 'ofs': 0.3, 'hedef_ofs': 0.3, 'bb': 0.66, 'pay': 0.0, 'durum': 'kapali', 'gecikme_ms': None}, {'oi': 1, 'p': 0.22, 'ofs': 0.22, 'hedef_ofs': 0.22, 'bb': 0.66, 'pay': 0.0, 'durum': 'kapali', 'gecikme_ms': None}, {'oi': 1, 'p': 0.15, 'ofs': 0.15, 'hedef_ofs': 0.15, 'bb': 0.66, 'pay': 0.0, 'durum': 'kapali', 'gecikme_ms': None}, {'oi': 1, 'p': 0.1, 'ofs': 0.1, 'hedef_ofs': 0.1, 'bb': 0.66, 'pay': 0.0, 'durum': 'kapali', 'gecikme_ms': None}, {'oi': 1, 'p': 0.06, 'ofs': 0.06, 'hedef_ofs': 0.06, 'bb': 0.66, 'pay': 0.0, 'durum': 'kapali', 'gecikme_ms': None}, {'oi': 1, 'p': 0.03, 'ofs': 0.03, 'hedef_ofs': 0.03, 'bb': 0.66, 'pay': 0.0, 'durum': 'kapali', 'gecikme_ms': None}]
  [02:55:44] dolum: sym=btc S=1789786500 oi=1 p=0.4 ofset=0.4 yeni=3.607 toplam=3.607 kaynak=yoklama gecen_sn=44.2
  [02:55:50] dolum: sym=btc S=1789786500 oi=1 p=0.4 ofset=0.4 yeni=1.39 toplam=4.997 kaynak=yoklama gecen_sn=50.8
  [02:57:07] dolum: sym=btc S=1789786500 oi=0 p=0.3 ofset=0.3 yeni=5.0 toplam=5.0 kaynak=yoklama gecen_sn=127.3
  [02:57:07] dolum: sym=btc S=1789786500 oi=0 p=0.22 ofset=0.22 yeni=5.0 toplam=5.0 kaynak=yoklama gecen_sn=127.4
  [02:57:40] dolum: sym=btc S=1789786500 oi=0 p=0.15 ofset=0.15 yeni=4.993 toplam=4.993 kaynak=yoklama gecen_sn=160.9
  [02:57:42] DENGE_SINIRI: sym=btc S=1789786500 agir=Up up=15.0 down=5.0 iptal=6 kalan_hafif=7
  [02:57:57] maruziyet: acik_pozisyon=0 pazar=0 dis_risk=0.0
  [02:58:02] mutabakat: pnl=5.03 yerel=10.23 etkin=5.03 pencere=90 risk=3.85 emir=1201 dolum=90 pay=2095.3 geri_cekilen=1 red=19
  [02:58:20] GEC_UCUZ_KESILDI: sym=btc S=1789786500 iptal=5 fiyatlar=[0.03, 0.06, 0.1, 0.15, 0.22] kalan_acik=2
  [03:00:06] BOY: S=1789786800 klip=5.0 kol=A
  [03:00:06] pencere: sym=btc S=1789786800 kol=A tokens=[0, 1] emir=12 kabul=[7, 5] fiyatlar=[(0, 0.4, 0.4, 0.4), (0, 0.3, 0.3, 0.3), (0, 0.22, 0.22, 0.22), (0, 0.15, 0.15, 0.15), (0, 0.1, 0.1, 0.1), (0, 0.06, 0.06, 0.06), (0, 0.03, 0.03, 0.03), (1, 0.22, 0.22, 0.22), (1, 0.15, 0.15, 0.15), (1, 0.1, 0.1, 0.1), (1, 0.06, 0.06, 0.06), (1, 0.03, 0.03, 0.03)]
  [03:01:11] dolum: sym=btc S=1789786800 oi=1 p=0.22 ofset=0.22 yeni=5.0 toplam=5.0 kaynak=yoklama gecen_sn=71.2
  [03:01:27] dolum: sym=btc S=1789786800 oi=1 p=0.15 ofset=0.15 yeni=5.0 toplam=5.0 kaynak=yoklama gecen_sn=87.9
  [03:01:28] DENGE_SINIRI: sym=btc S=1789786800 agir=Down up=0.0 down=10.0 iptal=5 kalan_hafif=7
  [03:02:06] COZULDU: sym=btc S=1789786200 kol=A kazanan=1 pay=10.0 maliyet=3.5 pnl=-3.5 geri_cekildi=None emirler=[{'oi': 0, 'p': 0.4, 'ofs': 0.4, 'hedef_ofs': 0.4, 'bb': 0.49, 'pay': 5.0, 'durum': 'kapali', 'gecikme_ms': 26768}, {'oi': 0, 'p': 0.3, 'ofs': 0.3, 'hedef_ofs': 0.3, 'bb': 0.49, 'pay': 5.0, 'durum': 'kapali', 'gecikme_ms': 26863}, {'oi': 0, 'p': 0.22, 'ofs': 0.22, 'hedef_ofs': 0.22, 'bb': 0.49, 'pay': 0.0, 'durum': 'kapali', 'gecikme_ms': None}, {'oi': 0, 'p': 0.15, 'ofs': 0.15, 'hedef_ofs': 0.15, 'bb': 0.49, 'pay': 0.0, 'durum': 'kapali', 'gecikme_ms': None}, {'oi': 0, 'p': 0.1, 'ofs': 0.1, 'hedef_ofs': 0.1, 'bb': 0.49, 'pay': 0.0, 'durum': 'kapali', 'gecikme_ms': None}, {'oi': 0, 'p': 0.06, 'ofs': 0.06, 'hedef_ofs': 0.06, 'bb': 0.49, 'pay': 0.0, 'durum': 'kapali', 'gecikme_ms': None}, {'oi': 0, 'p': 0.03, 'ofs': 0.03, 'hedef_ofs': 0.03, 'bb': 0.49, 'pay': 0.0, 'durum': 'kapali', 'gecikme_ms': None}, {'oi': 1, 'p': 0.4, 'ofs': 0.4, 'hedef_ofs': 0.4, 'bb': 0.5, 'pay': 0.0, 'durum': 'kapali', 'gecikme_ms': None}, {'oi': 1, 'p': 0.3, 'ofs': 0.3, 'hedef_ofs': 0.3, 'bb': 0.5, 'pay': 0.0, 'durum': 'kapali', 'gecikme_ms': None}, {'oi': 1, 'p': 0.22, 'ofs': 0.22, 'hedef_ofs': 0.22, 'bb': 0.5, 'pay': 0.0, 'durum': 'kapali', 'gecikme_ms': None}, {'oi': 1, 'p': 0.15, 'ofs': 0.15, 'hedef_ofs': 0.15, 'bb': 0.5, 'pay': 0.0, 'durum': 'kapali', 'gecikme_ms': None}, {'oi': 1, 'p': 0.1, 'ofs': 0.1, 'hedef_ofs': 0.1, 'bb': 0.5, 'pay': 0.0, 'durum': 'kapali', 'gecikme_ms': None}, {'oi': 1, 'p': 0.06, 'ofs': 0.06, 'hedef_ofs': 0.06, 'bb': 0.5, 'pay': 0.0, 'durum': 'kapali', 'gecikme_ms': None}, {'oi': 1, 'p': 0.03, 'ofs': 0.03, 'hedef_ofs': 0.03, 'bb': 0.5, 'pay': 0.0, 'durum': 'kapali', 'gecikme_ms': None}]
  [03:02:18] maruziyet: acik_pozisyon=0 pazar=0 dis_risk=0.0
  [03:02:24] mutabakat: pnl=1.53 yerel=6.73 etkin=1.53 pencere=91 risk=2.2 emir=1213 dolum=91 pay=2105.3 geri_cekilen=1 red=19
  [03:03:21] GEC_UCUZ_KESILDI: sym=btc S=1789786800 iptal=5 fiyatlar=[0.03, 0.06, 0.1, 0.15, 0.22] kalan_acik=2
  [03:05:06] BOY: S=1789787100 klip=5.0 kol=A
  [03:05:06] pencere: sym=btc S=1789787100 kol=A tokens=[0, 1] emir=11 kabul=[7, 4] fiyatlar=[(0, 0.4, 0.4, 0.4), (0, 0.3, 0.3, 0.3), (0, 0.22, 0.22, 0.22), (0, 0.15, 0.15, 0.15), (0, 0.1, 0.1, 0.1), (0, 0.06, 0.06, 0.06), (0, 0.03, 0.03, 0.03), (1, 0.15, 0.15, 0.15), (1, 0.1, 0.1, 0.1), (1, 0.06, 0.06, 0.06), (1, 0.03, 0.03, 0.03)]
  [03:06:01] dolum: sym=btc S=1789787100 oi=0 p=0.4 ofset=0.4 yeni=5.0 toplam=5.0 kaynak=yoklama gecen_sn=61.9
  [03:06:26] COZULDU: sym=btc S=1789786500 kol=A kazanan=1 pay=19.99 maliyet=5.35 pnl=-0.35 geri_cekildi=None emirler=[{'oi': 0, 'p': 0.3, 'ofs': 0.3, 'hedef_ofs': 0.3, 'bb': 0.37, 'pay': 5.0, 'durum': 'kapali', 'gecikme_ms': 120652}, {'oi': 0, 'p': 0.22, 'ofs': 0.22, 'hedef_ofs': 0.22, 'bb': 0.37, 'pay': 5.0, 'durum': 'kapali', 'gecikme_ms': 120750}, {'oi': 0, 'p': 0.15, 'ofs': 0.15, 'hedef_ofs': 0.15, 'bb': 0.37, 'pay': 4.99, 'durum': 'kapali', 'gecikme_ms': 154342}, {'oi': 0, 'p': 0.1, 'ofs': 0.1, 'hedef_ofs': 0.1, 'bb': 0.37, 'pay': 0.0, 'durum': 'kapali', 'gecikme_ms': None}, {'oi': 0, 'p': 0.06, 'ofs': 0.06, 'hedef_ofs': 0.06, 'bb': 0.37, 'pay': 0.0, 'durum': 'kapali', 'gecikme_ms': None}, {'oi': 0, 'p': 0.03, 'ofs': 0.03, 'hedef_ofs': 0.03, 'bb': 0.37, 'pay': 0.0, 'durum': 'kapali', 'gecikme_ms': None}, {'oi': 1, 'p': 0.4, 'ofs': 0.4, 'hedef_ofs': 0.4, 'bb': 0.6, 'pay': 5.0, 'durum': 'kapali', 'gecikme_ms': 37577}, {'oi': 1, 'p': 0.3, 'ofs': 0.3, 'hedef_ofs': 0.3, 'bb': 0.6, 'pay': 0.0, 'durum': 'kapali', 'gecikme_ms': None}, {'oi': 1, 'p': 0.22, 'ofs': 0.22, 'hedef_ofs': 0.22, 'bb': 0.6, 'pay': 0.0, 'durum': 'kapali', 'gecikme_ms': None}, {'oi': 1, 'p': 0.15, 'ofs': 0.15, 'hedef_ofs': 0.15, 'bb': 0.6, 'pay': 0.0, 'durum': 'kapali', 'gecikme_ms': None}, {'oi': 1, 'p': 0.1, 'ofs': 0.1, 'hedef_ofs': 0.1, 'bb': 0.6, 'pay': 0.0, 'durum': 'kapali', 'gecikme_ms': None}, {'oi': 1, 'p': 0.06, 'ofs': 0.06, 'hedef_ofs': 0.06, 'bb': 0.6, 'pay': 0.0, 'durum': 'kapali', 'gecikme_ms': None}, {'oi': 1, 'p': 0.03, 'ofs': 0.03, 'hedef_ofs': 0.03, 'bb': 0.6, 'pay': 0.0, 'durum': 'kapali', 'gecikme_ms': None}]
  [03:06:35] dolum: sym=btc S=1789787100 oi=0 p=0.3 ofset=0.3 yeni=5.0 toplam=5.0 kaynak=yoklama gecen_sn=95.1
  [03:06:36] DENGE_SINIRI: sym=btc S=1789787100 agir=Up up=10.0 down=0.0 iptal=7 kalan_hafif=4
  [03:06:38] maruziyet: acik_pozisyon=0 pazar=0 dis_risk=0.0
  [03:06:43] mutabakat: pnl=1.18 yerel=6.38 etkin=1.18 pencere=92 risk=5.35 emir=1224 dolum=92 pay=2125.3 geri_cekilen=1 red=19
  [03:07:16] COZULDU: sym=btc S=1789786800 kol=A kazanan=0 pay=10.0 maliyet=1.85 pnl=-1.85 geri_cekildi=None emirler=[{'oi': 0, 'p': 0.4, 'ofs': 0.4, 'hedef_ofs': 0.4, 'bb': 0.64, 'pay': 0.0, 'durum': 'kapali', 'gecikme_ms': None}, {'oi': 0, 'p': 0.3, 'ofs': 0.3, 'hedef_ofs': 0.3, 'bb': 0.64, 'pay': 0.0, 'durum': 'kapali', 'gecikme_ms': None}, {'oi': 0, 'p': 0.22, 'ofs': 0.22, 'hedef_ofs': 0.22, 'bb': 0.64, 'pay': 0.0, 'durum': 'kapali', 'gecikme_ms': None}, {'oi': 0, 'p': 0.15, 'ofs': 0.15, 'hedef_ofs': 0.15, 'bb': 0.64, 'pay': 0.0, 'durum': 'kapali', 'gecikme_ms': None}, {'oi': 0, 'p': 0.1, 'ofs': 0.1, 'hedef_ofs': 0.1, 'bb': 0.64, 'pay': 0.0, 'durum': 'kapali', 'gecikme_ms': None}, {'oi': 0, 'p': 0.06, 'ofs': 0.06, 'hedef_ofs': 0.06, 'bb': 0.64, 'pay': 0.0, 'durum': 'kapali', 'gecikme_ms': None}, {'oi': 0, 'p': 0.03, 'ofs': 0.03, 'hedef_ofs': 0.03, 'bb': 0.64, 'pay': 0.0, 'durum': 'kapali', 'gecikme_ms': None}, {'oi': 1, 'p': 0.22, 'ofs': 0.22, 'hedef_ofs': 0.22, 'bb': 0.35, 'pay': 5.0, 'durum': 'kapali', 'gecikme_ms': 64295}, {'oi': 1, 'p': 0.15, 'ofs': 0.15, 'hedef_ofs': 0.15, 'bb': 0.35, 'pay': 5.0, 'durum': 'kapali', 'gecikme_ms': 81067}, {'oi': 1, 'p': 0.1, 'ofs': 0.1, 'hedef_ofs': 0.1, 'bb': 0.35, 'pay': 0.0, 'durum': 'kapali', 'gecikme_ms': None}, {'oi': 1, 'p': 0.06, 'ofs': 0.06, 'hedef_ofs': 0.06, 'bb': 0.35, 'pay': 0.0, 'durum': 'kapali', 'gecikme_ms': None}, {'oi': 1, 'p': 0.03, 'ofs': 0.03, 'hedef_ofs': 0.03, 'bb': 0.35, 'pay': 0.0, 'durum': 'kapali', 'gecikme_ms': None}]
  [03:08:20] GEC_UCUZ_KESILDI: sym=btc S=1789787100 iptal=4 fiyatlar=[0.03, 0.06, 0.1, 0.15] kalan_acik=0
  [03:10:05] BOY: S=1789787400 klip=5.0 kol=A
  [03:10:06] pencere: sym=btc S=1789787400 kol=A tokens=[0, 1] emir=13 kabul=[6, 7] fiyatlar=[(0, 0.3, 0.3, 0.3), (0, 0.22, 0.22, 0.22), (0, 0.15, 0.15, 0.15), (0, 0.1, 0.1, 0.1), (0, 0.06, 0.06, 0.06), (0, 0.03, 0.03, 0.03), (1, 0.4, 0.4, 0.4), (1, 0.3, 0.3, 0.3), (1, 0.22, 0.22, 0.22), (1, 0.15, 0.15, 0.15), (1, 0.1, 0.1, 0.1), (1, 0.06, 0.06, 0.06), (1, 0.03, 0.03, 0.03)]
  [03:10:48] dolum: sym=btc S=1789787400 oi=0 p=0.3 ofset=0.3 yeni=5.0 toplam=5.0 kaynak=yoklama gecen_sn=48.2
  [03:10:53] dolum: sym=btc S=1789787400 oi=0 p=0.22 ofset=0.22 yeni=4.994 toplam=4.994 kaynak=yoklama gecen_sn=53.5
  [03:10:55] DENGE_SINIRI: sym=btc S=1789787400 agir=Up up=10.0 down=0.0 iptal=6 kalan_hafif=7
  [03:10:59] maruziyet: acik_pozisyon=0 pazar=0 dis_risk=0.0
  [03:11:05] mutabakat: pnl=-0.67 yerel=4.53 etkin=-0.67 pencere=93 risk=6.1 emir=1237 dolum=93 pay=2135.3 geri_cekilen=1 red=19
  [03:13:20] GEC_UCUZ_KESILDI: sym=btc S=1789787400 iptal=5 fiyatlar=[0.03, 0.06, 0.1, 0.15, 0.22] kalan_acik=2
  [03:15:06] BOY: S=1789787700 klip=5.0 kol=A
  [03:15:06] pencere: sym=btc S=1789787700 kol=A tokens=[0, 1] emir=14 kabul=[7, 7] fiyatlar=[(0, 0.4, 0.4, 0.4), (0, 0.3, 0.3, 0.3), (0, 0.22, 0.22, 0.22), (0, 0.15, 0.15, 0.15), (0, 0.1, 0.1, 0.1), (0, 0.06, 0.06, 0.06), (0, 0.03, 0.03, 0.03), (1, 0.4, 0.4, 0.4), (1, 0.3, 0.3, 0.3), (1, 0.22, 0.22, 0.22), (1, 0.15, 0.15, 0.15), (1, 0.1, 0.1, 0.1), (1, 0.06, 0.06, 0.06), (1, 0.03, 0.03, 0.03)]
  [03:15:12] dolum: sym=btc S=1789787700 oi=0 p=0.4 ofset=0.4 yeni=5.0 toplam=5.0 kaynak=yoklama gecen_sn=12.7
  [03:15:19] maruziyet: acik_pozisyon=0 pazar=0 dis_risk=0.0
  [03:15:25] mutabakat: pnl=-0.67 yerel=4.53 etkin=-0.67 pencere=93 risk=12.4 emir=1251 dolum=93 pay=2135.3 geri_cekilen=1 red=19
  [03:15:46] dolum: sym=btc S=1789787700 oi=0 p=0.3 ofset=0.3 yeni=5.0 toplam=5.0 kaynak=yoklama gecen_sn=46.3
  [03:15:48] DENGE_SINIRI: sym=btc S=1789787700 agir=Up up=10.0 down=0.0 iptal=7 kalan_hafif=7
  [03:15:49] COZULDU: sym=btc S=1789787100 kol=A kazanan=1 pay=10.0 maliyet=3.5 pnl=-3.5 geri_cekildi=None emirler=[{'oi': 0, 'p': 0.4, 'ofs': 0.4, 'hedef_ofs': 0.4, 'bb': 0.77, 'pay': 5.0, 'durum': 'kapali', 'gecikme_ms': 55264}, {'oi': 0, 'p': 0.3, 'ofs': 0.3, 'hedef_ofs': 0.3, 'bb': 0.77, 'pay': 5.0, 'durum': 'kapali', 'gecikme_ms': 88466}, {'oi': 0, 'p': 0.22, 'ofs': 0.22, 'hedef_ofs': 0.22, 'bb': 0.77, 'pay': 0.0, 'durum': 'kapali', 'gecikme_ms': None}, {'oi': 0, 'p': 0.15, 'ofs': 0.15, 'hedef_ofs': 0.15, 'bb': 0.77, 'pay': 0.0, 'durum': 'kapali', 'gecikme_ms': None}, {'oi': 0, 'p': 0.1, 'ofs': 0.1, 'hedef_ofs': 0.1, 'bb': 0.77, 'pay': 0.0, 'durum': 'kapali', 'gecikme_ms': None}, {'oi': 0, 'p': 0.06, 'ofs': 0.06, 'hedef_ofs': 0.06, 'bb': 0.77, 'pay': 0.0, 'durum': 'kapali', 'gecikme_ms': None}, {'oi': 0, 'p': 0.03, 'ofs': 0.03, 'hedef_ofs': 0.03, 'bb': 0.77, 'pay': 0.0, 'durum': 'kapali', 'gecikme_ms': None}, {'oi': 1, 'p': 0.15, 'ofs': 0.15, 'hedef_ofs': 0.15, 'bb': 0.22, 'pay': 0.0, 'durum': 'kapali', 'gecikme_ms': None}, {'oi': 1, 'p': 0.1, 'ofs': 0.1, 'hedef_ofs': 0.1, 'bb': 0.22, 'pay': 0.0, 'durum': 'kapali', 'gecikme_ms': None}, {'oi': 1, 'p': 0.06, 'ofs': 0.06, 'hedef_ofs': 0.06, 'bb': 0.22, 'pay': 0.0, 'durum': 'kapali', 'gecikme_ms': None}, {'oi': 1, 'p': 0.03, 'ofs': 0.03, 'hedef_ofs': 0.03, 'bb': 0.22, 'pay': 0.0, 'durum': 'kapali', 'gecikme_ms': None}]
  [03:17:43] COZULDU: sym=btc S=1789787400 kol=A kazanan=1 pay=9.99 maliyet=2.6 pnl=-2.6 geri_cekildi=None emirler=[{'oi': 0, 'p': 0.3, 'ofs': 0.3, 'hedef_ofs': 0.3, 'bb': 0.46, 'pay': 5.0, 'durum': 'kapali', 'gecikme_ms': 41462}, {'oi': 0, 'p': 0.22, 'ofs': 0.22, 'hedef_ofs': 0.22, 'bb': 0.46, 'pay': 4.99, 'durum': 'kapali', 'gecikme_ms': 46763}, {'oi': 0, 'p': 0.15, 'ofs': 0.15, 'hedef_ofs': 0.15, 'bb': 0.46, 'pay': 0.0, 'durum': 'kapali', 'gecikme_ms': None}, {'oi': 0, 'p': 0.1, 'ofs': 0.1, 'hedef_ofs': 0.1, 'bb': 0.46, 'pay': 0.0, 'durum': 'kapali', 'gecikme_ms': None}, {'oi': 0, 'p': 0.06, 'ofs': 0.06, 'hedef_ofs': 0.06, 'bb': 0.46, 'pay': 0.0, 'durum': 'kapali', 'gecikme_ms': None}, {'oi': 0, 'p': 0.03, 'ofs': 0.03, 'hedef_ofs': 0.03, 'bb': 0.46, 'pay': 0.0, 'durum': 'kapali', 'gecikme_ms': None}, {'oi': 1, 'p': 0.4, 'ofs': 0.4, 'hedef_ofs': 0.4, 'bb': 0.53, 'pay': 0.0, 'durum': 'kapali', 'gecikme_ms': None}, {'oi': 1, 'p': 0.3, 'ofs': 0.3, 'hedef_ofs': 0.3, 'bb': 0.53, 'pay': 0.0, 'durum': 'kapali', 'gecikme_ms': None}, {'oi': 1, 'p': 0.22, 'ofs': 0.22, 'hedef_ofs': 0.22, 'bb': 0.53, 'pay': 0.0, 'durum': 'kapali', 'gecikme_ms': None}, {'oi': 1, 'p': 0.15, 'ofs': 0.15, 'hedef_ofs': 0.15, 'bb': 0.53, 'pay': 0.0, 'durum': 'kapali', 'gecikme_ms': None}, {'oi': 1, 'p': 0.1, 'ofs': 0.1, 'hedef_ofs': 0.1, 'bb': 0.53, 'pay': 0.0, 'durum': 'kapali', 'gecikme_ms': None}, {'oi': 1, 'p': 0.06, 'ofs': 0.06, 'hedef_ofs': 0.06, 'bb': 0.53, 'pay': 0.0, 'durum': 'kapali', 'gecikme_ms': None}, {'oi': 1, 'p': 0.03, 'ofs': 0.03, 'hedef_ofs': 0.03, 'bb': 0.53, 'pay': 0.0, 'durum': 'kapali', 'gecikme_ms': None}]
  [03:18:20] GEC_UCUZ_KESILDI: sym=btc S=1789787700 iptal=5 fiyatlar=[0.03, 0.06, 0.1, 0.15, 0.22] kalan_acik=2
  [03:19:40] maruziyet: acik_pozisyon=0 pazar=0 dis_risk=0.0
  [03:19:46] mutabakat: pnl=-6.77 yerel=-1.56 etkin=-6.77 pencere=95 risk=3.5 emir=1251 dolum=95 pay=2155.3 geri_cekilen=1 red=19
  [03:20:06] BOY: S=1789788000 klip=5.0 kol=A
  [03:20:06] pencere: sym=btc S=1789788000 kol=A tokens=[0, 1] emir=12 kabul=[5, 7] fiyatlar=[(0, 0.22, 0.22, 0.22), (0, 0.15, 0.15, 0.15), (0, 0.1, 0.1, 0.1), (0, 0.06, 0.06, 0.06), (0, 0.03, 0.03, 0.03), (1, 0.4, 0.4, 0.4), (1, 0.3, 0.3, 0.3), (1, 0.22, 0.22, 0.22), (1, 0.15, 0.15, 0.15), (1, 0.1, 0.1, 0.1), (1, 0.06, 0.06, 0.06), (1, 0.03, 0.03, 0.03)]
  [03:20:16] dolum: sym=btc S=1789788000 oi=0 p=0.22 ofset=0.22 yeni=4.998 toplam=4.998 kaynak=yoklama gecen_sn=16.3
  [03:21:34] dolum: sym=btc S=1789788000 oi=1 p=0.4 ofset=0.4 yeni=5.0 toplam=5.0 kaynak=yoklama gecen_sn=94.6
  [03:22:26] dolum: sym=btc S=1789788000 oi=1 p=0.3 ofset=0.3 yeni=4.993 toplam=4.993 kaynak=yoklama gecen_sn=146.6
  [03:22:43] COZULDU: sym=btc S=1789787700 kol=A kazanan=1 pay=10.0 maliyet=3.5 pnl=-3.5 geri_cekildi=None emirler=[{'oi': 0, 'p': 0.4, 'ofs': 0.4, 'hedef_ofs': 0.4, 'bb': 0.52, 'pay': 5.0, 'durum': 'kapali', 'gecikme_ms': 5805}, {'oi': 0, 'p': 0.3, 'ofs': 0.3, 'hedef_ofs': 0.3, 'bb': 0.52, 'pay': 5.0, 'durum': 'kapali', 'gecikme_ms': 39491}, {'oi': 0, 'p': 0.22, 'ofs': 0.22, 'hedef_ofs': 0.22, 'bb': 0.52, 'pay': 0.0, 'durum': 'kapali', 'gecikme_ms': None}, {'oi': 0, 'p': 0.15, 'ofs': 0.15, 'hedef_ofs': 0.15, 'bb': 0.52, 'pay': 0.0, 'durum': 'kapali', 'gecikme_ms': None}, {'oi': 0, 'p': 0.1, 'ofs': 0.1, 'hedef_ofs': 0.1, 'bb': 0.52, 'pay': 0.0, 'durum': 'kapali', 'gecikme_ms': None}, {'oi': 0, 'p': 0.06, 'ofs': 0.06, 'hedef_ofs': 0.06, 'bb': 0.52, 'pay': 0.0, 'durum': 'kapali', 'gecikme_ms': None}, {'oi': 0, 'p': 0.03, 'ofs': 0.03, 'hedef_ofs': 0.03, 'bb': 0.52, 'pay': 0.0, 'durum': 'kapali', 'gecikme_ms': None}, {'oi': 1, 'p': 0.4, 'ofs': 0.4, 'hedef_ofs': 0.4, 'bb': 0.48, 'pay': 0.0, 'durum': 'kapali', 'gecikme_ms': None}, {'oi': 1, 'p': 0.3, 'ofs': 0.3, 'hedef_ofs': 0.3, 'bb': 0.48, 'pay': 0.0, 'durum': 'kapali', 'gecikme_ms': None}, {'oi': 1, 'p': 0.22, 'ofs': 0.22, 'hedef_ofs': 0.22, 'bb': 0.48, 'pay': 0.0, 'durum': 'kapali', 'gecikme_ms': None}, {'oi': 1, 'p': 0.15, 'ofs': 0.15, 'hedef_ofs': 0.15, 'bb': 0.48, 'pay': 0.0, 'durum': 'kapali', 'gecikme_ms': None}, {'oi': 1, 'p': 0.1, 'ofs': 0.1, 'hedef_ofs': 0.1, 'bb': 0.48, 'pay': 0.0, 'durum': 'kapali', 'gecikme_ms': None}, {'oi': 1, 'p': 0.06, 'ofs': 0.06, 'hedef_ofs': 0.06, 'bb': 0.48, 'pay': 0.0, 'durum': 'kapali', 'gecikme_ms': None}, {'oi': 1, 'p': 0.03, 'ofs': 0.03, 'hedef_ofs': 0.03, 'bb': 0.48, 'pay': 0.0, 'durum': 'kapali', 'gecikme_ms': None}]
  [03:23:01] DENGE_SINIRI: sym=btc S=1789788000 agir=Down up=5.0 down=10.0 iptal=7 kalan_hafif=5
  [03:23:21] GEC_UCUZ_KESILDI: sym=btc S=1789788000 iptal=5 fiyatlar=[0.03, 0.06, 0.1, 0.15, 0.22] kalan_acik=0
  [03:24:01] maruziyet: acik_pozisyon=0 pazar=0 dis_risk=0.0
  [03:24:06] mutabakat: pnl=-10.27 yerel=-5.07 etkin=-10.27 pencere=96 risk=0.0 emir=1263 dolum=96 pay=2165.3 geri_cekilen=1 red=19
  [03:25:05] BOY: S=1789788300 klip=5.0 kol=A
  [03:25:06] pencere: sym=btc S=1789788300 kol=A tokens=[0, 1] emir=13 kabul=[6, 7] fiyatlar=[(0, 0.3, 0.3, 0.3), (0, 0.22, 0.22, 0.22), (0, 0.15, 0.15, 0.15), (0, 0.1, 0.1, 0.1), (0, 0.06, 0.06, 0.06), (0, 0.03, 0.03, 0.03), (1, 0.4, 0.4, 0.4), (1, 0.3, 0.3, 0.3), (1, 0.22, 0.22, 0.22), (1, 0.15, 0.15, 0.15), (1, 0.1, 0.1, 0.1), (1, 0.06, 0.06, 0.06), (1, 0.03, 0.03, 0.03)]
  [03:25:25] dolum: sym=btc S=1789788300 oi=0 p=0.3 ofset=0.3 yeni=5.0 toplam=5.0 kaynak=yoklama gecen_sn=26.0
  [03:25:55] dolum: sym=btc S=1789788300 oi=0 p=0.22 ofset=0.22 yeni=5.0 toplam=5.0 kaynak=yoklama gecen_sn=55.7
  [03:25:57] DENGE_SINIRI: sym=btc S=1789788300 agir=Up up=10.0 down=0.0 iptal=6 kalan_hafif=7
  [03:26:57] dolum: sym=btc S=1789788300 oi=1 p=0.4 ofset=0.4 yeni=5.0 toplam=5.0 kaynak=yoklama gecen_sn=117.3
  [03:27:44] COZULDU: sym=btc S=1789788000 kol=A kazanan=1 pay=14.99 maliyet=4.6 pnl=5.4 geri_cekildi=None emirler=[{'oi': 0, 'p': 0.22, 'ofs': 0.22, 'hedef_ofs': 0.22, 'bb': 0.29, 'pay': 5.0, 'durum': 'kapali', 'gecikme_ms': 9371}, {'oi': 0, 'p': 0.15, 'ofs': 0.15, 'hedef_ofs': 0.15, 'bb': 0.29, 'pay': 0.0, 'durum': 'kapali', 'gecikme_ms': None}, {'oi': 0, 'p': 0.1, 'ofs': 0.1, 'hedef_ofs': 0.1, 'bb': 0.29, 'pay': 0.0, 'durum': 'kapali', 'gecikme_ms': None}, {'oi': 0, 'p': 0.06, 'ofs': 0.06, 'hedef_ofs': 0.06, 'bb': 0.29, 'pay': 0.0, 'durum': 'kapali', 'gecikme_ms': None}, {'oi': 0, 'p': 0.03, 'ofs': 0.03, 'hedef_ofs': 0.03, 'bb': 0.29, 'pay': 0.0, 'durum': 'kapali', 'gecikme_ms': None}, {'oi': 1, 'p': 0.4, 'ofs': 0.4, 'hedef_ofs': 0.4, 'bb': 0.7, 'pay': 5.0, 'durum': 'kapali', 'gecikme_ms': 87736}, {'oi': 1, 'p': 0.3, 'ofs': 0.3, 'hedef_ofs': 0.3, 'bb': 0.7, 'pay': 4.99, 'durum': 'kapali', 'gecikme_ms': 139671}, {'oi': 1, 'p': 0.22, 'ofs': 0.22, 'hedef_ofs': 0.22, 'bb': 0.7, 'pay': 0.0, 'durum': 'kapali', 'gecikme_ms': None}, {'oi': 1, 'p': 0.15, 'ofs': 0.15, 'hedef_ofs': 0.15, 'bb': 0.7, 'pay': 0.0, 'durum': 'kapali', 'gecikme_ms': None}, {'oi': 1, 'p': 0.1, 'ofs': 0.1, 'hedef_ofs': 0.1, 'bb': 0.7, 'pay': 0.0, 'durum': 'kapali', 'gecikme_ms': None}, {'oi': 1, 'p': 0.06, 'ofs': 0.06, 'hedef_ofs': 0.06, 'bb': 0.7, 'pay': 0.0, 'durum': 'kapali', 'gecikme_ms': None}, {'oi': 1, 'p': 0.03, 'ofs': 0.03, 'hedef_ofs': 0.03, 'bb': 0.7, 'pay': 0.0, 'durum': 'kapali', 'gecikme_ms': None}]
  [03:28:20] GEC_UCUZ_KESILDI: sym=btc S=1789788300 iptal=5 fiyatlar=[0.03, 0.06, 0.1, 0.15, 0.22] kalan_acik=2
  [03:28:21] maruziyet: acik_pozisyon=0 pazar=0 dis_risk=0.0
  [03:28:27] mutabakat: pnl=-4.88 yerel=0.33 etkin=-4.88 pencere=97 risk=0.0 emir=1276 dolum=97 pay=2180.3 geri_cekilen=1 red=19
  [03:30:05] BOY: S=1789788600 klip=5.0 kol=A
  [03:30:06] pencere: sym=btc S=1789788600 kol=A tokens=[0, 1] emir=13 kabul=[6, 7] fiyatlar=[(0, 0.3, 0.3, 0.3), (0, 0.22, 0.22, 0.22), (0, 0.15, 0.15, 0.15), (0, 0.1, 0.1, 0.1), (0, 0.06, 0.06, 0.06), (0, 0.03, 0.03, 0.03), (1, 0.4, 0.4, 0.4), (1, 0.3, 0.3, 0.3), (1, 0.22, 0.22, 0.22), (1, 0.15, 0.15, 0.15), (1, 0.1, 0.1, 0.1), (1, 0.06, 0.06, 0.06), (1, 0.03, 0.03, 0.03)]
  [03:31:50] dolum: sym=btc S=1789788600 oi=1 p=0.4 ofset=0.4 yeni=5.0 toplam=5.0 kaynak=yoklama gecen_sn=110.4
  [03:31:50] dolum: sym=btc S=1789788600 oi=1 p=0.3 ofset=0.3 yeni=4.993 toplam=4.993 kaynak=yoklama gecen_sn=110.5
  [03:31:51] DENGE_SINIRI: sym=btc S=1789788600 agir=Down up=0.0 down=10.0 iptal=7 kalan_hafif=6
  [03:32:42] maruziyet: acik_pozisyon=0 pazar=0 dis_risk=0.0
  [03:32:47] mutabakat: pnl=-4.88 yerel=0.33 etkin=-4.88 pencere=97 risk=3.5 emir=1289 dolum=97 pay=2180.3 geri_cekilen=1 red=19
  [03:32:50] COZULDU: sym=btc S=1789788300 kol=A kazanan=1 pay=15.0 maliyet=4.6 pnl=0.4 geri_cekildi=None emirler=[{'oi': 0, 'p': 0.3, 'ofs': 0.3, 'hedef_ofs': 0.3, 'bb': 0.38, 'pay': 5.0, 'durum': 'kapali', 'gecikme_ms': 19444}, {'oi': 0, 'p': 0.22, 'ofs': 0.22, 'hedef_ofs': 0.22, 'bb': 0.38, 'pay': 5.0, 'durum': 'kapali', 'gecikme_ms': 49194}, {'oi': 0, 'p': 0.15, 'ofs': 0.15, 'hedef_ofs': 0.15, 'bb': 0.38, 'pay': 0.0, 'durum': 'kapali', 'gecikme_ms': None}, {'oi': 0, 'p': 0.1, 'ofs': 0.1, 'hedef_ofs': 0.1, 'bb': 0.38, 'pay': 0.0, 'durum': 'kapali', 'gecikme_ms': None}, {'oi': 0, 'p': 0.06, 'ofs': 0.06, 'hedef_ofs': 0.06, 'bb': 0.38, 'pay': 0.0, 'durum': 'kapali', 'gecikme_ms': None}, {'oi': 0, 'p': 0.03, 'ofs': 0.03, 'hedef_ofs': 0.03, 'bb': 0.38, 'pay': 0.0, 'durum': 'kapali', 'gecikme_ms': None}, {'oi': 1, 'p': 0.4, 'ofs': 0.4, 'hedef_ofs': 0.4, 'bb': 0.61, 'pay': 5.0, 'durum': 'kapali', 'gecikme_ms': 110779}, {'oi': 1, 'p': 0.3, 'ofs': 0.3, 'hedef_ofs': 0.3, 'bb': 0.61, 'pay': 0.0, 'durum': 'kapali', 'gecikme_ms': None}, {'oi': 1, 'p': 0.22, 'ofs': 0.22, 'hedef_ofs': 0.22, 'bb': 0.61, 'pay': 0.0, 'durum': 'kapali', 'gecikme_ms': None}, {'oi': 1, 'p': 0.15, 'ofs': 0.15, 'hedef_ofs': 0.15, 'bb': 0.61, 'pay': 0.0, 'durum': 'kapali', 'gecikme_ms': None}, {'oi': 1, 'p': 0.1, 'ofs': 0.1, 'hedef_ofs': 0.1, 'bb': 0.61, 'pay': 0.0, 'durum': 'kapali', 'gecikme_ms': None}, {'oi': 1, 'p': 0.06, 'ofs': 0.06, 'hedef_ofs': 0.06, 'bb': 0.61, 'pay': 0.0, 'durum': 'kapali', 'gecikme_ms': None}, {'oi': 1, 'p': 0.03, 'ofs': 0.03, 'hedef_ofs': 0.03, 'bb': 0.61, 'pay': 0.0, 'durum': 'kapali', 'gecikme_ms': None}]
  [03:32:55] dolum: sym=btc S=1789788600 oi=0 p=0.3 ofset=0.3 yeni=5.0 toplam=5.0 kaynak=yoklama gecen_sn=175.2
  [03:33:01] dolum: sym=btc S=1789788600 oi=0 p=0.22 ofset=0.22 yeni=5.0 toplam=5.0 kaynak=yoklama gecen_sn=181.4
  [03:33:21] GEC_UCUZ_KESILDI: sym=btc S=1789788600 iptal=5 fiyatlar=[0.03, 0.06, 0.1, 0.15, 0.22] kalan_acik=1
  [03:35:05] BOY: S=1789788900 klip=5.0 kol=A
  [03:35:06] pencere: sym=btc S=1789788900 kol=A tokens=[0, 1] emir=13 kabul=[6, 7] fiyatlar=[(0, 0.3, 0.3, 0.3), (0, 0.22, 0.22, 0.22), (0, 0.15, 0.15, 0.15), (0, 0.1, 0.1, 0.1), (0, 0.06, 0.06, 0.06), (0, 0.03, 0.03, 0.03), (1, 0.4, 0.4, 0.4), (1, 0.3, 0.3, 0.3), (1, 0.22, 0.22, 0.22), (1, 0.15, 0.15, 0.15), (1, 0.1, 0.1, 0.1), (1, 0.06, 0.06, 0.06), (1, 0.03, 0.03, 0.03)]
  [03:35:48] dolum: sym=btc S=1789788900 oi=1 p=0.4 ofset=0.4 yeni=5.0 toplam=5.0 kaynak=yoklama gecen_sn=48.5
  [03:37:02] maruziyet: acik_pozisyon=0 pazar=0 dis_risk=0.0
  [03:37:09] mutabakat: pnl=-4.48 yerel=0.73 etkin=-4.48 pencere=98 risk=6.3 emir=1302 dolum=98 pay=2195.3 geri_cekilen=1 red=19
  [03:38:02] DENGE_SINIRI: sym=btc S=1789788900 agir=Down up=0.0 down=5.0 iptal=7 kalan_hafif=6
  [03:38:20] GEC_UCUZ_KESILDI: sym=btc S=1789788900 iptal=5 fiyatlar=[0.03, 0.06, 0.1, 0.15, 0.22] kalan_acik=1
  [03:38:27] COZULDU: sym=btc S=1789788600 kol=A kazanan=1 pay=19.99 maliyet=6.1 pnl=3.89 geri_cekildi=None emirler=[{'oi': 0, 'p': 0.3, 'ofs': 0.3, 'hedef_ofs': 0.3, 'bb': 0.42, 'pay': 5.0, 'durum': 'kapali', 'gecikme_ms': 168646}, {'oi': 0, 'p': 0.22, 'ofs': 0.22, 'hedef_ofs': 0.22, 'bb': 0.42, 'pay': 5.0, 'durum': 'kapali', 'gecikme_ms': 174850}, {'oi': 0, 'p': 0.15, 'ofs': 0.15, 'hedef_ofs': 0.15, 'bb': 0.42, 'pay': 0.0, 'durum': 'kapali', 'gecikme_ms': None}, {'oi': 0, 'p': 0.1, 'ofs': 0.1, 'hedef_ofs': 0.1, 'bb': 0.42, 'pay': 0.0, 'durum': 'kapali', 'gecikme_ms': None}, {'oi': 0, 'p': 0.06, 'ofs': 0.06, 'hedef_ofs': 0.06, 'bb': 0.42, 'pay': 0.0, 'durum': 'kapali', 'gecikme_ms': None}, {'oi': 0, 'p': 0.03, 'ofs': 0.03, 'hedef_ofs': 0.03, 'bb': 0.42, 'pay': 0.0, 'durum': 'kapali', 'gecikme_ms': None}, {'oi': 1, 'p': 0.4, 'ofs': 0.4, 'hedef_ofs': 0.4, 'bb': 0.57, 'pay': 5.0, 'durum': 'kapali', 'gecikme_ms': 103840}, {'oi': 1, 'p': 0.3, 'ofs': 0.3, 'hedef_ofs': 0.3, 'bb': 0.57, 'pay': 4.99, 'durum': 'kapali', 'gecikme_ms': 103942}, {'oi': 1, 'p': 0.22, 'ofs': 0.22, 'hedef_ofs': 0.22, 'bb': 0.57, 'pay': 0.0, 'durum': 'kapali', 'gecikme_ms': None}, {'oi': 1, 'p': 0.15, 'ofs': 0.15, 'hedef_ofs': 0.15, 'bb': 0.57, 'pay': 0.0, 'durum': 'kapali', 'gecikme_ms': None}, {'oi': 1, 'p': 0.1, 'ofs': 0.1, 'hedef_ofs': 0.1, 'bb': 0.57, 'pay': 0.0, 'durum': 'kapali', 'gecikme_ms': None}, {'oi': 1, 'p': 0.06, 'ofs': 0.06, 'hedef_ofs': 0.06, 'bb': 0.57, 'pay': 0.0, 'durum': 'kapali', 'gecikme_ms': None}, {'oi': 1, 'p': 0.03, 'ofs': 0.03, 'hedef_ofs': 0.03, 'bb': 0.57, 'pay': 0.0, 'durum': 'kapali', 'gecikme_ms': None}]
  [03:39:26] dolum: sym=btc S=1789788900 oi=0 p=0.3 ofset=0.3 yeni=5.0 toplam=5.0 kaynak=yoklama gecen_sn=266.7
  [03:40:05] BOY: S=1789789200 klip=5.0 kol=A
  [03:40:06] pencere: sym=btc S=1789789200 kol=A tokens=[0, 1] emir=13 kabul=[7, 6] fiyatlar=[(0, 0.4, 0.4, 0.4), (0, 0.3, 0.3, 0.3), (0, 0.22, 0.22, 0.22), (0, 0.15, 0.15, 0.15), (0, 0.1, 0.1, 0.1), (0, 0.06, 0.06, 0.06), (0, 0.03, 0.03, 0.03), (1, 0.3, 0.3, 0.3), (1, 0.22, 0.22, 0.22), (1, 0.15, 0.15, 0.15), (1, 0.1, 0.1, 0.1), (1, 0.06, 0.06, 0.06), (1, 0.03, 0.03, 0.03)]
  [03:41:24] maruziyet: acik_pozisyon=0 pazar=0 dis_risk=0.0
  [03:41:30] mutabakat: pnl=-0.58 yerel=4.63 etkin=-0.58 pencere=99 risk=6.3 emir=1315 dolum=99 pay=2215.2 geri_cekilen=1 red=19
  [03:42:41] dolum: sym=btc S=1789789200 oi=1 p=0.3 ofset=0.3 yeni=5.0 toplam=5.0 kaynak=yoklama gecen_sn=161.5
  [03:42:41] dolum: sym=btc S=1789789200 oi=1 p=0.22 ofset=0.22 yeni=5.0 toplam=5.0 kaynak=yoklama gecen_sn=161.6
  [03:42:41] dolum: sym=btc S=1789789200 oi=1 p=0.15 ofset=0.15 yeni=4.992 toplam=4.992 kaynak=yoklama gecen_sn=161.7
  [03:42:41] dolum: sym=btc S=1789789200 oi=1 p=0.1 ofset=0.1 yeni=4.997 toplam=4.997 kaynak=yoklama gecen_sn=161.8
  [03:42:42] DENGE_SINIRI: sym=btc S=1789789200 agir=Down up=0.0 down=20.0 iptal=6 kalan_hafif=7
  [03:43:20] GEC_UCUZ_KESILDI: sym=btc S=1789789200 iptal=5 fiyatlar=[0.03, 0.06, 0.1, 0.15, 0.22] kalan_acik=2
  [03:43:28] COZULDU: sym=btc S=1789788900 kol=A kazanan=1 pay=10.0 maliyet=3.5 pnl=1.5 geri_cekildi=None emirler=[{'oi': 0, 'p': 0.3, 'ofs': 0.3, 'hedef_ofs': 0.3, 'bb': 0.47, 'pay': 5.0, 'durum': 'kapali', 'gecikme_ms': 260151}, {'oi': 0, 'p': 0.22, 'ofs': 0.22, 'hedef_ofs': 0.22, 'bb': 0.47, 'pay': 0.0, 'durum': 'kapali', 'gecikme_ms': None}, {'oi': 0, 'p': 0.15, 'ofs': 0.15, 'hedef_ofs': 0.15, 'bb': 0.47, 'pay': 0.0, 'durum': 'kapali', 'gecikme_ms': None}, {'oi': 0, 'p': 0.1, 'ofs': 0.1, 'hedef_ofs': 0.1, 'bb': 0.47, 'pay': 0.0, 'durum': 'kapali', 'gecikme_ms': None}, {'oi': 0, 'p': 0.06, 'ofs': 0.06, 'hedef_ofs': 0.06, 'bb': 0.47, 'pay': 0.0, 'durum': 'kapali', 'gecikme_ms': None}, {'oi': 0, 'p': 0.03, 'ofs': 0.03, 'hedef_ofs': 0.03, 'bb': 0.47, 'pay': 0.0, 'durum': 'kapali', 'gecikme_ms': None}, {'oi': 1, 'p': 0.4, 'ofs': 0.4, 'hedef_ofs': 0.4, 'bb': 0.52, 'pay': 5.0, 'durum': 'kapali', 'gecikme_ms': 41898}, {'oi': 1, 'p': 0.3, 'ofs': 0.3, 'hedef_ofs': 0.3, 'bb': 0.52, 'pay': 0.0, 'durum': 'kapali', 'gecikme_ms': None}, {'oi': 1, 'p': 0.22, 'ofs': 0.22, 'hedef_ofs': 0.22, 'bb': 0.52, 'pay': 0.0, 'durum': 'kapali', 'gecikme_ms': None}, {'oi': 1, 'p': 0.15, 'ofs': 0.15, 'hedef_ofs': 0.15, 'bb': 0.52, 'pay': 0.0, 'durum': 'kapali', 'gecikme_ms': None}, {'oi': 1, 'p': 0.1, 'ofs': 0.1, 'hedef_ofs': 0.1, 'bb': 0.52, 'pay': 0.0, 'durum': 'kapali', 'gecikme_ms': None}, {'oi': 1, 'p': 0.06, 'ofs': 0.06, 'hedef_ofs': 0.06, 'bb': 0.52, 'pay': 0.0, 'durum': 'kapali', 'gecikme_ms': None}, {'oi': 1, 'p': 0.03, 'ofs': 0.03, 'hedef_ofs': 0.03, 'bb': 0.52, 'pay': 0.0, 'durum': 'kapali', 'gecikme_ms': None}]
  [03:45:05] BOY: S=1789789500 klip=5.0 kol=A
  [03:45:06] pencere: sym=btc S=1789789500 kol=A tokens=[0, 1] emir=13 kabul=[7, 6] fiyatlar=[(0, 0.4, 0.4, 0.4), (0, 0.3, 0.3, 0.3), (0, 0.22, 0.22, 0.22), (0, 0.15, 0.15, 0.15), (0, 0.1, 0.1, 0.1), (0, 0.06, 0.06, 0.06), (0, 0.03, 0.03, 0.03), (1, 0.3, 0.3, 0.3), (1, 0.22, 0.22, 0.22), (1, 0.15, 0.15, 0.15), (1, 0.1, 0.1, 0.1), (1, 0.06, 0.06, 0.06), (1, 0.03, 0.03, 0.03)]
  [03:45:44] maruziyet: acik_pozisyon=0 pazar=0 dis_risk=0.0
  [03:45:50] mutabakat: pnl=0.92 yerel=6.13 etkin=0.92 pencere=100 risk=10.15 emir=1328 dolum=100 pay=2225.2 geri_cekilen=1 red=19
  [03:46:08] dolum: sym=btc S=1789789500 oi=1 p=0.3 ofset=0.3 yeni=5.0 toplam=5.0 kaynak=yoklama gecen_sn=68.8
  [03:46:14] dolum: sym=btc S=1789789500 oi=1 p=0.22 ofset=0.22 yeni=5.0 toplam=5.0 kaynak=yoklama gecen_sn=74.6
  [03:46:15] DENGE_SINIRI: sym=btc S=1789789500 agir=Down up=0.0 down=10.0 iptal=6 kalan_hafif=7
  [03:47:58] COZULDU: sym=btc S=1789789200 kol=A kazanan=0 pay=19.99 maliyet=3.85 pnl=-3.85 geri_cekildi=None emirler=[{'oi': 0, 'p': 0.4, 'ofs': 0.4, 'hedef_ofs': 0.4, 'bb': 0.51, 'pay': 0.0, 'durum': 'kapali', 'gecikme_ms': None}, {'oi': 0, 'p': 0.3, 'ofs': 0.3, 'hedef_ofs': 0.3, 'bb': 0.51, 'pay': 0.0, 'durum': 'kapali', 'gecikme_ms': None}, {'oi': 0, 'p': 0.22, 'ofs': 0.22, 'hedef_ofs': 0.22, 'bb': 0.51, 'pay': 0.0, 'durum': 'kapali', 'gecikme_ms': None}, {'oi': 0, 'p': 0.15, 'ofs': 0.15, 'hedef_ofs': 0.15, 'bb': 0.51, 'pay': 0.0, 'durum': 'kapali', 'gecikme_ms': None}, {'oi': 0, 'p': 0.1, 'ofs': 0.1, 'hedef_ofs': 0.1, 'bb': 0.51, 'pay': 0.0, 'durum': 'kapali', 'gecikme_ms': None}, {'oi': 0, 'p': 0.06, 'ofs': 0.06, 'hedef_ofs': 0.06, 'bb': 0.51, 'pay': 0.0, 'durum': 'kapali', 'gecikme_ms': None}, {'oi': 0, 'p': 0.03, 'ofs': 0.03, 'hedef_ofs': 0.03, 'bb': 0.51, 'pay': 0.0, 'durum': 'kapali', 'gecikme_ms': None}, {'oi': 1, 'p': 0.3, 'ofs': 0.3, 'hedef_ofs': 0.3, 'bb': 0.47, 'pay': 5.0, 'durum': 'kapali', 'gecikme_ms': 154841}, {'oi': 1, 'p': 0.22, 'ofs': 0.22, 'hedef_ofs': 0.22, 'bb': 0.47, 'pay': 5.0, 'durum': 'kapali', 'gecikme_ms': 154930}, {'oi': 1, 'p': 0.15, 'ofs': 0.15, 'hedef_ofs': 0.15, 'bb': 0.47, 'pay': 4.99, 'durum': 'kapali', 'gecikme_ms': 155019}, {'oi': 1, 'p': 0.1, 'ofs': 0.1, 'hedef_ofs': 0.1, 'bb': 0.47, 'pay': 5.0, 'durum': 'kapali', 'gecikme_ms': 155110}, {'oi': 1, 'p': 0.06, 'ofs': 0.06, 'hedef_ofs': 0.06, 'bb': 0.47, 'pay': 0.0, 'durum': 'kapali', 'gecikme_ms': None}, {'oi': 1, 'p': 0.03, 'ofs': 0.03, 'hedef_ofs': 0.03, 'bb': 0.47, 'pay': 0.0, 'durum': 'kapali', 'gecikme_ms': None}]
  [03:48:21] GEC_UCUZ_KESILDI: sym=btc S=1789789500 iptal=5 fiyatlar=[0.03, 0.06, 0.1, 0.15, 0.22] kalan_acik=2
  [03:50:04] maruziyet: acik_pozisyon=0 pazar=0 dis_risk=0.0
  [03:50:10] mutabakat: pnl=-2.93 yerel=2.28 etkin=-2.93 pencere=101 risk=2.6 emir=1328 dolum=101 pay=2245.2 geri_cekilen=1 red=19
  [03:50:11] BOY: S=1789789800 klip=5.0 kol=A
  [03:50:12] pencere: sym=btc S=1789789800 kol=A tokens=[0, 1] emir=13 kabul=[6, 7] fiyatlar=[(0, 0.3, 0.3, 0.3), (0, 0.22, 0.22, 0.22), (0, 0.15, 0.15, 0.15), (0, 0.1, 0.1, 0.1), (0, 0.06, 0.06, 0.06), (0, 0.03, 0.03, 0.03), (1, 0.4, 0.4, 0.4), (1, 0.3, 0.3, 0.3), (1, 0.22, 0.22, 0.22), (1, 0.15, 0.15, 0.15), (1, 0.1, 0.1, 0.1), (1, 0.06, 0.06, 0.06), (1, 0.03, 0.03, 0.03)]
  [03:50:49] dolum: sym=btc S=1789789800 oi=0 p=0.3 ofset=0.3 yeni=5.0 toplam=5.0 kaynak=yoklama gecen_sn=49.7
  [03:50:51] dolum: sym=btc S=1789789800 oi=0 p=0.22 ofset=0.22 yeni=5.0 toplam=5.0 kaynak=yoklama gecen_sn=51.5
  [03:50:52] DENGE_SINIRI: sym=btc S=1789789800 agir=Up up=10.0 down=0.0 iptal=6 kalan_hafif=7
  [03:53:21] GEC_UCUZ_KESILDI: sym=btc S=1789789800 iptal=5 fiyatlar=[0.03, 0.06, 0.1, 0.15, 0.22] kalan_acik=2
  [03:53:29] COZULDU: sym=btc S=1789789500 kol=A kazanan=0 pay=10.0 maliyet=2.6 pnl=-2.6 geri_cekildi=None emirler=[{'oi': 0, 'p': 0.4, 'ofs': 0.4, 'hedef_ofs': 0.4, 'bb': 0.59, 'pay': 0.0, 'durum': 'kapali', 'gecikme_ms': None}, {'oi': 0, 'p': 0.3, 'ofs': 0.3, 'hedef_ofs': 0.3, 'bb': 0.59, 'pay': 0.0, 'durum': 'kapali', 'gecikme_ms': None}, {'oi': 0, 'p': 0.22, 'ofs': 0.22, 'hedef_ofs': 0.22, 'bb': 0.59, 'pay': 0.0, 'durum': 'kapali', 'gecikme_ms': None}, {'oi': 0, 'p': 0.15, 'ofs': 0.15, 'hedef_ofs': 0.15, 'bb': 0.59, 'pay': 0.0, 'durum': 'kapali', 'gecikme_ms': None}, {'oi': 0, 'p': 0.1, 'ofs': 0.1, 'hedef_ofs': 0.1, 'bb': 0.59, 'pay': 0.0, 'durum': 'kapali', 'gecikme_ms': None}, {'oi': 0, 'p': 0.06, 'ofs': 0.06, 'hedef_ofs': 0.06, 'bb': 0.59, 'pay': 0.0, 'durum': 'kapali', 'gecikme_ms': None}, {'oi': 0, 'p': 0.03, 'ofs': 0.03, 'hedef_ofs': 0.03, 'bb': 0.59, 'pay': 0.0, 'durum': 'kapali', 'gecikme_ms': None}, {'oi': 1, 'p': 0.3, 'ofs': 0.3, 'hedef_ofs': 0.3, 'bb': 0.4, 'pay': 5.0, 'durum': 'kapali', 'gecikme_ms': 62406}, {'oi': 1, 'p': 0.22, 'ofs': 0.22, 'hedef_ofs': 0.22, 'bb': 0.4, 'pay': 5.0, 'durum': 'kapali', 'gecikme_ms': 68138}, {'oi': 1, 'p': 0.15, 'ofs': 0.15, 'hedef_ofs': 0.15, 'bb': 0.4, 'pay': 0.0, 'durum': 'kapali', 'gecikme_ms': None}, {'oi': 1, 'p': 0.1, 'ofs': 0.1, 'hedef_ofs': 0.1, 'bb': 0.4, 'pay': 0.0, 'durum': 'kapali', 'gecikme_ms': None}, {'oi': 1, 'p': 0.06, 'ofs': 0.06, 'hedef_ofs': 0.06, 'bb': 0.4, 'pay': 0.0, 'durum': 'kapali', 'gecikme_ms': None}, {'oi': 1, 'p': 0.03, 'ofs': 0.03, 'hedef_ofs': 0.03, 'bb': 0.4, 'pay': 0.0, 'durum': 'kapali', 'gecikme_ms': None}]
  [03:54:25] maruziyet: acik_pozisyon=0 pazar=0 dis_risk=0.0
  [03:54:30] mutabakat: pnl=-5.53 yerel=-0.32 etkin=-5.53 pencere=102 risk=2.6 emir=1341 dolum=102 pay=2255.2 geri_cekilen=1 red=19
  [03:55:05] BOY: S=1789790100 klip=5.0 kol=A
  [03:55:06] pencere: sym=btc S=1789790100 kol=A tokens=[0, 1] emir=13 kabul=[7, 6] fiyatlar=[(0, 0.4, 0.4, 0.4), (0, 0.3, 0.3, 0.3), (0, 0.22, 0.22, 0.22), (0, 0.15, 0.15, 0.15), (0, 0.1, 0.1, 0.1), (0, 0.06, 0.06, 0.06), (0, 0.03, 0.03, 0.03), (1, 0.3, 0.3, 0.3), (1, 0.22, 0.22, 0.22), (1, 0.15, 0.15, 0.15), (1, 0.1, 0.1, 0.1), (1, 0.06, 0.06, 0.06), (1, 0.03, 0.03, 0.03)]
  [03:55:46] dolum: sym=btc S=1789790100 oi=0 p=0.4 ofset=0.4 yeni=5.0 toplam=5.0 kaynak=yoklama gecen_sn=46.5
  [03:57:21] dolum: sym=btc S=1789790100 oi=0 p=0.3 ofset=0.3 yeni=5.0 toplam=5.0 kaynak=yoklama gecen_sn=141.9
  [03:57:23] DENGE_SINIRI: sym=btc S=1789790100 agir=Up up=10.0 down=0.0 iptal=7 kalan_hafif=6
  [03:58:20] GEC_UCUZ_KESILDI: sym=btc S=1789790100 iptal=5 fiyatlar=[0.03, 0.06, 0.1, 0.15, 0.22] kalan_acik=1
  [03:58:45] maruziyet: acik_pozisyon=0 pazar=0 dis_risk=0.0
  [03:58:51] mutabakat: pnl=-5.53 yerel=-0.32 etkin=-5.53 pencere=102 risk=6.1 emir=1354 dolum=102 pay=2255.2 geri_cekilen=1 red=19
  [03:58:59] COZULDU: sym=btc S=1789789800 kol=A kazanan=1 pay=10.0 maliyet=2.6 pnl=-2.6 geri_cekildi=None emirler=[{'oi': 0, 'p': 0.3, 'ofs': 0.3, 'hedef_ofs': 0.3, 'bb': 0.38, 'pay': 5.0, 'durum': 'kapali', 'gecikme_ms': 37254}, {'oi': 0, 'p': 0.22, 'ofs': 0.22, 'hedef_ofs': 0.22, 'bb': 0.38, 'pay': 5.0, 'durum': 'kapali', 'gecikme_ms': 39037}, {'oi': 0, 'p': 0.15, 'ofs': 0.15, 'hedef_ofs': 0.15, 'bb': 0.38, 'pay': 0.0, 'durum': 'kapali', 'gecikme_ms': None}, {'oi': 0, 'p': 0.1, 'ofs': 0.1, 'hedef_ofs': 0.1, 'bb': 0.38, 'pay': 0.0, 'durum': 'kapali', 'gecikme_ms': None}, {'oi': 0, 'p': 0.06, 'ofs': 0.06, 'hedef_ofs': 0.06, 'bb': 0.38, 'pay': 0.0, 'durum': 'kapali', 'gecikme_ms': None}, {'oi': 0, 'p': 0.03, 'ofs': 0.03, 'hedef_ofs': 0.03, 'bb': 0.38, 'pay': 0.0, 'durum': 'kapali', 'gecikme_ms': None}, {'oi': 1, 'p': 0.4, 'ofs': 0.4, 'hedef_ofs': 0.4, 'bb': 0.61, 'pay': 0.0, 'durum': 'kapali', 'gecikme_ms': None}, {'oi': 1, 'p': 0.3, 'ofs': 0.3, 'hedef_ofs': 0.3, 'bb': 0.61, 'pay': 0.0, 'durum': 'kapali', 'gecikme_ms': None}, {'oi': 1, 'p': 0.22, 'ofs': 0.22, 'hedef_ofs': 0.22, 'bb': 0.61, 'pay': 0.0, 'durum': 'kapali', 'gecikme_ms': None}, {'oi': 1, 'p': 0.15, 'ofs': 0.15, 'hedef_ofs': 0.15, 'bb': 0.61, 'pay': 0.0, 'durum': 'kapali', 'gecikme_ms': None}, {'oi': 1, 'p': 0.1, 'ofs': 0.1, 'hedef_ofs': 0.1, 'bb': 0.61, 'pay': 0.0, 'durum': 'kapali', 'gecikme_ms': None}, {'oi': 1, 'p': 0.06, 'ofs': 0.06, 'hedef_ofs': 0.06, 'bb': 0.61, 'pay': 0.0, 'durum': 'kapali', 'gecikme_ms': None}, {'oi': 1, 'p': 0.03, 'ofs': 0.03, 'hedef_ofs': 0.03, 'bb': 0.61, 'pay': 0.0, 'durum': 'kapali', 'gecikme_ms': None}]
  [04:00:05] BOY: S=1789790400 klip=5.0 kol=A
  [04:00:06] pencere: sym=btc S=1789790400 kol=A tokens=[0, 1] emir=13 kabul=[7, 6] fiyatlar=[(0, 0.4, 0.4, 0.4), (0, 0.3, 0.3, 0.3), (0, 0.22, 0.22, 0.22), (0, 0.15, 0.15, 0.15), (0, 0.1, 0.1, 0.1), (0, 0.06, 0.06, 0.06), (0, 0.03, 0.03, 0.03), (1, 0.3, 0.3, 0.3), (1, 0.22, 0.22, 0.22), (1, 0.15, 0.15, 0.15), (1, 0.1, 0.1, 0.1), (1, 0.06, 0.06, 0.06), (1, 0.03, 0.03, 0.03)]
  [04:01:19] dolum: sym=btc S=1789790400 oi=0 p=0.4 ofset=0.4 yeni=4.997 toplam=4.997 kaynak=yoklama gecen_sn=79.4
  [04:01:21] dolum: sym=btc S=1789790400 oi=0 p=0.3 ofset=0.3 yeni=5.0 toplam=5.0 kaynak=yoklama gecen_sn=81.2
  [04:01:23] dolum: sym=btc S=1789790400 oi=0 p=0.22 ofset=0.22 yeni=5.0 toplam=5.0 kaynak=iptal gecen_sn=83.2
  [04:01:23] DENGE_SINIRI: sym=btc S=1789790400 agir=Up up=10.0 down=0.0 iptal=7 kalan_hafif=6
  [04:03:06] maruziyet: acik_pozisyon=0 pazar=0 dis_risk=0.0
  [04:03:11] mutabakat: pnl=-8.13 yerel=-2.92 etkin=-8.13 pencere=103 risk=8.1 emir=1367 dolum=103 pay=2265.2 geri_cekilen=1 red=19
  [04:03:20] GEC_UCUZ_KESILDI: sym=btc S=1789790400 iptal=5 fiyatlar=[0.03, 0.06, 0.1, 0.15, 0.22] kalan_acik=1
  [04:03:53] dolum: sym=btc S=1789790400 oi=1 p=0.3 ofset=0.3 yeni=5.0 toplam=5.0 kaynak=yoklama gecen_sn=233.4
  [04:05:05] BOY: S=1789790700 klip=5.0 kol=A
  [04:05:06] pencere: sym=btc S=1789790700 kol=A tokens=[0, 1] emir=13 kabul=[6, 7] fiyatlar=[(0, 0.3, 0.3, 0.3), (0, 0.22, 0.22, 0.22), (0, 0.15, 0.15, 0.15), (0, 0.1, 0.1, 0.1), (0, 0.06, 0.06, 0.06), (0, 0.03, 0.03, 0.03), (1, 0.4, 0.4, 0.4), (1, 0.3, 0.3, 0.3), (1, 0.22, 0.22, 0.22), (1, 0.15, 0.15, 0.15), (1, 0.1, 0.1, 0.1), (1, 0.06, 0.06, 0.06), (1, 0.03, 0.03, 0.03)]
  [04:06:34] dolum: sym=btc S=1789790700 oi=1 p=0.4 ofset=0.4 yeni=5.0 toplam=5.0 kaynak=yoklama gecen_sn=94.1
  [04:06:57] COZULDU: sym=btc S=1789790100 kol=A kazanan=1 pay=10.0 maliyet=3.5 pnl=-3.5 geri_cekildi=None emirler=[{'oi': 0, 'p': 0.4, 'ofs': 0.4, 'hedef_ofs': 0.4, 'bb': 0.52, 'pay': 5.0, 'durum': 'kapali', 'gecikme_ms': 40011}, {'oi': 0, 'p': 0.3, 'ofs': 0.3, 'hedef_ofs': 0.3, 'bb': 0.52, 'pay': 5.0, 'durum': 'kapali', 'gecikme_ms': 135419}, {'oi': 0, 'p': 0.22, 'ofs': 0.22, 'hedef_ofs': 0.22, 'bb': 0.52, 'pay': 0.0, 'durum': 'kapali', 'gecikme_ms': None}, {'oi': 0, 'p': 0.15, 'ofs': 0.15, 'hedef_ofs': 0.15, 'bb': 0.52, 'pay': 0.0, 'durum': 'kapali', 'gecikme_ms': None}, {'oi': 0, 'p': 0.1, 'ofs': 0.1, 'hedef_ofs': 0.1, 'bb': 0.52, 'pay': 0.0, 'durum': 'kapali', 'gecikme_ms': None}, {'oi': 0, 'p': 0.06, 'ofs': 0.06, 'hedef_ofs': 0.06, 'bb': 0.52, 'pay': 0.0, 'durum': 'kapali', 'gecikme_ms': None}, {'oi': 0, 'p': 0.03, 'ofs': 0.03, 'hedef_ofs': 0.03, 'bb': 0.52, 'pay': 0.0, 'durum': 'kapali', 'gecikme_ms': None}, {'oi': 1, 'p': 0.3, 'ofs': 0.3, 'hedef_ofs': 0.3, 'bb': 0.47, 'pay': 0.0, 'durum': 'kapali', 'gecikme_ms': None}, {'oi': 1, 'p': 0.22, 'ofs': 0.22, 'hedef_ofs': 0.22, 'bb': 0.47, 'pay': 0.0, 'durum': 'kapali', 'gecikme_ms': None}, {'oi': 1, 'p': 0.15, 'ofs': 0.15, 'hedef_ofs': 0.15, 'bb': 0.47, 'pay': 0.0, 'durum': 'kapali', 'gecikme_ms': None}, {'oi': 1, 'p': 0.1, 'ofs': 0.1, 'hedef_ofs': 0.1, 'bb': 0.47, 'pay': 0.0, 'durum': 'kapali', 'gecikme_ms': None}, {'oi': 1, 'p': 0.06, 'ofs': 0.06, 'hedef_ofs': 0.06, 'bb': 0.47, 'pay': 0.0, 'durum': 'kapali', 'gecikme_ms': None}, {'oi': 1, 'p': 0.03, 'ofs': 0.03, 'hedef_ofs': 0.03, 'bb': 0.47, 'pay': 0.0, 'durum': 'kapali', 'gecikme_ms': None}]
  [04:07:16] dolum: sym=btc S=1789790700 oi=1 p=0.3 ofset=0.3 yeni=5.0 toplam=5.0 kaynak=yoklama gecen_sn=136.7
  [04:07:17] DENGE_SINIRI: sym=btc S=1789790700 agir=Down up=0.0 down=10.0 iptal=7 kalan_hafif=6
  [04:07:26] maruziyet: acik_pozisyon=0 pazar=0 dis_risk=0.0
  [04:07:32] mutabakat: pnl=-11.63 yerel=-6.42 etkin=-11.63 pencere=104 risk=4.6 emir=1380 dolum=104 pay=2275.2 geri_cekilen=1 red=19
  [04:08:20] GEC_UCUZ_KESILDI: sym=btc S=1789790700 iptal=5 fiyatlar=[0.03, 0.06, 0.1, 0.15, 0.22] kalan_acik=1
  [04:10:05] BOY: S=1789791000 klip=5.0 kol=A
  [04:10:06] pencere: sym=btc S=1789791000 kol=A tokens=[0, 1] emir=12 kabul=[5, 7] fiyatlar=[(0, 0.22, 0.22, 0.22), (0, 0.15, 0.15, 0.15), (0, 0.1, 0.1, 0.1), (0, 0.06, 0.06, 0.06), (0, 0.03, 0.03, 0.03), (1, 0.4, 0.4, 0.4), (1, 0.3, 0.3, 0.3), (1, 0.22, 0.22, 0.22), (1, 0.15, 0.15, 0.15), (1, 0.1, 0.1, 0.1), (1, 0.06, 0.06, 0.06), (1, 0.03, 0.03, 0.03)]
  [04:10:34] COZULDU: sym=btc S=1789790400 kol=A kazanan=0 pay=20.0 maliyet=6.1 pnl=8.9 geri_cekildi=None emirler=[{'oi': 0, 'p': 0.4, 'ofs': 0.4, 'hedef_ofs': 0.4, 'bb': 0.52, 'pay': 5.0, 'durum': 'kapali', 'gecikme_ms': 72863}, {'oi': 0, 'p': 0.3, 'ofs': 0.3, 'hedef_ofs': 0.3, 'bb': 0.52, 'pay': 5.0, 'durum': 'kapali', 'gecikme_ms': 74691}, {'oi': 0, 'p': 0.22, 'ofs': 0.22, 'hedef_ofs': 0.22, 'bb': 0.52, 'pay': 5.0, 'durum': 'kapali', 'gecikme_ms': 76655}, {'oi': 0, 'p': 0.15, 'ofs': 0.15, 'hedef_ofs': 0.15, 'bb': 0.52, 'pay': 0.0, 'durum': 'kapali', 'gecikme_ms': None}, {'oi': 0, 'p': 0.1, 'ofs': 0.1, 'hedef_ofs': 0.1, 'bb': 0.52, 'pay': 0.0, 'durum': 'kapali', 'gecikme_ms': None}, {'oi': 0, 'p': 0.06, 'ofs': 0.06, 'hedef_ofs': 0.06, 'bb': 0.52, 'pay': 0.0, 'durum': 'kapali', 'gecikme_ms': None}, {'oi': 0, 'p': 0.03, 'ofs': 0.03, 'hedef_ofs': 0.03, 'bb': 0.52, 'pay': 0.0, 'durum': 'kapali', 'gecikme_ms': None}, {'oi': 1, 'p': 0.3, 'ofs': 0.3, 'hedef_ofs': 0.3, 'bb': 0.47, 'pay': 5.0, 'durum': 'kapali', 'gecikme_ms': 226852}, {'oi': 1, 'p': 0.22, 'ofs': 0.22, 'hedef_ofs': 0.22, 'bb': 0.47, 'pay': 0.0, 'durum': 'kapali', 'gecikme_ms': None}, {'oi': 1, 'p': 0.15, 'ofs': 0.15, 'hedef_ofs': 0.15, 'bb': 0.47, 'pay': 0.0, 'durum': 'kapali', 'gecikme_ms': None}, {'oi': 1, 'p': 0.1, 'ofs': 0.1, 'hedef_ofs': 0.1, 'bb': 0.47, 'pay': 0.0, 'durum': 'kapali', 'gecikme_ms': None}, {'oi': 1, 'p': 0.06, 'ofs': 0.06, 'hedef_ofs': 0.06, 'bb': 0.47, 'pay': 0.0, 'durum': 'kapali', 'gecikme_ms': None}, {'oi': 1, 'p': 0.03, 'ofs': 0.03, 'hedef_ofs': 0.03, 'bb': 0.47, 'pay': 0.0, 'durum': 'kapali', 'gecikme_ms': None}]
  [04:11:18] dolum: sym=btc S=1789791000 oi=1 p=0.4 ofset=0.4 yeni=4.993 toplam=4.993 kaynak=yoklama gecen_sn=78.7
  [04:11:18] dolum: sym=btc S=1789791000 oi=1 p=0.3 ofset=0.3 yeni=5.0 toplam=5.0 kaynak=yoklama gecen_sn=78.8
  [04:11:20] DENGE_SINIRI: sym=btc S=1789791000 agir=Down up=0.0 down=10.0 iptal=7 kalan_hafif=5
  [04:11:46] maruziyet: acik_pozisyon=0 pazar=0 dis_risk=0.0
  [04:11:52] mutabakat: pnl=-2.73 yerel=2.48 etkin=-2.73 pencere=105 risk=7.0 emir=1392 dolum=105 pay=2295.2 geri_cekilen=1 red=19
  [04:13:23] GEC_UCUZ_KESILDI: sym=btc S=1789791000 iptal=5 fiyatlar=[0.03, 0.06, 0.1, 0.15, 0.22] kalan_acik=0
  [04:13:57] COZULDU: sym=btc S=1789790700 kol=A kazanan=0 pay=10.0 maliyet=3.5 pnl=-3.5 geri_cekildi=None emirler=[{'oi': 0, 'p': 0.3, 'ofs': 0.3, 'hedef_ofs': 0.3, 'bb': 0.45, 'pay': 0.0, 'durum': 'kapali', 'gecikme_ms': None}, {'oi': 0, 'p': 0.22, 'ofs': 0.22, 'hedef_ofs': 0.22, 'bb': 0.45, 'pay': 0.0, 'durum': 'kapali', 'gecikme_ms': None}, {'oi': 0, 'p': 0.15, 'ofs': 0.15, 'hedef_ofs': 0.15, 'bb': 0.45, 'pay': 0.0, 'durum': 'kapali', 'gecikme_ms': None}, {'oi': 0, 'p': 0.1, 'ofs': 0.1, 'hedef_ofs': 0.1, 'bb': 0.45, 'pay': 0.0, 'durum': 'kapali', 'gecikme_ms': None}, {'oi': 0, 'p': 0.06, 'ofs': 0.06, 'hedef_ofs': 0.06, 'bb': 0.45, 'pay': 0.0, 'durum': 'kapali', 'gecikme_ms': None}, {'oi': 0, 'p': 0.03, 'ofs': 0.03, 'hedef_ofs': 0.03, 'bb': 0.45, 'pay': 0.0, 'durum': 'kapali', 'gecikme_ms': None}, {'oi': 1, 'p': 0.4, 'ofs': 0.4, 'hedef_ofs': 0.4, 'bb': 0.54, 'pay': 5.0, 'durum': 'kapali', 'gecikme_ms': 87746}, {'oi': 1, 'p': 0.3, 'ofs': 0.3, 'hedef_ofs': 0.3, 'bb': 0.54, 'pay': 5.0, 'durum': 'kapali', 'gecikme_ms': 130419}, {'oi': 1, 'p': 0.22, 'ofs': 0.22, 'hedef_ofs': 0.22, 'bb': 0.54, 'pay': 0.0, 'durum': 'kapali', 'gecikme_ms': None}, {'oi': 1, 'p': 0.15, 'ofs': 0.15, 'hedef_ofs': 0.15, 'bb': 0.54, 'pay': 0.0, 'durum': 'kapali', 'gecikme_ms': None}, {'oi': 1, 'p': 0.1, 'ofs': 0.1, 'hedef_ofs': 0.1, 'bb': 0.54, 'pay': 0.0, 'durum': 'kapali', 'gecikme_ms': None}, {'oi': 1, 'p': 0.06, 'ofs': 0.06, 'hedef_ofs': 0.06, 'bb': 0.54, 'pay': 0.0, 'durum': 'kapali', 'gecikme_ms': None}, {'oi': 1, 'p': 0.03, 'ofs': 0.03, 'hedef_ofs': 0.03, 'bb': 0.54, 'pay': 0.0, 'durum': 'kapali', 'gecikme_ms': None}]
  [04:15:05] BOY: S=1789791300 klip=5.0 kol=A
  [04:15:06] pencere: sym=btc S=1789791300 kol=A tokens=[0, 1] emir=13 kabul=[7, 6] fiyatlar=[(0, 0.4, 0.4, 0.4), (0, 0.3, 0.3, 0.3), (0, 0.22, 0.22, 0.22), (0, 0.15, 0.15, 0.15), (0, 0.1, 0.1, 0.1), (0, 0.06, 0.06, 0.06), (0, 0.03, 0.03, 0.03), (1, 0.3, 0.3, 0.3), (1, 0.22, 0.22, 0.22), (1, 0.15, 0.15, 0.15), (1, 0.1, 0.1, 0.1), (1, 0.06, 0.06, 0.06), (1, 0.03, 0.03, 0.03)]
  [04:15:42] dolum: sym=btc S=1789791300 oi=1 p=0.3 ofset=0.3 yeni=5.0 toplam=5.0 kaynak=yoklama gecen_sn=43.0
  [04:16:08] maruziyet: acik_pozisyon=0 pazar=0 dis_risk=0.0
  [04:16:14] mutabakat: pnl=-6.23 yerel=-1.02 etkin=-6.23 pencere=106 risk=7.8 emir=1405 dolum=106 pay=2305.2 geri_cekilen=1 red=19
  [04:16:39] dolum: sym=btc S=1789791300 oi=0 p=0.4 ofset=0.4 yeni=5.0 toplam=5.0 kaynak=yoklama gecen_sn=99.6
  [04:16:44] dolum: sym=btc S=1789791300 oi=0 p=0.3 ofset=0.3 yeni=5.0 toplam=5.0 kaynak=yoklama gecen_sn=104.9
  [04:16:44] dolum: sym=btc S=1789791300 oi=0 p=0.22 ofset=0.22 yeni=5.0 toplam=5.0 kaynak=yoklama gecen_sn=105.0
  [04:16:46] DENGE_SINIRI: sym=btc S=1789791300 agir=Up up=15.0 down=5.0 iptal=7 kalan_hafif=6
  [04:18:21] GEC_UCUZ_KESILDI: sym=btc S=1789791300 iptal=5 fiyatlar=[0.03, 0.06, 0.1, 0.15, 0.22] kalan_acik=1
  [04:20:01] COZULDU: sym=btc S=1789791000 kol=A kazanan=0 pay=9.99 maliyet=3.5 pnl=-3.5 geri_cekildi=None emirler=[{'oi': 0, 'p': 0.22, 'ofs': 0.22, 'hedef_ofs': 0.22, 'bb': 0.32, 'pay': 0.0, 'durum': 'kapali', 'gecikme_ms': None}, {'oi': 0, 'p': 0.15, 'ofs': 0.15, 'hedef_ofs': 0.15, 'bb': 0.32, 'pay': 0.0, 'durum': 'kapali', 'gecikme_ms': None}, {'oi': 0, 'p': 0.1, 'ofs': 0.1, 'hedef_ofs': 0.1, 'bb': 0.32, 'pay': 0.0, 'durum': 'kapali', 'gecikme_ms': None}, {'oi': 0, 'p': 0.06, 'ofs': 0.06, 'hedef_ofs': 0.06, 'bb': 0.32, 'pay': 0.0, 'durum': 'kapali', 'gecikme_ms': None}, {'oi': 0, 'p': 0.03, 'ofs': 0.03, 'hedef_ofs': 0.03, 'bb': 0.32, 'pay': 0.0, 'durum': 'kapali', 'gecikme_ms': None}, {'oi': 1, 'p': 0.4, 'ofs': 0.4, 'hedef_ofs': 0.4, 'bb': 0.67, 'pay': 4.99, 'durum': 'kapali', 'gecikme_ms': 72079}, {'oi': 1, 'p': 0.3, 'ofs': 0.3, 'hedef_ofs': 0.3, 'bb': 0.67, 'pay': 5.0, 'durum': 'kapali', 'gecikme_ms': 72186}, {'oi': 1, 'p': 0.22, 'ofs': 0.22, 'hedef_ofs': 0.22, 'bb': 0.67, 'pay': 0.0, 'durum': 'kapali', 'gecikme_ms': None}, {'oi': 1, 'p': 0.15, 'ofs': 0.15, 'hedef_ofs': 0.15, 'bb': 0.67, 'pay': 0.0, 'durum': 'kapali', 'gecikme_ms': None}, {'oi': 1, 'p': 0.1, 'ofs': 0.1, 'hedef_ofs': 0.1, 'bb': 0.67, 'pay': 0.0, 'durum': 'kapali', 'gecikme_ms': None}, {'oi': 1, 'p': 0.06, 'ofs': 0.06, 'hedef_ofs': 0.06, 'bb': 0.67, 'pay': 0.0, 'durum': 'kapali', 'gecikme_ms': None}, {'oi': 1, 'p': 0.03, 'ofs': 0.03, 'hedef_ofs': 0.03, 'bb': 0.67, 'pay': 0.0, 'durum': 'kapali', 'gecikme_ms': None}]
  [04:20:06] BOY: S=1789791600 klip=5.0 kol=A
  [04:20:06] pencere: sym=btc S=1789791600 kol=A tokens=[0, 1] emir=13 kabul=[6, 7] fiyatlar=[(0, 0.3, 0.3, 0.3), (0, 0.22, 0.22, 0.22), (0, 0.15, 0.15, 0.15), (0, 0.1, 0.1, 0.1), (0, 0.06, 0.06, 0.06), (0, 0.03, 0.03, 0.03), (1, 0.4, 0.4, 0.4), (1, 0.3, 0.3, 0.3), (1, 0.22, 0.22, 0.22), (1, 0.15, 0.15, 0.15), (1, 0.1, 0.1, 0.1), (1, 0.06, 0.06, 0.06), (1, 0.03, 0.03, 0.03)]
  [04:20:29] maruziyet: acik_pozisyon=0 pazar=0 dis_risk=0.0
  [04:20:34] mutabakat: pnl=-9.73 yerel=-4.52 etkin=-9.73 pencere=107 risk=7.4 emir=1418 dolum=107 pay=2315.2 geri_cekilen=1 red=19
  [04:20:45] dolum: sym=btc S=1789791600 oi=0 p=0.3 ofset=0.3 yeni=5.0 toplam=5.0 kaynak=yoklama gecen_sn=45.4
  [04:20:57] dolum: sym=btc S=1789791600 oi=1 p=0.4 ofset=0.4 yeni=5.0 toplam=5.0 kaynak=yoklama gecen_sn=57.0
  [04:21:02] dolum: sym=btc S=1789791600 oi=1 p=0.3 ofset=0.3 yeni=5.0 toplam=5.0 kaynak=yoklama gecen_sn=62.3
  [04:21:07] dolum: sym=btc S=1789791600 oi=1 p=0.22 ofset=0.22 yeni=4.974 toplam=4.974 kaynak=yoklama gecen_sn=67.6
  [04:21:08] DENGE_SINIRI: sym=btc S=1789791600 agir=Down up=5.0 down=15.0 iptal=7 kalan_hafif=6
  [04:22:40] dolum: sym=btc S=1789791600 oi=0 p=0.22 ofset=0.22 yeni=5.0 toplam=5.0 kaynak=yoklama gecen_sn=160.3
  [04:23:06] dolum: sym=btc S=1789791600 oi=0 p=0.15 ofset=0.15 yeni=5.0 toplam=5.0 kaynak=yoklama gecen_sn=186.0
  [04:23:07] dolum: sym=btc S=1789791600 oi=0 p=0.1 ofset=0.1 yeni=5.0 toplam=5.0 kaynak=iptal gecen_sn=187.6
  [04:23:07] DENGE_SINIRI: sym=btc S=1789791600 agir=Up up=15.0 down=15.0 iptal=6 kalan_hafif=0
  [04:24:49] maruziyet: acik_pozisyon=0 pazar=0 dis_risk=0.0
  [04:24:54] mutabakat: pnl=-9.73 yerel=-4.52 etkin=-9.73 pencere=107 risk=1.1 emir=1418 dolum=107 pay=2315.2 geri_cekilen=1 red=19
  [04:25:02] COZULDU: sym=btc S=1789791300 kol=A kazanan=1 pay=20.0 maliyet=6.1 pnl=-1.1 geri_cekildi=None emirler=[{'oi': 0, 'p': 0.4, 'ofs': 0.4, 'hedef_ofs': 0.4, 'bb': 0.51, 'pay': 5.0, 'durum': 'kapali', 'gecikme_ms': 93018}, {'oi': 0, 'p': 0.3, 'ofs': 0.3, 'hedef_ofs': 0.3, 'bb': 0.51, 'pay': 5.0, 'durum': 'kapali', 'gecikme_ms': 98327}, {'oi': 0, 'p': 0.22, 'ofs': 0.22, 'hedef_ofs': 0.22, 'bb': 0.51, 'pay': 5.0, 'durum': 'kapali', 'gecikme_ms': 98430}, {'oi': 0, 'p': 0.15, 'ofs': 0.15, 'hedef_ofs': 0.15, 'bb': 0.51, 'pay': 0.0, 'durum': 'kapali', 'gecikme_ms': None}, {'oi': 0, 'p': 0.1, 'ofs': 0.1, 'hedef_ofs': 0.1, 'bb': 0.51, 'pay': 0.0, 'durum': 'kapali', 'gecikme_ms': None}, {'oi': 0, 'p': 0.06, 'ofs': 0.06, 'hedef_ofs': 0.06, 'bb': 0.51, 'pay': 0.0, 'durum': 'kapali', 'gecikme_ms': None}, {'oi': 0, 'p': 0.03, 'ofs': 0.03, 'hedef_ofs': 0.03, 'bb': 0.51, 'pay': 0.0, 'durum': 'kapali', 'gecikme_ms': None}, {'oi': 1, 'p': 0.3, 'ofs': 0.3, 'hedef_ofs': 0.3, 'bb': 0.46, 'pay': 5.0, 'durum': 'kapali', 'gecikme_ms': 36400}, {'oi': 1, 'p': 0.22, 'ofs': 0.22, 'hedef_ofs': 0.22, 'bb': 0.46, 'pay': 0.0, 'durum': 'kapali', 'gecikme_ms': None}, {'oi': 1, 'p': 0.15, 'ofs': 0.15, 'hedef_ofs': 0.15, 'bb': 0.46, 'pay': 0.0, 'durum': 'kapali', 'gecikme_ms': None}, {'oi': 1, 'p': 0.1, 'ofs': 0.1, 'hedef_ofs': 0.1, 'bb': 0.46, 'pay': 0.0, 'durum': 'kapali', 'gecikme_ms': None}, {'oi': 1, 'p': 0.06, 'ofs': 0.06, 'hedef_ofs': 0.06, 'bb': 0.46, 'pay': 0.0, 'durum': 'kapali', 'gecikme_ms': None}, {'oi': 1, 'p': 0.03, 'ofs': 0.03, 'hedef_ofs': 0.03, 'bb': 0.46, 'pay': 0.0, 'durum': 'kapali', 'gecikme_ms': None}]
  [04:25:05] BOY: S=1789791900 klip=5.0 kol=A
  [04:25:06] pencere: sym=btc S=1789791900 kol=A tokens=[0, 1] emir=12 kabul=[5, 7] fiyatlar=[(0, 0.22, 0.22, 0.22), (0, 0.15, 0.15, 0.15), (0, 0.1, 0.1, 0.1), (0, 0.06, 0.06, 0.06), (0, 0.03, 0.03, 0.03), (1, 0.4, 0.4, 0.4), (1, 0.3, 0.3, 0.3), (1, 0.22, 0.22, 0.22), (1, 0.15, 0.15, 0.15), (1, 0.1, 0.1, 0.1), (1, 0.06, 0.06, 0.06), (1, 0.03, 0.03, 0.03)]
  [04:25:19] dolum: sym=btc S=1789791900 oi=0 p=0.22 ofset=0.22 yeni=5.0 toplam=5.0 kaynak=yoklama gecen_sn=19.8
  [04:27:41] dolum: sym=btc S=1789791900 oi=1 p=0.4 ofset=0.4 yeni=5.0 toplam=5.0 kaynak=yoklama gecen_sn=161.3
  [04:27:54] dolum: sym=btc S=1789791900 oi=1 p=0.3 ofset=0.3 yeni=5.0 toplam=5.0 kaynak=yoklama gecen_sn=174.5
  [04:27:54] dolum: sym=btc S=1789791900 oi=1 p=0.22 ofset=0.22 yeni=5.0 toplam=5.0 kaynak=yoklama gecen_sn=174.6
  [04:27:55] DENGE_SINIRI: sym=btc S=1789791900 agir=Down up=5.0 down=15.0 iptal=7 kalan_hafif=5
  [04:28:20] GEC_UCUZ_KESILDI: sym=btc S=1789791900 iptal=5 fiyatlar=[0.03, 0.06, 0.1, 0.15, 0.22] kalan_acik=0
  [04:29:09] maruziyet: acik_pozisyon=0 pazar=0 dis_risk=0.0
  [04:29:15] mutabakat: pnl=-10.83 yerel=-5.62 etkin=-10.83 pencere=108 risk=0.7 emir=1430 dolum=108 pay=2335.2 geri_cekilen=1 red=19
  [04:30:06] BOY: S=1789792200 klip=5.0 kol=A
  [04:30:07] pencere: sym=btc S=1789792200 kol=A tokens=[0, 1] emir=13 kabul=[6, 7] fiyatlar=[(0, 0.3, 0.3, 0.3), (0, 0.22, 0.22, 0.22), (0, 0.15, 0.15, 0.15), (0, 0.1, 0.1, 0.1), (0, 0.06, 0.06, 0.06), (0, 0.03, 0.03, 0.03), (1, 0.4, 0.4, 0.4), (1, 0.3, 0.3, 0.3), (1, 0.22, 0.22, 0.22), (1, 0.15, 0.15, 0.15), (1, 0.1, 0.1, 0.1), (1, 0.06, 0.06, 0.06), (1, 0.03, 0.03, 0.03)]
  [04:30:28] dolum: sym=btc S=1789792200 oi=0 p=0.3 ofset=0.3 yeni=5.0 toplam=5.0 kaynak=yoklama gecen_sn=28.6
  [04:30:43] dolum: sym=btc S=1789792200 oi=0 p=0.22 ofset=0.22 yeni=5.0 toplam=5.0 kaynak=yoklama gecen_sn=43.5
  [04:30:45] DENGE_SINIRI: sym=btc S=1789792200 agir=Up up=10.0 down=0.0 iptal=6 kalan_hafif=7
  [04:30:45] COZULDU: sym=btc S=1789791600 kol=A kazanan=1 pay=34.97 maliyet=8.44 pnl=6.53 geri_cekildi=None emirler=[{'oi': 0, 'p': 0.3, 'ofs': 0.3, 'hedef_ofs': 0.3, 'bb': 0.38, 'pay': 5.0, 'durum': 'kapali', 'gecikme_ms': 38752}, {'oi': 0, 'p': 0.22, 'ofs': 0.22, 'hedef_ofs': 0.22, 'bb': 0.38, 'pay': 5.0, 'durum': 'kapali', 'gecikme_ms': 153643}, {'oi': 0, 'p': 0.15, 'ofs': 0.15, 'hedef_ofs': 0.15, 'bb': 0.38, 'pay': 5.0, 'durum': 'kapali', 'gecikme_ms': 179364}, {'oi': 0, 'p': 0.1, 'ofs': 0.1, 'hedef_ofs': 0.1, 'bb': 0.38, 'pay': 5.0, 'durum': 'kapali', 'gecikme_ms': 180914}, {'oi': 0, 'p': 0.06, 'ofs': 0.06, 'hedef_ofs': 0.06, 'bb': 0.38, 'pay': 0.0, 'durum': 'kapali', 'gecikme_ms': None}, {'oi': 0, 'p': 0.03, 'ofs': 0.03, 'hedef_ofs': 0.03, 'bb': 0.38, 'pay': 0.0, 'durum': 'kapali', 'gecikme_ms': None}, {'oi': 1, 'p': 0.4, 'ofs': 0.4, 'hedef_ofs': 0.4, 'bb': 0.61, 'pay': 5.0, 'durum': 'kapali', 'gecikme_ms': 50381}, {'oi': 1, 'p': 0.3, 'ofs': 0.3, 'hedef_ofs': 0.3, 'bb': 0.61, 'pay': 5.0, 'durum': 'kapali', 'gecikme_ms': 55647}, {'oi': 1, 'p': 0.22, 'ofs': 0.22, 'hedef_ofs': 0.22, 'bb': 0.61, 'pay': 4.97, 'durum': 'kapali', 'gecikme_ms': 60902}, {'oi': 1, 'p': 0.15, 'ofs': 0.15, 'hedef_ofs': 0.15, 'bb': 0.61, 'pay': 0.0, 'durum': 'kapali', 'gecikme_ms': None}, {'oi': 1, 'p': 0.1, 'ofs': 0.1, 'hedef_ofs': 0.1, 'bb': 0.61, 'pay': 0.0, 'durum': 'kapali', 'gecikme_ms': None}, {'oi': 1, 'p': 0.06, 'ofs': 0.06, 'hedef_ofs': 0.06, 'bb': 0.61, 'pay': 0.0, 'durum': 'kapali', 'gecikme_ms': None}, {'oi': 1, 'p': 0.03, 'ofs': 0.03, 'hedef_ofs': 0.03, 'bb': 0.61, 'pay': 0.0, 'durum': 'kapali', 'gecikme_ms': None}]
  [04:33:20] GEC_UCUZ_KESILDI: sym=btc S=1789792200 iptal=5 fiyatlar=[0.03, 0.06, 0.1, 0.15, 0.22] kalan_acik=2
  [04:33:29] maruziyet: acik_pozisyon=0 pazar=0 dis_risk=0.0
  [04:33:35] mutabakat: pnl=-4.3 yerel=0.91 etkin=-4.3 pencere=109 risk=3.3 emir=1443 dolum=109 pay=2370.2 geri_cekilen=1 red=19
  [04:35:05] BOY: S=1789792500 klip=5.0 kol=A
  [04:35:06] pencere: sym=btc S=1789792500 kol=A tokens=[0, 1] emir=12 kabul=[5, 7] fiyatlar=[(0, 0.22, 0.22, 0.22), (0, 0.15, 0.15, 0.15), (0, 0.1, 0.1, 0.1), (0, 0.06, 0.06, 0.06), (0, 0.03, 0.03, 0.03), (1, 0.4, 0.4, 0.4), (1, 0.3, 0.3, 0.3), (1, 0.22, 0.22, 0.22), (1, 0.15, 0.15, 0.15), (1, 0.1, 0.1, 0.1), (1, 0.06, 0.06, 0.06), (1, 0.03, 0.03, 0.03)]
  [04:35:44] COZULDU: sym=btc S=1789791900 kol=A kazanan=1 pay=20.0 maliyet=5.7 pnl=9.3 geri_cekildi=None emirler=[{'oi': 0, 'p': 0.22, 'ofs': 0.22, 'hedef_ofs': 0.22, 'bb': 0.32, 'pay': 5.0, 'durum': 'kapali', 'gecikme_ms': 13123}, {'oi': 0, 'p': 0.15, 'ofs': 0.15, 'hedef_ofs': 0.15, 'bb': 0.32, 'pay': 0.0, 'durum': 'kapali', 'gecikme_ms': None}, {'oi': 0, 'p': 0.1, 'ofs': 0.1, 'hedef_ofs': 0.1, 'bb': 0.32, 'pay': 0.0, 'durum': 'kapali', 'gecikme_ms': None}, {'oi': 0, 'p': 0.06, 'ofs': 0.06, 'hedef_ofs': 0.06, 'bb': 0.32, 'pay': 0.0, 'durum': 'kapali', 'gecikme_ms': None}, {'oi': 0, 'p': 0.03, 'ofs': 0.03, 'hedef_ofs': 0.03, 'bb': 0.32, 'pay': 0.0, 'durum': 'kapali', 'gecikme_ms': None}, {'oi': 1, 'p': 0.4, 'ofs': 0.4, 'hedef_ofs': 0.4, 'bb': 0.66, 'pay': 5.0, 'durum': 'kapali', 'gecikme_ms': 154624}, {'oi': 1, 'p': 0.3, 'ofs': 0.3, 'hedef_ofs': 0.3, 'bb': 0.66, 'pay': 5.0, 'durum': 'kapali', 'gecikme_ms': 167756}, {'oi': 1, 'p': 0.22, 'ofs': 0.22, 'hedef_ofs': 0.22, 'bb': 0.66, 'pay': 5.0, 'durum': 'kapali', 'gecikme_ms': 167849}, {'oi': 1, 'p': 0.15, 'ofs': 0.15, 'hedef_ofs': 0.15, 'bb': 0.66, 'pay': 0.0, 'durum': 'kapali', 'gecikme_ms': None}, {'oi': 1, 'p': 0.1, 'ofs': 0.1, 'hedef_ofs': 0.1, 'bb': 0.66, 'pay': 0.0, 'durum': 'kapali', 'gecikme_ms': None}, {'oi': 1, 'p': 0.06, 'ofs': 0.06, 'hedef_ofs': 0.06, 'bb': 0.66, 'pay': 0.0, 'durum': 'kapali', 'gecikme_ms': None}, {'oi': 1, 'p': 0.03, 'ofs': 0.03, 'hedef_ofs': 0.03, 'bb': 0.66, 'pay': 0.0, 'durum': 'kapali', 'gecikme_ms': None}]
  [04:37:10] dolum: sym=btc S=1789792500 oi=0 p=0.22 ofset=0.22 yeni=5.0 toplam=5.0 kaynak=yoklama gecen_sn=130.5
  [04:37:35] dolum: sym=btc S=1789792500 oi=0 p=0.15 ofset=0.15 yeni=5.0 toplam=5.0 kaynak=yoklama gecen_sn=155.8
  [04:37:37] DENGE_SINIRI: sym=btc S=1789792500 agir=Up up=10.0 down=0.0 iptal=5 kalan_hafif=7
  [04:37:51] maruziyet: acik_pozisyon=0 pazar=0 dis_risk=0.0
  [04:37:56] mutabakat: pnl=5.0 yerel=10.21 etkin=5.0 pencere=110 risk=4.45 emir=1455 dolum=110 pay=2390.2 geri_cekilen=1 red=19
  [04:38:21] GEC_UCUZ_KESILDI: sym=btc S=1789792500 iptal=5 fiyatlar=[0.03, 0.06, 0.1, 0.15, 0.22] kalan_acik=2
  [04:40:05] BOY: S=1789792800 klip=5.0 kol=A
  [04:40:10] pencere: sym=btc S=1789792800 kol=A tokens=[0, 1] emir=13 kabul=[6, 7] fiyatlar=[(0, 0.3, 0.3, 0.3), (0, 0.22, 0.22, 0.22), (0, 0.15, 0.15, 0.15), (0, 0.1, 0.1, 0.1), (0, 0.06, 0.06, 0.06), (0, 0.03, 0.03, 0.03), (1, 0.4, 0.4, 0.4), (1, 0.3, 0.3, 0.3), (1, 0.22, 0.22, 0.22), (1, 0.15, 0.15, 0.15), (1, 0.1, 0.1, 0.1), (1, 0.06, 0.06, 0.06), (1, 0.03, 0.03, 0.03)]
  [04:40:42] COZULDU: sym=btc S=1789792200 kol=A kazanan=1 pay=10.0 maliyet=2.6 pnl=-2.6 geri_cekildi=None emirler=[{'oi': 0, 'p': 0.3, 'ofs': 0.3, 'hedef_ofs': 0.3, 'bb': 0.39, 'pay': 5.0, 'durum': 'kapali', 'gecikme_ms': 21360}, {'oi': 0, 'p': 0.22, 'ofs': 0.22, 'hedef_ofs': 0.22, 'bb': 0.39, 'pay': 5.0, 'durum': 'kapali', 'gecikme_ms': 36280}, {'oi': 0, 'p': 0.15, 'ofs': 0.15, 'hedef_ofs': 0.15, 'bb': 0.39, 'pay': 0.0, 'durum': 'kapali', 'gecikme_ms': None}, {'oi': 0, 'p': 0.1, 'ofs': 0.1, 'hedef_ofs': 0.1, 'bb': 0.39, 'pay': 0.0, 'durum': 'kapali', 'gecikme_ms': None}, {'oi': 0, 'p': 0.06, 'ofs': 0.06, 'hedef_ofs': 0.06, 'bb': 0.39, 'pay': 0.0, 'durum': 'kapali', 'gecikme_ms': None}, {'oi': 0, 'p': 0.03, 'ofs': 0.03, 'hedef_ofs': 0.03, 'bb': 0.39, 'pay': 0.0, 'durum': 'kapali', 'gecikme_ms': None}, {'oi': 1, 'p': 0.4, 'ofs': 0.4, 'hedef_ofs': 0.4, 'bb': 0.6, 'pay': 0.0, 'durum': 'kapali', 'gecikme_ms': None}, {'oi': 1, 'p': 0.3, 'ofs': 0.3, 'hedef_ofs': 0.3, 'bb': 0.6, 'pay': 0.0, 'durum': 'kapali', 'gecikme_ms': None}, {'oi': 1, 'p': 0.22, 'ofs': 0.22, 'hedef_ofs': 0.22, 'bb': 0.6, 'pay': 0.0, 'durum': 'kapali', 'gecikme_ms': None}, {'oi': 1, 'p': 0.15, 'ofs': 0.15, 'hedef_ofs': 0.15, 'bb': 0.6, 'pay': 0.0, 'durum': 'kapali', 'gecikme_ms': None}, {'oi': 1, 'p': 0.1, 'ofs': 0.1, 'hedef_ofs': 0.1, 'bb': 0.6, 'pay': 0.0, 'durum': 'kapali', 'gecikme_ms': None}, {'oi': 1, 'p': 0.06, 'ofs': 0.06, 'hedef_ofs': 0.06, 'bb': 0.6, 'pay': 0.0, 'durum': 'kapali', 'gecikme_ms': None}, {'oi': 1, 'p': 0.03, 'ofs': 0.03, 'hedef_ofs': 0.03, 'bb': 0.6, 'pay': 0.0, 'durum': 'kapali', 'gecikme_ms': None}]
  [04:41:03] dolum: sym=btc S=1789792800 oi=1 p=0.4 ofset=0.4 yeni=5.0 toplam=5.0 kaynak=yoklama gecen_sn=63.6
  [04:41:08] dolum: sym=btc S=1789792800 oi=1 p=0.3 ofset=0.3 yeni=5.0 toplam=5.0 kaynak=yoklama gecen_sn=68.8
  [04:41:10] DENGE_SINIRI: sym=btc S=1789792800 agir=Down up=0.0 down=10.0 iptal=7 kalan_hafif=6
  [04:42:11] maruziyet: acik_pozisyon=0 pazar=0 dis_risk=0.0
  [04:42:17] mutabakat: pnl=2.4 yerel=7.61 etkin=2.4 pencere=111 risk=5.35 emir=1468 dolum=111 pay=2400.2 geri_cekilen=1 red=19
  [04:43:21] GEC_UCUZ_KESILDI: sym=btc S=1789792800 iptal=5 fiyatlar=[0.03, 0.06, 0.1, 0.15, 0.22] kalan_acik=1
  [04:45:06] BOY: S=1789793100 klip=5.0 kol=A
  [04:45:06] pencere: sym=btc S=1789793100 kol=A tokens=[0, 1] emir=12 kabul=[5, 7] fiyatlar=[(0, 0.22, 0.22, 0.22), (0, 0.15, 0.15, 0.15), (0, 0.1, 0.1, 0.1), (0, 0.06, 0.06, 0.06), (0, 0.03, 0.03, 0.03), (1, 0.4, 0.4, 0.4), (1, 0.3, 0.3, 0.3), (1, 0.22, 0.22, 0.22), (1, 0.15, 0.15, 0.15), (1, 0.1, 0.1, 0.1), (1, 0.06, 0.06, 0.06), (1, 0.03, 0.03, 0.03)]
  [04:45:31] dolum: sym=btc S=1789793100 oi=0 p=0.22 ofset=0.22 yeni=4.994 toplam=4.994 kaynak=yoklama gecen_sn=32.0
  [04:46:09] COZULDU: sym=btc S=1789792500 kol=A kazanan=1 pay=10.0 maliyet=1.85 pnl=-1.85 geri_cekildi=None emirler=[{'oi': 0, 'p': 0.22, 'ofs': 0.22, 'hedef_ofs': 0.22, 'bb': 0.35, 'pay': 5.0, 'durum': 'kapali', 'gecikme_ms': 123866}, {'oi': 0, 'p': 0.15, 'ofs': 0.15, 'hedef_ofs': 0.15, 'bb': 0.35, 'pay': 5.0, 'durum': 'kapali', 'gecikme_ms': 149160}, {'oi': 0, 'p': 0.1, 'ofs': 0.1, 'hedef_ofs': 0.1, 'bb': 0.35, 'pay': 0.0, 'durum': 'kapali', 'gecikme_ms': None}, {'oi': 0, 'p': 0.06, 'ofs': 0.06, 'hedef_ofs': 0.06, 'bb': 0.35, 'pay': 0.0, 'durum': 'kapali', 'gecikme_ms': None}, {'oi': 0, 'p': 0.03, 'ofs': 0.03, 'hedef_ofs': 0.03, 'bb': 0.35, 'pay': 0.0, 'durum': 'kapali', 'gecikme_ms': None}, {'oi': 1, 'p': 0.4, 'ofs': 0.4, 'hedef_ofs': 0.4, 'bb': 0.63, 'pay': 0.0, 'durum': 'kapali', 'gecikme_ms': None}, {'oi': 1, 'p': 0.3, 'ofs': 0.3, 'hedef_ofs': 0.3, 'bb': 0.63, 'pay': 0.0, 'durum': 'kapali', 'gecikme_ms': None}, {'oi': 1, 'p': 0.22, 'ofs': 0.22, 'hedef_ofs': 0.22, 'bb': 0.63, 'pay': 0.0, 'durum': 'kapali', 'gecikme_ms': None}, {'oi': 1, 'p': 0.15, 'ofs': 0.15, 'hedef_ofs': 0.15, 'bb': 0.63, 'pay': 0.0, 'durum': 'kapali', 'gecikme_ms': None}, {'oi': 1, 'p': 0.1, 'ofs': 0.1, 'hedef_ofs': 0.1, 'bb': 0.63, 'pay': 0.0, 'durum': 'kapali', 'gecikme_ms': None}, {'oi': 1, 'p': 0.06, 'ofs': 0.06, 'hedef_ofs': 0.06, 'bb': 0.63, 'pay': 0.0, 'durum': 'kapali', 'gecikme_ms': None}, {'oi': 1, 'p': 0.03, 'ofs': 0.03, 'hedef_ofs': 0.03, 'bb': 0.63, 'pay': 0.0, 'durum': 'kapali', 'gecikme_ms': None}]
  [04:46:31] maruziyet: acik_pozisyon=0 pazar=0 dis_risk=0.0
  [04:46:37] mutabakat: pnl=0.55 yerel=5.76 etkin=0.55 pencere=112 risk=6.3 emir=1480 dolum=112 pay=2410.2 geri_cekilen=1 red=19
  [04:47:06] dolum: sym=btc S=1789793100 oi=0 p=0.15 ofset=0.15 yeni=5.0 toplam=5.0 kaynak=yoklama gecen_sn=126.1
  [04:47:07] DENGE_SINIRI: sym=btc S=1789793100 agir=Up up=10.0 down=0.0 iptal=5 kalan_hafif=7
  [04:48:20] GEC_UCUZ_KESILDI: sym=btc S=1789793100 iptal=5 fiyatlar=[0.03, 0.06, 0.1, 0.15, 0.22] kalan_acik=2
  [04:50:06] BOY: S=1789793400 klip=5.0 kol=A
  [04:50:06] pencere: sym=btc S=1789793400 kol=A tokens=[0, 1] emir=13 kabul=[7, 6] fiyatlar=[(0, 0.4, 0.4, 0.4), (0, 0.3, 0.3, 0.3), (0, 0.22, 0.22, 0.22), (0, 0.15, 0.15, 0.15), (0, 0.1, 0.1, 0.1), (0, 0.06, 0.06, 0.06), (0, 0.03, 0.03, 0.03), (1, 0.3, 0.3, 0.3), (1, 0.22, 0.22, 0.22), (1, 0.15, 0.15, 0.15), (1, 0.1, 0.1, 0.1), (1, 0.06, 0.06, 0.06), (1, 0.03, 0.03, 0.03)]
  [04:50:14] dolum: sym=btc S=1789793400 oi=1 p=0.3 ofset=0.3 yeni=5.0 toplam=5.0 kaynak=yoklama gecen_sn=14.4
  [04:50:26] dolum: sym=btc S=1789793400 oi=1 p=0.22 ofset=0.22 yeni=5.0 toplam=5.0 kaynak=yoklama gecen_sn=26.1
  [04:50:27] DENGE_SINIRI: sym=btc S=1789793400 agir=Down up=0.0 down=10.0 iptal=6 kalan_hafif=7
  [04:50:53] maruziyet: acik_pozisyon=0 pazar=0 dis_risk=0.0
  [04:50:58] mutabakat: pnl=0.55 yerel=5.76 etkin=0.55 pencere=112 risk=7.95 emir=1493 dolum=112 pay=2410.2 geri_cekilen=1 red=19
  [04:51:09] COZULDU: sym=btc S=1789792800 kol=A kazanan=0 pay=10.0 maliyet=3.5 pnl=-3.5 geri_cekildi=None emirler=[{'oi': 0, 'p': 0.3, 'ofs': 0.3, 'hedef_ofs': 0.3, 'bb': 0.41, 'pay': 0.0, 'durum': 'kapali', 'gecikme_ms': None}, {'oi': 0, 'p': 0.22, 'ofs': 0.22, 'hedef_ofs': 0.22, 'bb': 0.41, 'pay': 0.0, 'durum': 'kapali', 'gecikme_ms': None}, {'oi': 0, 'p': 0.15, 'ofs': 0.15, 'hedef_ofs': 0.15, 'bb': 0.41, 'pay': 0.0, 'durum': 'kapali', 'gecikme_ms': None}, {'oi': 0, 'p': 0.1, 'ofs': 0.1, 'hedef_ofs': 0.1, 'bb': 0.41, 'pay': 0.0, 'durum': 'kapali', 'gecikme_ms': None}, {'oi': 0, 'p': 0.06, 'ofs': 0.06, 'hedef_ofs': 0.06, 'bb': 0.41, 'pay': 0.0, 'durum': 'kapali', 'gecikme_ms': None}, {'oi': 0, 'p': 0.03, 'ofs': 0.03, 'hedef_ofs': 0.03, 'bb': 0.41, 'pay': 0.0, 'durum': 'kapali', 'gecikme_ms': None}, {'oi': 1, 'p': 0.4, 'ofs': 0.4, 'hedef_ofs': 0.4, 'bb': 0.58, 'pay': 5.0, 'durum': 'kapali', 'gecikme_ms': 53310}, {'oi': 1, 'p': 0.3, 'ofs': 0.3, 'hedef_ofs': 0.3, 'bb': 0.58, 'pay': 5.0, 'durum': 'kapali', 'gecikme_ms': 58568}, {'oi': 1, 'p': 0.22, 'ofs': 0.22, 'hedef_ofs': 0.22, 'bb': 0.58, 'pay': 0.0, 'durum': 'kapali', 'gecikme_ms': None}, {'oi': 1, 'p': 0.15, 'ofs': 0.15, 'hedef_ofs': 0.15, 'bb': 0.58, 'pay': 0.0, 'durum': 'kapali', 'gecikme_ms': None}, {'oi': 1, 'p': 0.1, 'ofs': 0.1, 'hedef_ofs': 0.1, 'bb': 0.58, 'pay': 0.0, 'durum': 'kapali', 'gecikme_ms': None}, {'oi': 1, 'p': 0.06, 'ofs': 0.06, 'hedef_ofs': 0.06, 'bb': 0.58, 'pay': 0.0, 'durum': 'kapali', 'gecikme_ms': None}, {'oi': 1, 'p': 0.03, 'ofs': 0.03, 'hedef_ofs': 0.03, 'bb': 0.58, 'pay': 0.0, 'durum': 'kapali', 'gecikme_ms': None}]
  [04:53:21] GEC_UCUZ_KESILDI: sym=btc S=1789793400 iptal=5 fiyatlar=[0.03, 0.06, 0.1, 0.15, 0.22] kalan_acik=2
  [04:55:06] BOY: S=1789793700 klip=5.0 kol=A
  [04:55:07] pencere: sym=btc S=1789793700 kol=A tokens=[0, 1] emir=13 kabul=[6, 7] fiyatlar=[(0, 0.3, 0.3, 0.3), (0, 0.22, 0.22, 0.22), (0, 0.15, 0.15, 0.15), (0, 0.1, 0.1, 0.1), (0, 0.06, 0.06, 0.06), (0, 0.03, 0.03, 0.03), (1, 0.4, 0.4, 0.4), (1, 0.3, 0.3, 0.3), (1, 0.22, 0.22, 0.22), (1, 0.15, 0.15, 0.15), (1, 0.1, 0.1, 0.1), (1, 0.06, 0.06, 0.06), (1, 0.03, 0.03, 0.03)]
  [04:55:14] maruziyet: acik_pozisyon=0 pazar=0 dis_risk=0.0
  [04:55:20] mutabakat: pnl=-2.95 yerel=2.26 etkin=-2.95 pencere=113 risk=10.75 emir=1506 dolum=113 pay=2420.2 geri_cekilen=1 red=19
  [04:56:20] dolum: sym=btc S=1789793700 oi=1 p=0.4 ofset=0.4 yeni=5.0 toplam=5.0 kaynak=yoklama gecen_sn=80.5
  [04:56:31] dolum: sym=btc S=1789793700 oi=1 p=0.3 ofset=0.3 yeni=5.0 toplam=5.0 kaynak=yoklama gecen_sn=91.5
  [04:56:32] DENGE_SINIRI: sym=btc S=1789793700 agir=Down up=0.0 down=10.0 iptal=7 kalan_hafif=6
  [04:57:12] COZULDU: sym=btc S=1789793100 kol=A kazanan=1 pay=9.99 maliyet=1.85 pnl=-1.85 geri_cekildi=None emirler=[{'oi': 0, 'p': 0.22, 'ofs': 0.22, 'hedef_ofs': 0.22, 'bb': 0.32, 'pay': 4.99, 'durum': 'kapali', 'gecikme_ms': 25166}, {'oi': 0, 'p': 0.15, 'ofs': 0.15, 'hedef_ofs': 0.15, 'bb': 0.32, 'pay': 5.0, 'durum': 'kapali', 'gecikme_ms': 119261}, {'oi': 0, 'p': 0.1, 'ofs': 0.1, 'hedef_ofs': 0.1, 'bb': 0.32, 'pay': 0.0, 'durum': 'kapali', 'gecikme_ms': None}, {'oi': 0, 'p': 0.06, 'ofs': 0.06, 'hedef_ofs': 0.06, 'bb': 0.32, 'pay': 0.0, 'durum': 'kapali', 'gecikme_ms': None}, {'oi': 0, 'p': 0.03, 'ofs': 0.03, 'hedef_ofs': 0.03, 'bb': 0.32, 'pay': 0.0, 'durum': 'kapali', 'gecikme_ms': None}, {'oi': 1, 'p': 0.4, 'ofs': 0.4, 'hedef_ofs': 0.4, 'bb': 0.67, 'pay': 0.0, 'durum': 'kapali', 'gecikme_ms': None}, {'oi': 1, 'p': 0.3, 'ofs': 0.3, 'hedef_ofs': 0.3, 'bb': 0.67, 'pay': 0.0, 'durum': 'kapali', 'gecikme_ms': None}, {'oi': 1, 'p': 0.22, 'ofs': 0.22, 'hedef_ofs': 0.22, 'bb': 0.67, 'pay': 0.0, 'durum': 'kapali', 'gecikme_ms': None}, {'oi': 1, 'p': 0.15, 'ofs': 0.15, 'hedef_ofs': 0.15, 'bb': 0.67, 'pay': 0.0, 'durum': 'kapali', 'gecikme_ms': None}, {'oi': 1, 'p': 0.1, 'ofs': 0.1, 'hedef_ofs': 0.1, 'bb': 0.67, 'pay': 0.0, 'durum': 'kapali', 'gecikme_ms': None}, {'oi': 1, 'p': 0.06, 'ofs': 0.06, 'hedef_ofs': 0.06, 'bb': 0.67, 'pay': 0.0, 'durum': 'kapali', 'gecikme_ms': None}, {'oi': 1, 'p': 0.03, 'ofs': 0.03, 'hedef_ofs': 0.03, 'bb': 0.67, 'pay': 0.0, 'durum': 'kapali', 'gecikme_ms': None}]
  [04:58:21] GEC_UCUZ_KESILDI: sym=btc S=1789793700 iptal=5 fiyatlar=[0.03, 0.06, 0.1, 0.15, 0.22] kalan_acik=1
  [04:59:35] maruziyet: acik_pozisyon=0 pazar=0 dis_risk=0.0
  [04:59:40] mutabakat: pnl=-4.8 yerel=0.41 etkin=-4.8 pencere=114 risk=6.1 emir=1506 dolum=114 pay=2430.2 geri_cekilen=1 red=19
  [05:00:06] BOY: S=1789794000 klip=5.0 kol=A
  [05:00:06] pencere: sym=btc S=1789794000 kol=A tokens=[0, 1] emir=14 kabul=[7, 7] fiyatlar=[(0, 0.4, 0.4, 0.4), (0, 0.3, 0.3, 0.3), (0, 0.22, 0.22, 0.22), (0, 0.15, 0.15, 0.15), (0, 0.1, 0.1, 0.1), (0, 0.06, 0.06, 0.06), (0, 0.03, 0.03, 0.03), (1, 0.4, 0.4, 0.4), (1, 0.3, 0.3, 0.3), (1, 0.22, 0.22, 0.22), (1, 0.15, 0.15, 0.15), (1, 0.1, 0.1, 0.1), (1, 0.06, 0.06, 0.06), (1, 0.03, 0.03, 0.03)]
  [05:01:07] COZULDU: sym=btc S=1789793400 kol=A kazanan=0 pay=10.0 maliyet=2.6 pnl=-2.6 geri_cekildi=None emirler=[{'oi': 0, 'p': 0.4, 'ofs': 0.4, 'hedef_ofs': 0.4, 'bb': 0.62, 'pay': 0.0, 'durum': 'kapali', 'gecikme_ms': None}, {'oi': 0, 'p': 0.3, 'ofs': 0.3, 'hedef_ofs': 0.3, 'bb': 0.62, 'pay': 0.0, 'durum': 'kapali', 'gecikme_ms': None}, {'oi': 0, 'p': 0.22, 'ofs': 0.22, 'hedef_ofs': 0.22, 'bb': 0.62, 'pay': 0.0, 'durum': 'kapali', 'gecikme_ms': None}, {'oi': 0, 'p': 0.15, 'ofs': 0.15, 'hedef_ofs': 0.15, 'bb': 0.62, 'pay': 0.0, 'durum': 'kapali', 'gecikme_ms': None}, {'oi': 0, 'p': 0.1, 'ofs': 0.1, 'hedef_ofs': 0.1, 'bb': 0.62, 'pay': 0.0, 'durum': 'kapali', 'gecikme_ms': None}, {'oi': 0, 'p': 0.06, 'ofs': 0.06, 'hedef_ofs': 0.06, 'bb': 0.62, 'pay': 0.0, 'durum': 'kapali', 'gecikme_ms': None}, {'oi': 0, 'p': 0.03, 'ofs': 0.03, 'hedef_ofs': 0.03, 'bb': 0.62, 'pay': 0.0, 'durum': 'kapali', 'gecikme_ms': None}, {'oi': 1, 'p': 0.3, 'ofs': 0.3, 'hedef_ofs': 0.3, 'bb': 0.37, 'pay': 5.0, 'durum': 'kapali', 'gecikme_ms': 7734}, {'oi': 1, 'p': 0.22, 'ofs': 0.22, 'hedef_ofs': 0.22, 'bb': 0.37, 'pay': 5.0, 'durum': 'kapali', 'gecikme_ms': 19442}, {'oi': 1, 'p': 0.15, 'ofs': 0.15, 'hedef_ofs': 0.15, 'bb': 0.37, 'pay': 0.0, 'durum': 'kapali', 'gecikme_ms': None}, {'oi': 1, 'p': 0.1, 'ofs': 0.1, 'hedef_ofs': 0.1, 'bb': 0.37, 'pay': 0.0, 'durum': 'kapali', 'gecikme_ms': None}, {'oi': 1, 'p': 0.06, 'ofs': 0.06, 'hedef_ofs': 0.06, 'bb': 0.37, 'pay': 0.0, 'durum': 'kapali', 'gecikme_ms': None}, {'oi': 1, 'p': 0.03, 'ofs': 0.03, 'hedef_ofs': 0.03, 'bb': 0.37, 'pay': 0.0, 'durum': 'kapali', 'gecikme_ms': None}]
  [05:01:37] dolum: sym=btc S=1789794000 oi=1 p=0.4 ofset=0.4 yeni=5.0 toplam=5.0 kaynak=yoklama gecen_sn=97.4
  [05:02:33] dolum: sym=btc S=1789794000 oi=1 p=0.3 ofset=0.3 yeni=5.0 toplam=5.0 kaynak=yoklama gecen_sn=153.9
  [05:02:35] DENGE_SINIRI: sym=btc S=1789794000 agir=Down up=0.0 down=10.0 iptal=7 kalan_hafif=7
  [05:03:21] GEC_UCUZ_KESILDI: sym=btc S=1789794000 iptal=5 fiyatlar=[0.03, 0.06, 0.1, 0.15, 0.22] kalan_acik=2
  [05:03:55] maruziyet: acik_pozisyon=0 pazar=0 dis_risk=0.0
  [05:04:01] mutabakat: pnl=-7.4 yerel=-2.19 etkin=-7.4 pencere=115 risk=7.0 emir=1520 dolum=115 pay=2440.2 geri_cekilen=1 red=19
  [05:05:06] BOY: S=1789794300 klip=5.0 kol=A
  [05:05:06] pencere: sym=btc S=1789794300 kol=A tokens=[0, 1] emir=13 kabul=[6, 7] fiyatlar=[(0, 0.3, 0.3, 0.3), (0, 0.22, 0.22, 0.22), (0, 0.15, 0.15, 0.15), (0, 0.1, 0.1, 0.1), (0, 0.06, 0.06, 0.06), (0, 0.03, 0.03, 0.03), (1, 0.4, 0.4, 0.4), (1, 0.3, 0.3, 0.3), (1, 0.22, 0.22, 0.22), (1, 0.15, 0.15, 0.15), (1, 0.1, 0.1, 0.1), (1, 0.06, 0.06, 0.06), (1, 0.03, 0.03, 0.03)]
  [05:05:47] dolum: sym=btc S=1789794300 oi=1 p=0.4 ofset=0.4 yeni=5.0 toplam=5.0 kaynak=yoklama gecen_sn=47.1
  [05:06:06] COZULDU: sym=btc S=1789793700 kol=A kazanan=0 pay=10.0 maliyet=3.5 pnl=-3.5 geri_cekildi=None emirler=[{'oi': 0, 'p': 0.3, 'ofs': 0.3, 'hedef_ofs': 0.3, 'bb': 0.38, 'pay': 0.0, 'durum': 'kapali', 'gecikme_ms': None}, {'oi': 0, 'p': 0.22, 'ofs': 0.22, 'hedef_ofs': 0.22, 'bb': 0.38, 'pay': 0.0, 'durum': 'kapali', 'gecikme_ms': None}, {'oi': 0, 'p': 0.15, 'ofs': 0.15, 'hedef_ofs': 0.15, 'bb': 0.38, 'pay': 0.0, 'durum': 'kapali', 'gecikme_ms': None}, {'oi': 0, 'p': 0.1, 'ofs': 0.1, 'hedef_ofs': 0.1, 'bb': 0.38, 'pay': 0.0, 'durum': 'kapali', 'gecikme_ms': None}, {'oi': 0, 'p': 0.06, 'ofs': 0.06, 'hedef_ofs': 0.06, 'bb': 0.38, 'pay': 0.0, 'durum': 'kapali', 'gecikme_ms': None}, {'oi': 0, 'p': 0.03, 'ofs': 0.03, 'hedef_ofs': 0.03, 'bb': 0.38, 'pay': 0.0, 'durum': 'kapali', 'gecikme_ms': None}, {'oi': 1, 'p': 0.4, 'ofs': 0.4, 'hedef_ofs': 0.4, 'bb': 0.61, 'pay': 5.0, 'durum': 'kapali', 'gecikme_ms': 73519}, {'oi': 1, 'p': 0.3, 'ofs': 0.3, 'hedef_ofs': 0.3, 'bb': 0.61, 'pay': 5.0, 'durum': 'kapali', 'gecikme_ms': 84455}, {'oi': 1, 'p': 0.22, 'ofs': 0.22, 'hedef_ofs': 0.22, 'bb': 0.61, 'pay': 0.0, 'durum': 'kapali', 'gecikme_ms': None}, {'oi': 1, 'p': 0.15, 'ofs': 0.15, 'hedef_ofs': 0.15, 'bb': 0.61, 'pay': 0.0, 'durum': 'kapali', 'gecikme_ms': None}, {'oi': 1, 'p': 0.1, 'ofs': 0.1, 'hedef_ofs': 0.1, 'bb': 0.61, 'pay': 0.0, 'durum': 'kapali', 'gecikme_ms': None}, {'oi': 1, 'p': 0.06, 'ofs': 0.06, 'hedef_ofs': 0.06, 'bb': 0.61, 'pay': 0.0, 'durum': 'kapali', 'gecikme_ms': None}, {'oi': 1, 'p': 0.03, 'ofs': 0.03, 'hedef_ofs': 0.03, 'bb': 0.61, 'pay': 0.0, 'durum': 'kapali', 'gecikme_ms': None}]
  [05:06:17] dolum: sym=btc S=1789794300 oi=1 p=0.3 ofset=0.3 yeni=5.0 toplam=5.0 kaynak=yoklama gecen_sn=77.9
  [05:06:18] dolum: sym=btc S=1789794300 oi=1 p=0.22 ofset=0.22 yeni=5.0 toplam=5.0 kaynak=iptal gecen_sn=78.8
  [05:06:19] DENGE_SINIRI: sym=btc S=1789794300 agir=Down up=0.0 down=10.0 iptal=7 kalan_hafif=6
  [05:08:16] maruziyet: acik_pozisyon=0 pazar=0 dis_risk=0.0
  [05:08:22] mutabakat: pnl=-10.9 yerel=-5.69 etkin=-10.9 pencere=116 risk=8.1 emir=1533 dolum=116 pay=2450.2 geri_cekilen=1 red=19
  [05:08:24] GEC_UCUZ_KESILDI: sym=btc S=1789794300 iptal=5 fiyatlar=[0.03, 0.06, 0.1, 0.15, 0.22] kalan_acik=1
  [05:10:05] BOY: S=1789794600 klip=5.0 kol=A
  [05:10:06] pencere: sym=btc S=1789794600 kol=A tokens=[0, 1] emir=13 kabul=[6, 7] fiyatlar=[(0, 0.3, 0.3, 0.3), (0, 0.22, 0.22, 0.22), (0, 0.15, 0.15, 0.15), (0, 0.1, 0.1, 0.1), (0, 0.06, 0.06, 0.06), (0, 0.03, 0.03, 0.03), (1, 0.4, 0.4, 0.4), (1, 0.3, 0.3, 0.3), (1, 0.22, 0.22, 0.22), (1, 0.15, 0.15, 0.15), (1, 0.1, 0.1, 0.1), (1, 0.06, 0.06, 0.06), (1, 0.03, 0.03, 0.03)]
  [05:10:10] dolum: sym=btc S=1789794600 oi=0 p=0.3 ofset=0.3 yeni=5.0 toplam=5.0 kaynak=yoklama gecen_sn=10.3
  [05:10:12] dolum: sym=btc S=1789794600 oi=0 p=0.22 ofset=0.22 yeni=5.0 toplam=5.0 kaynak=yoklama gecen_sn=12.1
  [05:10:13] DENGE_SINIRI: sym=btc S=1789794600 agir=Up up=10.0 down=0.0 iptal=6 kalan_hafif=7
  [05:11:56] COZULDU: sym=btc S=1789794000 kol=A kazanan=0 pay=10.0 maliyet=3.5 pnl=-3.5 geri_cekildi=None emirler=[{'oi': 0, 'p': 0.4, 'ofs': 0.4, 'hedef_ofs': 0.4, 'bb': 0.49, 'pay': 0.0, 'durum': 'kapali', 'gecikme_ms': None}, {'oi': 0, 'p': 0.3, 'ofs': 0.3, 'hedef_ofs': 0.3, 'bb': 0.49, 'pay': 0.0, 'durum': 'kapali', 'gecikme_ms': None}, {'oi': 0, 'p': 0.22, 'ofs': 0.22, 'hedef_ofs': 0.22, 'bb': 0.49, 'pay': 0.0, 'durum': 'kapali', 'gecikme_ms': None}, {'oi': 0, 'p': 0.15, 'ofs': 0.15, 'hedef_ofs': 0.15, 'bb': 0.49, 'pay': 0.0, 'durum': 'kapali', 'gecikme_ms': None}, {'oi': 0, 'p': 0.1, 'ofs': 0.1, 'hedef_ofs': 0.1, 'bb': 0.49, 'pay': 0.0, 'durum': 'kapali', 'gecikme_ms': None}, {'oi': 0, 'p': 0.06, 'ofs': 0.06, 'hedef_ofs': 0.06, 'bb': 0.49, 'pay': 0.0, 'durum': 'kapali', 'gecikme_ms': None}, {'oi': 0, 'p': 0.03, 'ofs': 0.03, 'hedef_ofs': 0.03, 'bb': 0.49, 'pay': 0.0, 'durum': 'kapali', 'gecikme_ms': None}, {'oi': 1, 'p': 0.4, 'ofs': 0.4, 'hedef_ofs': 0.4, 'bb': 0.5, 'pay': 5.0, 'durum': 'kapali', 'gecikme_ms': 90808}, {'oi': 1, 'p': 0.3, 'ofs': 0.3, 'hedef_ofs': 0.3, 'bb': 0.5, 'pay': 5.0, 'durum': 'kapali', 'gecikme_ms': 147296}, {'oi': 1, 'p': 0.22, 'ofs': 0.22, 'hedef_ofs': 0.22, 'bb': 0.5, 'pay': 0.0, 'durum': 'kapali', 'gecikme_ms': None}, {'oi': 1, 'p': 0.15, 'ofs': 0.15, 'hedef_ofs': 0.15, 'bb': 0.5, 'pay': 0.0, 'durum': 'kapali', 'gecikme_ms': None}, {'oi': 1, 'p': 0.1, 'ofs': 0.1, 'hedef_ofs': 0.1, 'bb': 0.5, 'pay': 0.0, 'durum': 'kapali', 'gecikme_ms': None}, {'oi': 1, 'p': 0.06, 'ofs': 0.06, 'hedef_ofs': 0.06, 'bb': 0.5, 'pay': 0.0, 'durum': 'kapali', 'gecikme_ms': None}, {'oi': 1, 'p': 0.03, 'ofs': 0.03, 'hedef_ofs': 0.03, 'bb': 0.5, 'pay': 0.0, 'durum': 'kapali', 'gecikme_ms': None}]
  [05:12:36] maruziyet: acik_pozisyon=0 pazar=0 dis_risk=0.0
  [05:12:42] mutabakat: pnl=-14.4 yerel=-9.19 etkin=-14.4 pencere=117 risk=7.2 emir=1546 dolum=117 pay=2460.2 geri_cekilen=1 red=19
  [05:13:21] GEC_UCUZ_KESILDI: sym=btc S=1789794600 iptal=5 fiyatlar=[0.03, 0.06, 0.1, 0.15, 0.22] kalan_acik=2
  [05:15:06] BOY: S=1789794900 klip=5.0 kol=A
  [05:15:06] pencere: sym=btc S=1789794900 kol=A tokens=[0, 1] emir=13 kabul=[6, 7] fiyatlar=[(0, 0.3, 0.3, 0.3), (0, 0.22, 0.22, 0.22), (0, 0.15, 0.15, 0.15), (0, 0.1, 0.1, 0.1), (0, 0.06, 0.06, 0.06), (0, 0.03, 0.03, 0.03), (1, 0.4, 0.4, 0.4), (1, 0.3, 0.3, 0.3), (1, 0.22, 0.22, 0.22), (1, 0.15, 0.15, 0.15), (1, 0.1, 0.1, 0.1), (1, 0.06, 0.06, 0.06), (1, 0.03, 0.03, 0.03)]
  [05:15:17] dolum: sym=btc S=1789794900 oi=1 p=0.4 ofset=0.4 yeni=5.0 toplam=5.0 kaynak=yoklama gecen_sn=17.4
  [05:16:38] dolum: sym=btc S=1789794900 oi=0 p=0.3 ofset=0.3 yeni=5.0 toplam=5.0 kaynak=yoklama gecen_sn=98.3
  [05:16:56] COZULDU: sym=btc S=1789794300 kol=A kazanan=0 pay=15.0 maliyet=4.6 pnl=-4.6 geri_cekildi=None emirler=[{'oi': 0, 'p': 0.3, 'ofs': 0.3, 'hedef_ofs': 0.3, 'bb': 0.44, 'pay': 0.0, 'durum': 'kapali', 'gecikme_ms': None}, {'oi': 0, 'p': 0.22, 'ofs': 0.22, 'hedef_ofs': 0.22, 'bb': 0.44, 'pay': 0.0, 'durum': 'kapali', 'gecikme_ms': None}, {'oi': 0, 'p': 0.15, 'ofs': 0.15, 'hedef_ofs': 0.15, 'bb': 0.44, 'pay': 0.0, 'durum': 'kapali', 'gecikme_ms': None}, {'oi': 0, 'p': 0.1, 'ofs': 0.1, 'hedef_ofs': 0.1, 'bb': 0.44, 'pay': 0.0, 'durum': 'kapali', 'gecikme_ms': None}, {'oi': 0, 'p': 0.06, 'ofs': 0.06, 'hedef_ofs': 0.06, 'bb': 0.44, 'pay': 0.0, 'durum': 'kapali', 'gecikme_ms': None}, {'oi': 0, 'p': 0.03, 'ofs': 0.03, 'hedef_ofs': 0.03, 'bb': 0.44, 'pay': 0.0, 'durum': 'kapali', 'gecikme_ms': None}, {'oi': 1, 'p': 0.4, 'ofs': 0.4, 'hedef_ofs': 0.4, 'bb': 0.56, 'pay': 5.0, 'durum': 'kapali', 'gecikme_ms': 40241}, {'oi': 1, 'p': 0.3, 'ofs': 0.3, 'hedef_ofs': 0.3, 'bb': 0.56, 'pay': 5.0, 'durum': 'kapali', 'gecikme_ms': 71066}, {'oi': 1, 'p': 0.22, 'ofs': 0.22, 'hedef_ofs': 0.22, 'bb': 0.56, 'pay': 5.0, 'durum': 'kapali', 'gecikme_ms': 71935}, {'oi': 1, 'p': 0.15, 'ofs': 0.15, 'hedef_ofs': 0.15, 'bb': 0.56, 'pay': 0.0, 'durum': 'kapali', 'gecikme_ms': None}, {'oi': 1, 'p': 0.1, 'ofs': 0.1, 'hedef_ofs': 0.1, 'bb': 0.56, 'pay': 0.0, 'durum': 'kapali', 'gecikme_ms': None}, {'oi': 1, 'p': 0.06, 'ofs': 0.06, 'hedef_ofs': 0.06, 'bb': 0.56, 'pay': 0.0, 'durum': 'kapali', 'gecikme_ms': None}, {'oi': 1, 'p': 0.03, 'ofs': 0.03, 'hedef_ofs': 0.03, 'bb': 0.56, 'pay': 0.0, 'durum': 'kapali', 'gecikme_ms': None}]
  [05:16:58] maruziyet: acik_pozisyon=0 pazar=0 dis_risk=0.0
  [05:17:04] mutabakat: pnl=-19.0 yerel=-13.79 etkin=-19.0 pencere=118 risk=5.4 emir=1559 dolum=118 pay=2475.2 geri_cekilen=1 red=19
  [05:17:25] dolum: sym=btc S=1789794900 oi=1 p=0.3 ofset=0.3 yeni=5.0 toplam=5.0 kaynak=yoklama gecen_sn=145.2
  [05:17:45] dolum: sym=btc S=1789794900 oi=1 p=0.22 ofset=0.22 yeni=5.0 toplam=5.0 kaynak=yoklama gecen_sn=165.9
  [05:17:47] DENGE_SINIRI: sym=btc S=1789794900 agir=Down up=5.0 down=15.0 iptal=7 kalan_hafif=6
  [05:18:21] GEC_UCUZ_KESILDI: sym=btc S=1789794900 iptal=5 fiyatlar=[0.03, 0.06, 0.1, 0.15, 0.22] kalan_acik=1
  [05:20:05] BOY: S=1789795200 klip=5.0 kol=A
  [05:20:06] pencere: sym=btc S=1789795200 kol=A tokens=[0, 1] emir=11 kabul=[4, 7] fiyatlar=[(0, 0.15, 0.15, 0.15), (0, 0.1, 0.1, 0.1), (0, 0.06, 0.06, 0.06), (0, 0.03, 0.03, 0.03), (1, 0.4, 0.4, 0.4), (1, 0.3, 0.3, 0.3), (1, 0.22, 0.22, 0.22), (1, 0.15, 0.15, 0.15), (1, 0.1, 0.1, 0.1), (1, 0.06, 0.06, 0.06), (1, 0.03, 0.03, 0.03)]
  [05:21:01] dolum: sym=btc S=1789795200 oi=0 p=0.15 ofset=0.15 yeni=5.0 toplam=5.0 kaynak=yoklama gecen_sn=61.0
  [05:21:19] maruziyet: acik_pozisyon=0 pazar=0 dis_risk=0.0
  [05:21:25] mutabakat: pnl=-19.0 yerel=-13.79 etkin=-19.0 pencere=118 risk=5.75 emir=1570 dolum=118 pay=2475.2 geri_cekilen=1 red=19
  [05:21:26] dolum: sym=btc S=1789795200 oi=0 p=0.1 ofset=0.1 yeni=5.0 toplam=5.0 kaynak=yoklama gecen_sn=86.1
  [05:21:27] DENGE_SINIRI: sym=btc S=1789795200 agir=Up up=10.0 down=0.0 iptal=4 kalan_hafif=7
  [05:21:51] COZULDU: sym=btc S=1789794600 kol=A kazanan=1 pay=10.0 maliyet=2.6 pnl=-2.6 geri_cekildi=None emirler=[{'oi': 0, 'p': 0.3, 'ofs': 0.3, 'hedef_ofs': 0.3, 'bb': 0.44, 'pay': 5.0, 'durum': 'kapali', 'gecikme_ms': 3863}, {'oi': 0, 'p': 0.22, 'ofs': 0.22, 'hedef_ofs': 0.22, 'bb': 0.44, 'pay': 5.0, 'durum': 'kapali', 'gecikme_ms': 5627}, {'oi': 0, 'p': 0.15, 'ofs': 0.15, 'hedef_ofs': 0.15, 'bb': 0.44, 'pay': 0.0, 'durum': 'kapali', 'gecikme_ms': None}, {'oi': 0, 'p': 0.1, 'ofs': 0.1, 'hedef_ofs': 0.1, 'bb': 0.44, 'pay': 0.0, 'durum': 'kapali', 'gecikme_ms': None}, {'oi': 0, 'p': 0.06, 'ofs': 0.06, 'hedef_ofs': 0.06, 'bb': 0.44, 'pay': 0.0, 'durum': 'kapali', 'gecikme_ms': None}, {'oi': 0, 'p': 0.03, 'ofs': 0.03, 'hedef_ofs': 0.03, 'bb': 0.44, 'pay': 0.0, 'durum': 'kapali', 'gecikme_ms': None}, {'oi': 1, 'p': 0.4, 'ofs': 0.4, 'hedef_ofs': 0.4, 'bb': 0.55, 'pay': 0.0, 'durum': 'kapali', 'gecikme_ms': None}, {'oi': 1, 'p': 0.3, 'ofs': 0.3, 'hedef_ofs': 0.3, 'bb': 0.55, 'pay': 0.0, 'durum': 'kapali', 'gecikme_ms': None}, {'oi': 1, 'p': 0.22, 'ofs': 0.22, 'hedef_ofs': 0.22, 'bb': 0.55, 'pay': 0.0, 'durum': 'kapali', 'gecikme_ms': None}, {'oi': 1, 'p': 0.15, 'ofs': 0.15, 'hedef_ofs': 0.15, 'bb': 0.55, 'pay': 0.0, 'durum': 'kapali', 'gecikme_ms': None}, {'oi': 1, 'p': 0.1, 'ofs': 0.1, 'hedef_ofs': 0.1, 'bb': 0.55, 'pay': 0.0, 'durum': 'kapali', 'gecikme_ms': None}, {'oi': 1, 'p': 0.06, 'ofs': 0.06, 'hedef_ofs': 0.06, 'bb': 0.55, 'pay': 0.0, 'durum': 'kapali', 'gecikme_ms': None}, {'oi': 1, 'p': 0.03, 'ofs': 0.03, 'hedef_ofs': 0.03, 'bb': 0.55, 'pay': 0.0, 'durum': 'kapali', 'gecikme_ms': None}]
  [05:23:21] GEC_UCUZ_KESILDI: sym=btc S=1789795200 iptal=5 fiyatlar=[0.03, 0.06, 0.1, 0.15, 0.22] kalan_acik=2
  [05:25:06] BOY: S=1789795500 klip=5.0 kol=A
  [05:25:06] pencere: sym=btc S=1789795500 kol=A tokens=[0, 1] emir=12 kabul=[7, 5] fiyatlar=[(0, 0.4, 0.4, 0.4), (0, 0.3, 0.3, 0.3), (0, 0.22, 0.22, 0.22), (0, 0.15, 0.15, 0.15), (0, 0.1, 0.1, 0.1), (0, 0.06, 0.06, 0.06), (0, 0.03, 0.03, 0.03), (1, 0.22, 0.22, 0.22), (1, 0.15, 0.15, 0.15), (1, 0.1, 0.1, 0.1), (1, 0.06, 0.06, 0.06), (1, 0.03, 0.03, 0.03)]
  [05:25:39] maruziyet: acik_pozisyon=0 pazar=0 dis_risk=0.0
  [05:25:45] mutabakat: pnl=-21.6 yerel=-16.39 etkin=-21.6 pencere=119 risk=8.65 emir=1582 dolum=119 pay=2485.2 geri_cekilen=1 red=19
  [05:25:46] dolum: sym=btc S=1789795500 oi=1 p=0.22 ofset=0.22 yeni=4.992 toplam=4.992 kaynak=yoklama gecen_sn=46.7
  [05:26:17] dolum: sym=btc S=1789795500 oi=1 p=0.15 ofset=0.15 yeni=4.994 toplam=4.994 kaynak=yoklama gecen_sn=77.0
  [05:26:17] dolum: sym=btc S=1789795500 oi=1 p=0.1 ofset=0.1 yeni=5.0 toplam=5.0 kaynak=yoklama gecen_sn=77.1
  [05:26:17] DENGE_SINIRI: sym=btc S=1789795500 agir=Down up=0.0 down=15.0 iptal=5 kalan_hafif=7
  [05:27:02] COZULDU: sym=btc S=1789794900 kol=A kazanan=0 pay=20.0 maliyet=6.1 pnl=-1.1 geri_cekildi=None emirler=[{'oi': 0, 'p': 0.3, 'ofs': 0.3, 'hedef_ofs': 0.3, 'bb': 0.42, 'pay': 5.0, 'durum': 'kapali', 'gecikme_ms': 91639}, {'oi': 0, 'p': 0.22, 'ofs': 0.22, 'hedef_ofs': 0.22, 'bb': 0.42, 'pay': 0.0, 'durum': 'kapali', 'gecikme_ms': None}, {'oi': 0, 'p': 0.15, 'ofs': 0.15, 'hedef_ofs': 0.15, 'bb': 0.42, 'pay': 0.0, 'durum': 'kapali', 'gecikme_ms': None}, {'oi': 0, 'p': 0.1, 'ofs': 0.1, 'hedef_ofs': 0.1, 'bb': 0.42, 'pay': 0.0, 'durum': 'kapali', 'gecikme_ms': None}, {'oi': 0, 'p': 0.06, 'ofs': 0.06, 'hedef_ofs': 0.06, 'bb': 0.42, 'pay': 0.0, 'durum': 'kapali', 'gecikme_ms': None}, {'oi': 0, 'p': 0.03, 'ofs': 0.03, 'hedef_ofs': 0.03, 'bb': 0.42, 'pay': 0.0, 'durum': 'kapali', 'gecikme_ms': None}, {'oi': 1, 'p': 0.4, 'ofs': 0.4, 'hedef_ofs': 0.4, 'bb': 0.57, 'pay': 5.0, 'durum': 'kapali', 'gecikme_ms': 10680}, {'oi': 1, 'p': 0.3, 'ofs': 0.3, 'hedef_ofs': 0.3, 'bb': 0.57, 'pay': 5.0, 'durum': 'kapali', 'gecikme_ms': 138504}, {'oi': 1, 'p': 0.22, 'ofs': 0.22, 'hedef_ofs': 0.22, 'bb': 0.57, 'pay': 5.0, 'durum': 'kapali', 'gecikme_ms': 159229}, {'oi': 1, 'p': 0.15, 'ofs': 0.15, 'hedef_ofs': 0.15, 'bb': 0.57, 'pay': 0.0, 'durum': 'kapali', 'gecikme_ms': None}, {'oi': 1, 'p': 0.1, 'ofs': 0.1, 'hedef_ofs': 0.1, 'bb': 0.57, 'pay': 0.0, 'durum': 'kapali', 'gecikme_ms': None}, {'oi': 1, 'p': 0.06, 'ofs': 0.06, 'hedef_ofs': 0.06, 'bb': 0.57, 'pay': 0.0, 'durum': 'kapali', 'gecikme_ms': None}, {'oi': 1, 'p': 0.03, 'ofs': 0.03, 'hedef_ofs': 0.03, 'bb': 0.57, 'pay': 0.0, 'durum': 'kapali', 'gecikme_ms': None}]
  [05:28:21] GEC_UCUZ_KESILDI: sym=btc S=1789795500 iptal=5 fiyatlar=[0.03, 0.06, 0.1, 0.15, 0.22] kalan_acik=2
  [05:30:00] maruziyet: acik_pozisyon=0 pazar=0 dis_risk=0.0
  [05:30:06] mutabakat: pnl=-22.7 yerel=-17.49 etkin=-22.7 pencere=120 risk=3.6 emir=1582 dolum=120 pay=2505.2 geri_cekilen=1 red=19
  [05:30:07] BOY: S=1789795800 klip=5.0 kol=A
  [05:30:08] pencere: sym=btc S=1789795800 kol=A tokens=[0, 1] emir=11 kabul=[4, 7] fiyatlar=[(0, 0.15, 0.15, 0.15), (0, 0.1, 0.1, 0.1), (0, 0.06, 0.06, 0.06), (0, 0.03, 0.03, 0.03), (1, 0.4, 0.4, 0.4), (1, 0.3, 0.3, 0.3), (1, 0.22, 0.22, 0.22), (1, 0.15, 0.15, 0.15), (1, 0.1, 0.1, 0.1), (1, 0.06, 0.06, 0.06), (1, 0.03, 0.03, 0.03)]
  [05:32:03] COZULDU: sym=btc S=1789795200 kol=A kazanan=1 pay=10.0 maliyet=1.25 pnl=-1.25 geri_cekildi=None emirler=[{'oi': 0, 'p': 0.15, 'ofs': 0.15, 'hedef_ofs': 0.15, 'bb': 0.23, 'pay': 5.0, 'durum': 'kapali', 'gecikme_ms': 54490}, {'oi': 0, 'p': 0.1, 'ofs': 0.1, 'hedef_ofs': 0.1, 'bb': 0.23, 'pay': 5.0, 'durum': 'kapali', 'gecikme_ms': 79614}, {'oi': 0, 'p': 0.06, 'ofs': 0.06, 'hedef_ofs': 0.06, 'bb': 0.23, 'pay': 0.0, 'durum': 'kapali', 'gecikme_ms': None}, {'oi': 0, 'p': 0.03, 'ofs': 0.03, 'hedef_ofs': 0.03, 'bb': 0.23, 'pay': 0.0, 'durum': 'kapali', 'gecikme_ms': None}, {'oi': 1, 'p': 0.4, 'ofs': 0.4, 'hedef_ofs': 0.4, 'bb': 0.76, 'pay': 0.0, 'durum': 'kapali', 'gecikme_ms': None}, {'oi': 1, 'p': 0.3, 'ofs': 0.3, 'hedef_ofs': 0.3, 'bb': 0.76, 'pay': 0.0, 'durum': 'kapali', 'gecikme_ms': None}, {'oi': 1, 'p': 0.22, 'ofs': 0.22, 'hedef_ofs': 0.22, 'bb': 0.76, 'pay': 0.0, 'durum': 'kapali', 'gecikme_ms': None}, {'oi': 1, 'p': 0.15, 'ofs': 0.15, 'hedef_ofs': 0.15, 'bb': 0.76, 'pay': 0.0, 'durum': 'kapali', 'gecikme_ms': None}, {'oi': 1, 'p': 0.1, 'ofs': 0.1, 'hedef_ofs': 0.1, 'bb': 0.76, 'pay': 0.0, 'durum': 'kapali', 'gecikme_ms': None}, {'oi': 1, 'p': 0.06, 'ofs': 0.06, 'hedef_ofs': 0.06, 'bb': 0.76, 'pay': 0.0, 'durum': 'kapali', 'gecikme_ms': None}, {'oi': 1, 'p': 0.03, 'ofs': 0.03, 'hedef_ofs': 0.03, 'bb': 0.76, 'pay': 0.0, 'durum': 'kapali', 'gecikme_ms': None}]
  [05:32:22] COZULDU: sym=btc S=1789795500 kol=A kazanan=0 pay=14.99 maliyet=2.35 pnl=-2.35 geri_cekildi=None emirler=[{'oi': 0, 'p': 0.4, 'ofs': 0.4, 'hedef_ofs': 0.4, 'bb': 0.66, 'pay': 0.0, 'durum': 'kapali', 'gecikme_ms': None}, {'oi': 0, 'p': 0.3, 'ofs': 0.3, 'hedef_ofs': 0.3, 'bb': 0.66, 'pay': 0.0, 'durum': 'kapali', 'gecikme_ms': None}, {'oi': 0, 'p': 0.22, 'ofs': 0.22, 'hedef_ofs': 0.22, 'bb': 0.66, 'pay': 0.0, 'durum': 'kapali', 'gecikme_ms': None}, {'oi': 0, 'p': 0.15, 'ofs': 0.15, 'hedef_ofs': 0.15, 'bb': 0.66, 'pay': 0.0, 'durum': 'kapali', 'gecikme_ms': None}, {'oi': 0, 'p': 0.1, 'ofs': 0.1, 'hedef_ofs': 0.1, 'bb': 0.66, 'pay': 0.0, 'durum': 'kapali', 'gecikme_ms': None}, {'oi': 0, 'p': 0.06, 'ofs': 0.06, 'hedef_ofs': 0.06, 'bb': 0.66, 'pay': 0.0, 'durum': 'kapali', 'gecikme_ms': None}, {'oi': 0, 'p': 0.03, 'ofs': 0.03, 'hedef_ofs': 0.03, 'bb': 0.66, 'pay': 0.0, 'durum': 'kapali', 'gecikme_ms': None}, {'oi': 1, 'p': 0.22, 'ofs': 0.22, 'hedef_ofs': 0.22, 'bb': 0.33, 'pay': 4.99, 'durum': 'kapali', 'gecikme_ms': 39895}, {'oi': 1, 'p': 0.15, 'ofs': 0.15, 'hedef_ofs': 0.15, 'bb': 0.33, 'pay': 4.99, 'durum': 'kapali', 'gecikme_ms': 70207}, {'oi': 1, 'p': 0.1, 'ofs': 0.1, 'hedef_ofs': 0.1, 'bb': 0.33, 'pay': 5.0, 'durum': 'kapali', 'gecikme_ms': 70309}, {'oi': 1, 'p': 0.06, 'ofs': 0.06, 'hedef_ofs': 0.06, 'bb': 0.33, 'pay': 0.0, 'durum': 'kapali', 'gecikme_ms': None}, {'oi': 1, 'p': 0.03, 'ofs': 0.03, 'hedef_ofs': 0.03, 'bb': 0.33, 'pay': 0.0, 'durum': 'kapali', 'gecikme_ms': None}]
  [05:33:22] GEC_UCUZ_KESILDI: sym=btc S=1789795800 iptal=9 fiyatlar=[0.03, 0.06, 0.1, 0.15, 0.22] kalan_acik=2
  [05:34:21] maruziyet: acik_pozisyon=0 pazar=0 dis_risk=0.0
  [05:34:26] mutabakat: pnl=-26.3 yerel=-21.09 etkin=-26.3 pencere=122 risk=3.5 emir=1593 dolum=122 pay=2530.2 geri_cekilen=1 red=19
  [05:35:06] BOY: S=1789796100 klip=5.0 kol=A
  [05:35:06] pencere: sym=btc S=1789796100 kol=A tokens=[0, 1] emir=14 kabul=[7, 7] fiyatlar=[(0, 0.4, 0.4, 0.4), (0, 0.3, 0.3, 0.3), (0, 0.22, 0.22, 0.22), (0, 0.15, 0.15, 0.15), (0, 0.1, 0.1, 0.1), (0, 0.06, 0.06, 0.06), (0, 0.03, 0.03, 0.03), (1, 0.4, 0.4, 0.4), (1, 0.3, 0.3, 0.3), (1, 0.22, 0.22, 0.22), (1, 0.15, 0.15, 0.15), (1, 0.1, 0.1, 0.1), (1, 0.06, 0.06, 0.06), (1, 0.03, 0.03, 0.03)]
  [05:35:32] dolum: sym=btc S=1789796100 oi=0 p=0.4 ofset=0.4 yeni=5.0 toplam=5.0 kaynak=yoklama gecen_sn=32.4
  [05:36:50] dolum: sym=btc S=1789796100 oi=0 p=0.3 ofset=0.3 yeni=5.0 toplam=5.0 kaynak=yoklama gecen_sn=110.9
  [05:36:51] dolum: sym=btc S=1789796100 oi=0 p=0.22 ofset=0.22 yeni=5.0 toplam=5.0 kaynak=yoklama gecen_sn=111.0
  [05:36:52] dolum: sym=btc S=1789796100 oi=0 p=0.15 ofset=0.15 yeni=5.0 toplam=5.0 kaynak=iptal gecen_sn=113.0
  [05:36:53] DENGE_SINIRI: sym=btc S=1789796100 agir=Up up=15.0 down=0.0 iptal=7 kalan_hafif=7
  [05:37:10] dolum: sym=btc S=1789796100 oi=1 p=0.4 ofset=0.4 yeni=5.0 toplam=5.0 kaynak=yoklama gecen_sn=130.8
  [05:37:28] dolum: sym=btc S=1789796100 oi=1 p=0.3 ofset=0.3 yeni=5.0 toplam=5.0 kaynak=yoklama gecen_sn=148.1
  [05:37:34] dolum: sym=btc S=1789796100 oi=1 p=0.22 ofset=0.22 yeni=5.0 toplam=5.0 kaynak=yoklama gecen_sn=154.0
  [05:37:34] dolum: sym=btc S=1789796100 oi=1 p=0.15 ofset=0.15 yeni=5.0 toplam=5.0 kaynak=yoklama gecen_sn=154.1
  [05:38:11] dolum: sym=btc S=1789796100 oi=1 p=0.1 ofset=0.1 yeni=5.0 toplam=5.0 kaynak=yoklama gecen_sn=191.1
  [05:38:11] dolum: sym=btc S=1789796100 oi=1 p=0.06 ofset=0.06 yeni=5.0 toplam=5.0 kaynak=yoklama gecen_sn=191.2
  [05:38:12] DENGE_SINIRI: sym=btc S=1789796100 agir=Down up=20.0 down=30.0 iptal=7 kalan_hafif=0
  [05:38:20] COZULDU: sym=btc S=1789795800 kol=A kazanan=1 pay=0.0 maliyet=0 pnl=0 geri_cekildi=None emirler=[{'oi': 0, 'p': 0.15, 'ofs': 0.15, 'hedef_ofs': 0.15, 'bb': 0.24, 'pay': 0.0, 'durum': 'kapali', 'gecikme_ms': None}, {'oi': 0, 'p': 0.1, 'ofs': 0.1, 'hedef_ofs': 0.1, 'bb': 0.24, 'pay': 0.0, 'durum': 'kapali', 'gecikme_ms': None}, {'oi': 0, 'p': 0.06, 'ofs': 0.06, 'hedef_ofs': 0.06, 'bb': 0.24, 'pay': 0.0, 'durum': 'kapali', 'gecikme_ms': None}, {'oi': 0, 'p': 0.03, 'ofs': 0.03, 'hedef_ofs': 0.03, 'bb': 0.24, 'pay': 0.0, 'durum': 'kapali', 'gecikme_ms': None}, {'oi': 1, 'p': 0.4, 'ofs': 0.4, 'hedef_ofs': 0.4, 'bb': 0.75, 'pay': 0.0, 'durum': 'kapali', 'gecikme_ms': None}, {'oi': 1, 'p': 0.3, 'ofs': 0.3, 'hedef_ofs': 0.3, 'bb': 0.75, 'pay': 0.0, 'durum': 'kapali', 'gecikme_ms': None}, {'oi': 1, 'p': 0.22, 'ofs': 0.22, 'hedef_ofs': 0.22, 'bb': 0.75, 'pay': 0.0, 'durum': 'kapali', 'gecikme_ms': None}, {'oi': 1, 'p': 0.15, 'ofs': 0.15, 'hedef_ofs': 0.15, 'bb': 0.75, 'pay': 0.0, 'durum': 'kapali', 'gecikme_ms': None}, {'oi': 1, 'p': 0.1, 'ofs': 0.1, 'hedef_ofs': 0.1, 'bb': 0.75, 'pay': 0.0, 'durum': 'kapali', 'gecikme_ms': None}, {'oi': 1, 'p': 0.06, 'ofs': 0.06, 'hedef_ofs': 0.06, 'bb': 0.75, 'pay': 0.0, 'durum': 'kapali', 'gecikme_ms': None}, {'oi': 1, 'p': 0.03, 'ofs': 0.03, 'hedef_ofs': 0.03, 'bb': 0.75, 'pay': 0.0, 'durum': 'kapali', 'gecikme_ms': None}]
  [05:38:41] maruziyet: acik_pozisyon=0 pazar=0 dis_risk=0.0
  [05:38:47] mutabakat: pnl=-26.3 yerel=-21.09 etkin=-26.3 pencere=122 risk=0.0 emir=1607 dolum=122 pay=2530.2 geri_cekilen=1 red=19
  [05:40:06] BOY: S=1789796400 klip=5.0 kol=A
  [05:40:06] pencere: sym=btc S=1789796400 kol=A tokens=[0, 1] emir=12 kabul=[5, 7] fiyatlar=[(0, 0.22, 0.22, 0.22), (0, 0.15, 0.15, 0.15), (0, 0.1, 0.1, 0.1), (0, 0.06, 0.06, 0.06), (0, 0.03, 0.03, 0.03), (1, 0.4, 0.4, 0.4), (1, 0.3, 0.3, 0.3), (1, 0.22, 0.22, 0.22), (1, 0.15, 0.15, 0.15), (1, 0.1, 0.1, 0.1), (1, 0.06, 0.06, 0.06), (1, 0.03, 0.03, 0.03)]
  [05:40:14] dolum: sym=btc S=1789796400 oi=0 p=0.22 ofset=0.22 yeni=5.0 toplam=5.0 kaynak=yoklama gecen_sn=14.7
  [05:40:38] dolum: sym=btc S=1789796400 oi=0 p=0.15 ofset=0.15 yeni=5.0 toplam=5.0 kaynak=yoklama gecen_sn=38.1
  [05:40:39] DENGE_SINIRI: sym=btc S=1789796400 agir=Up up=10.0 down=0.0 iptal=5 kalan_hafif=7
  [05:43:01] maruziyet: acik_pozisyon=0 pazar=0 dis_risk=0.0
  [05:43:06] mutabakat: pnl=-26.3 yerel=-21.09 etkin=-26.3 pencere=122 risk=1.85 emir=1619 dolum=122 pay=2530.2 geri_cekilen=1 red=19
  [05:43:21] GEC_UCUZ_KESILDI: sym=btc S=1789796400 iptal=5 fiyatlar=[0.03, 0.06, 0.1, 0.15, 0.22] kalan_acik=2
  [05:45:06] BOY: S=1789796700 klip=5.0 kol=A
  [05:45:06] pencere: sym=btc S=1789796700 kol=A tokens=[0, 1] emir=14 kabul=[7, 7] fiyatlar=[(0, 0.4, 0.4, 0.4), (0, 0.3, 0.3, 0.3), (0, 0.22, 0.22, 0.22), (0, 0.15, 0.15, 0.15), (0, 0.1, 0.1, 0.1), (0, 0.06, 0.06, 0.06), (0, 0.03, 0.03, 0.03), (1, 0.4, 0.4, 0.4), (1, 0.3, 0.3, 0.3), (1, 0.22, 0.22, 0.22), (1, 0.15, 0.15, 0.15), (1, 0.1, 0.1, 0.1), (1, 0.06, 0.06, 0.06), (1, 0.03, 0.03, 0.03)]
  [05:45:35] dolum: sym=btc S=1789796700 oi=1 p=0.4 ofset=0.4 yeni=5.0 toplam=5.0 kaynak=yoklama gecen_sn=35.1
  [05:45:47] dolum: sym=btc S=1789796700 oi=1 p=0.3 ofset=0.3 yeni=5.0 toplam=5.0 kaynak=yoklama gecen_sn=47.9
  [05:45:47] dolum: sym=btc S=1789796700 oi=1 p=0.22 ofset=0.22 yeni=4.998 toplam=4.998 kaynak=yoklama gecen_sn=48.0
  [05:45:49] DENGE_SINIRI: sym=btc S=1789796700 agir=Down up=0.0 down=15.0 iptal=7 kalan_hafif=7
  [05:46:01] COZULDU: sym=btc S=1789796100 kol=A kazanan=0 pay=50.0 maliyet=11.5 pnl=8.5 geri_cekildi=None emirler=[{'oi': 0, 'p': 0.4, 'ofs': 0.4, 'hedef_ofs': 0.4, 'bb': 0.51, 'pay': 5.0, 'durum': 'kapali', 'gecikme_ms': 25632}, {'oi': 0, 'p': 0.3, 'ofs': 0.3, 'hedef_ofs': 0.3, 'bb': 0.51, 'pay': 5.0, 'durum': 'kapali', 'gecikme_ms': 104135}, {'oi': 0, 'p': 0.22, 'ofs': 0.22, 'hedef_ofs': 0.22, 'bb': 0.51, 'pay': 5.0, 'durum': 'kapali', 'gecikme_ms': 104235}, {'oi': 0, 'p': 0.15, 'ofs': 0.15, 'hedef_ofs': 0.15, 'bb': 0.51, 'pay': 5.0, 'durum': 'kapali', 'gecikme_ms': 106194}, {'oi': 0, 'p': 0.1, 'ofs': 0.1, 'hedef_ofs': 0.1, 'bb': 0.51, 'pay': 0.0, 'durum': 'kapali', 'gecikme_ms': None}, {'oi': 0, 'p': 0.06, 'ofs': 0.06, 'hedef_ofs': 0.06, 'bb': 0.51, 'pay': 0.0, 'durum': 'kapali', 'gecikme_ms': None}, {'oi': 0, 'p': 0.03, 'ofs': 0.03, 'hedef_ofs': 0.03, 'bb': 0.51, 'pay': 0.0, 'durum': 'kapali', 'gecikme_ms': None}, {'oi': 1, 'p': 0.4, 'ofs': 0.4, 'hedef_ofs': 0.4, 'bb': 0.48, 'pay': 5.0, 'durum': 'kapali', 'gecikme_ms': 123960}, {'oi': 1, 'p': 0.3, 'ofs': 0.3, 'hedef_ofs': 0.3, 'bb': 0.48, 'pay': 5.0, 'durum': 'kapali', 'gecikme_ms': 141288}, {'oi': 1, 'p': 0.22, 'ofs': 0.22, 'hedef_ofs': 0.22, 'bb': 0.48, 'pay': 5.0, 'durum': 'kapali', 'gecikme_ms': 147252}, {'oi': 1, 'p': 0.15, 'ofs': 0.15, 'hedef_ofs': 0.15, 'bb': 0.48, 'pay': 5.0, 'durum': 'kapali', 'gecikme_ms': 147349}, {'oi': 1, 'p': 0.1, 'ofs': 0.1, 'hedef_ofs': 0.1, 'bb': 0.48, 'pay': 5.0, 'durum': 'kapali', 'gecikme_ms': 184347}, {'oi': 1, 'p': 0.06, 'ofs': 0.06, 'hedef_ofs': 0.06, 'bb': 0.48, 'pay': 5.0, 'durum': 'kapali', 'gecikme_ms': 184441}, {'oi': 1, 'p': 0.03, 'ofs': 0.03, 'hedef_ofs': 0.03, 'bb': 0.48, 'pay': 0.0, 'durum': 'kapali', 'gecikme_ms': None}]
  [05:46:51] dolum: sym=btc S=1789796700 oi=0 p=0.4 ofset=0.4 yeni=5.0 toplam=5.0 kaynak=yoklama gecen_sn=111.6
  [05:47:21] maruziyet: acik_pozisyon=0 pazar=0 dis_risk=0.0
  [05:47:27] mutabakat: pnl=-17.8 yerel=-12.59 etkin=-17.8 pencere=123 risk=3.45 emir=1633 dolum=123 pay=2580.2 geri_cekilen=1 red=19
  [05:47:49] dolum: sym=btc S=1789796700 oi=0 p=0.3 ofset=0.3 yeni=5.0 toplam=5.0 kaynak=yoklama gecen_sn=170.0
  [05:48:20] GEC_UCUZ_KESILDI: sym=btc S=1789796700 iptal=5 fiyatlar=[0.03, 0.06, 0.1, 0.15, 0.22] kalan_acik=2
  [05:50:05] BOY: S=1789797000 klip=5.0 kol=A
  [05:50:06] pencere: sym=btc S=1789797000 kol=A tokens=[0, 1] emir=13 kabul=[6, 7] fiyatlar=[(0, 0.3, 0.3, 0.3), (0, 0.22, 0.22, 0.22), (0, 0.15, 0.15, 0.15), (0, 0.1, 0.1, 0.1), (0, 0.06, 0.06, 0.06), (0, 0.03, 0.03, 0.03), (1, 0.4, 0.4, 0.4), (1, 0.3, 0.3, 0.3), (1, 0.22, 0.22, 0.22), (1, 0.15, 0.15, 0.15), (1, 0.1, 0.1, 0.1), (1, 0.06, 0.06, 0.06), (1, 0.03, 0.03, 0.03)]
  [05:50:09] dolum: sym=btc S=1789797000 oi=1 p=0.4 ofset=0.4 yeni=5.0 toplam=5.0 kaynak=yoklama gecen_sn=9.4
  [05:50:35] dolum: sym=btc S=1789797000 oi=1 p=0.3 ofset=0.3 yeni=5.0 toplam=5.0 kaynak=yoklama gecen_sn=35.5
  [05:50:36] DENGE_SINIRI: sym=btc S=1789797000 agir=Down up=0.0 down=10.0 iptal=7 kalan_hafif=6
  [05:51:42] maruziyet: acik_pozisyon=0 pazar=0 dis_risk=0.0
  [05:51:47] mutabakat: pnl=-17.8 yerel=-12.59 etkin=-17.8 pencere=123 risk=5.35 emir=1646 dolum=123 pay=2580.2 geri_cekilen=1 red=19
  [05:52:53] COZULDU: sym=btc S=1789796400 kol=A kazanan=1 pay=10.0 maliyet=1.85 pnl=-1.85 geri_cekildi=None emirler=[{'oi': 0, 'p': 0.22, 'ofs': 0.22, 'hedef_ofs': 0.22, 'bb': 0.34, 'pay': 5.0, 'durum': 'kapali', 'gecikme_ms': 7889}, {'oi': 0, 'p': 0.15, 'ofs': 0.15, 'hedef_ofs': 0.15, 'bb': 0.34, 'pay': 5.0, 'durum': 'kapali', 'gecikme_ms': 31268}, {'oi': 0, 'p': 0.1, 'ofs': 0.1, 'hedef_ofs': 0.1, 'bb': 0.34, 'pay': 0.0, 'durum': 'kapali', 'gecikme_ms': None}, {'oi': 0, 'p': 0.06, 'ofs': 0.06, 'hedef_ofs': 0.06, 'bb': 0.34, 'pay': 0.0, 'durum': 'kapali', 'gecikme_ms': None}, {'oi': 0, 'p': 0.03, 'ofs': 0.03, 'hedef_ofs': 0.03, 'bb': 0.34, 'pay': 0.0, 'durum': 'kapali', 'gecikme_ms': None}, {'oi': 1, 'p': 0.4, 'ofs': 0.4, 'hedef_ofs': 0.4, 'bb': 0.65, 'pay': 0.0, 'durum': 'kapali', 'gecikme_ms': None}, {'oi': 1, 'p': 0.3, 'ofs': 0.3, 'hedef_ofs': 0.3, 'bb': 0.65, 'pay': 0.0, 'durum': 'kapali', 'gecikme_ms': None}, {'oi': 1, 'p': 0.22, 'ofs': 0.22, 'hedef_ofs': 0.22, 'bb': 0.65, 'pay': 0.0, 'durum': 'kapali', 'gecikme_ms': None}, {'oi': 1, 'p': 0.15, 'ofs': 0.15, 'hedef_ofs': 0.15, 'bb': 0.65, 'pay': 0.0, 'durum': 'kapali', 'gecikme_ms': None}, {'oi': 1, 'p': 0.1, 'ofs': 0.1, 'hedef_ofs': 0.1, 'bb': 0.65, 'pay': 0.0, 'durum': 'kapali', 'gecikme_ms': None}, {'oi': 1, 'p': 0.06, 'ofs': 0.06, 'hedef_ofs': 0.06, 'bb': 0.65, 'pay': 0.0, 'durum': 'kapali', 'gecikme_ms': None}, {'oi': 1, 'p': 0.03, 'ofs': 0.03, 'hedef_ofs': 0.03, 'bb': 0.65, 'pay': 0.0, 'durum': 'kapali', 'gecikme_ms': None}]
  [05:52:59] COZULDU: sym=btc S=1789796700 kol=A kazanan=0 pay=25.0 maliyet=8.1 pnl=1.9 geri_cekildi=None emirler=[{'oi': 0, 'p': 0.4, 'ofs': 0.4, 'hedef_ofs': 0.4, 'bb': 0.5, 'pay': 5.0, 'durum': 'kapali', 'gecikme_ms': 104825}, {'oi': 0, 'p': 0.3, 'ofs': 0.3, 'hedef_ofs': 0.3, 'bb': 0.5, 'pay': 5.0, 'durum': 'kapali', 'gecikme_ms': 163236}, {'oi': 0, 'p': 0.22, 'ofs': 0.22, 'hedef_ofs': 0.22, 'bb': 0.5, 'pay': 0.0, 'durum': 'kapali', 'gecikme_ms': None}, {'oi': 0, 'p': 0.15, 'ofs': 0.15, 'hedef_ofs': 0.15, 'bb': 0.5, 'pay': 0.0, 'durum': 'kapali', 'gecikme_ms': None}, {'oi': 0, 'p': 0.1, 'ofs': 0.1, 'hedef_ofs': 0.1, 'bb': 0.5, 'pay': 0.0, 'durum': 'kapali', 'gecikme_ms': None}, {'oi': 0, 'p': 0.06, 'ofs': 0.06, 'hedef_ofs': 0.06, 'bb': 0.5, 'pay': 0.0, 'durum': 'kapali', 'gecikme_ms': None}, {'oi': 0, 'p': 0.03, 'ofs': 0.03, 'hedef_ofs': 0.03, 'bb': 0.5, 'pay': 0.0, 'durum': 'kapali', 'gecikme_ms': None}, {'oi': 1, 'p': 0.4, 'ofs': 0.4, 'hedef_ofs': 0.4, 'bb': 0.49, 'pay': 5.0, 'durum': 'kapali', 'gecikme_ms': 28383}, {'oi': 1, 'p': 0.3, 'ofs': 0.3, 'hedef_ofs': 0.3, 'bb': 0.49, 'pay': 5.0, 'durum': 'kapali', 'gecikme_ms': 41152}, {'oi': 1, 'p': 0.22, 'ofs': 0.22, 'hedef_ofs': 0.22, 'bb': 0.49, 'pay': 5.0, 'durum': 'kapali', 'gecikme_ms': 41242}, {'oi': 1, 'p': 0.15, 'ofs': 0.15, 'hedef_ofs': 0.15, 'bb': 0.49, 'pay': 0.0, 'durum': 'kapali', 'gecikme_ms': None}, {'oi': 1, 'p': 0.1, 'ofs': 0.1, 'hedef_ofs': 0.1, 'bb': 0.49, 'pay': 0.0, 'durum': 'kapali', 'gecikme_ms': None}, {'oi': 1, 'p': 0.06, 'ofs': 0.06, 'hedef_ofs': 0.06, 'bb': 0.49, 'pay': 0.0, 'durum': 'kapali', 'gecikme_ms': None}, {'oi': 1, 'p': 0.03, 'ofs': 0.03, 'hedef_ofs': 0.03, 'bb': 0.49, 'pay': 0.0, 'durum': 'kapali', 'gecikme_ms': None}]
  [05:53:21] GEC_UCUZ_KESILDI: sym=btc S=1789797000 iptal=5 fiyatlar=[0.03, 0.06, 0.1, 0.15, 0.22] kalan_acik=1
  [05:55:05] BOY: S=1789797300 klip=5.0 kol=A
  [05:55:07] pencere: sym=btc S=1789797300 kol=A tokens=[0, 1] emir=13 kabul=[7, 6] fiyatlar=[(0, 0.4, 0.4, 0.4), (0, 0.3, 0.3, 0.3), (0, 0.22, 0.22, 0.22), (0, 0.15, 0.15, 0.15), (0, 0.1, 0.1, 0.1), (0, 0.06, 0.06, 0.06), (0, 0.03, 0.03, 0.03), (1, 0.3, 0.3, 0.3), (1, 0.22, 0.22, 0.22), (1, 0.15, 0.15, 0.15), (1, 0.1, 0.1, 0.1), (1, 0.06, 0.06, 0.06), (1, 0.03, 0.03, 0.03)]
  [05:55:12] dolum: sym=btc S=1789797300 oi=1 p=0.3 ofset=0.3 yeni=5.0 toplam=5.0 kaynak=yoklama gecen_sn=12.9
  [05:56:03] maruziyet: acik_pozisyon=0 pazar=0 dis_risk=0.0
  [05:56:09] mutabakat: pnl=-17.75 yerel=-12.54 etkin=-17.75 pencere=125 risk=7.8 emir=1659 dolum=125 pay=2615.2 geri_cekilen=1 red=19
  [05:57:01] dolum: sym=btc S=1789797300 oi=0 p=0.4 ofset=0.4 yeni=5.0 toplam=5.0 kaynak=yoklama gecen_sn=121.5
  [05:57:10] dolum: sym=btc S=1789797300 oi=0 p=0.3 ofset=0.3 yeni=4.997 toplam=4.997 kaynak=yoklama gecen_sn=130.1
  [05:57:16] dolum: sym=btc S=1789797300 oi=0 p=0.22 ofset=0.22 yeni=2.362 toplam=2.362 kaynak=yoklama gecen_sn=136.5
  [05:57:26] dolum: sym=btc S=1789797300 oi=0 p=0.22 ofset=0.22 yeni=2.63 toplam=4.992 kaynak=yoklama gecen_sn=146.9
  [05:57:28] DENGE_SINIRI: sym=btc S=1789797300 agir=Up up=15.0 down=5.0 iptal=7 kalan_hafif=6
  [05:57:47] COZULDU: sym=btc S=1789797000 kol=A kazanan=0 pay=10.0 maliyet=3.5 pnl=-3.5 geri_cekildi=None emirler=[{'oi': 0, 'p': 0.3, 'ofs': 0.3, 'hedef_ofs': 0.3, 'bb': 0.44, 'pay': 0.0, 'durum': 'kapali', 'gecikme_ms': None}, {'oi': 0, 'p': 0.22, 'ofs': 0.22, 'hedef_ofs': 0.22, 'bb': 0.44, 'pay': 0.0, 'durum': 'kapali', 'gecikme_ms': None}, {'oi': 0, 'p': 0.15, 'ofs': 0.15, 'hedef_ofs': 0.15, 'bb': 0.44, 'pay': 0.0, 'durum': 'kapali', 'gecikme_ms': None}, {'oi': 0, 'p': 0.1, 'ofs': 0.1, 'hedef_ofs': 0.1, 'bb': 0.44, 'pay': 0.0, 'durum': 'kapali', 'gecikme_ms': None}, {'oi': 0, 'p': 0.06, 'ofs': 0.06, 'hedef_ofs': 0.06, 'bb': 0.44, 'pay': 0.0, 'durum': 'kapali', 'gecikme_ms': None}, {'oi': 0, 'p': 0.03, 'ofs': 0.03, 'hedef_ofs': 0.03, 'bb': 0.44, 'pay': 0.0, 'durum': 'kapali', 'gecikme_ms': None}, {'oi': 1, 'p': 0.4, 'ofs': 0.4, 'hedef_ofs': 0.4, 'bb': 0.55, 'pay': 5.0, 'durum': 'kapali', 'gecikme_ms': 2766}, {'oi': 1, 'p': 0.3, 'ofs': 0.3, 'hedef_ofs': 0.3, 'bb': 0.55, 'pay': 5.0, 'durum': 'kapali', 'gecikme_ms': 28914}, {'oi': 1, 'p': 0.22, 'ofs': 0.22, 'hedef_ofs': 0.22, 'bb': 0.55, 'pay': 0.0, 'durum': 'kapali', 'gecikme_ms': None}, {'oi': 1, 'p': 0.15, 'ofs': 0.15, 'hedef_ofs': 0.15, 'bb': 0.55, 'pay': 0.0, 'durum': 'kapali', 'gecikme_ms': None}, {'oi': 1, 'p': 0.1, 'ofs': 0.1, 'hedef_ofs': 0.1, 'bb': 0.55, 'pay': 0.0, 'durum': 'kapali', 'gecikme_ms': None}, {'oi': 1, 'p': 0.06, 'ofs': 0.06, 'hedef_ofs': 0.06, 'bb': 0.55, 'pay': 0.0, 'durum': 'kapali', 'gecikme_ms': None}, {'oi': 1, 'p': 0.03, 'ofs': 0.03, 'hedef_ofs': 0.03, 'bb': 0.55, 'pay': 0.0, 'durum': 'kapali', 'gecikme_ms': None}]
  [05:58:21] GEC_UCUZ_KESILDI: sym=btc S=1789797300 iptal=5 fiyatlar=[0.03, 0.06, 0.1, 0.15, 0.22] kalan_acik=1
  [06:00:05] BOY: S=1789797600 klip=5.0 kol=A
  [06:00:10] pencere: sym=btc S=1789797600 kol=A tokens=[0, 1] emir=11 kabul=[7, 4] fiyatlar=[(0, 0.4, 0.4, 0.4), (0, 0.3, 0.3, 0.3), (0, 0.22, 0.22, 0.22), (0, 0.15, 0.15, 0.15), (0, 0.1, 0.1, 0.1), (0, 0.06, 0.06, 0.06), (0, 0.03, 0.03, 0.03), (1, 0.15, 0.15, 0.15), (1, 0.1, 0.1, 0.1), (1, 0.06, 0.06, 0.06), (1, 0.03, 0.03, 0.03)]
  [06:00:25] maruziyet: acik_pozisyon=0 pazar=0 dis_risk=0.0
  [06:00:30] mutabakat: pnl=-21.25 yerel=-16.04 etkin=-21.25 pencere=126 risk=7.4 emir=1670 dolum=126 pay=2625.2 geri_cekilen=1 red=19
  [06:02:19] dolum: sym=btc S=1789797600 oi=1 p=0.15 ofset=0.15 yeni=5.0 toplam=5.0 kaynak=yoklama gecen_sn=139.2
  [06:02:25] dolum: sym=btc S=1789797600 oi=1 p=0.1 ofset=0.1 yeni=5.0 toplam=5.0 kaynak=yoklama gecen_sn=145.6
  [06:02:26] DENGE_SINIRI: sym=btc S=1789797600 agir=Down up=0.0 down=10.0 iptal=4 kalan_hafif=7
  [06:02:48] COZULDU: sym=btc S=1789797300 kol=A kazanan=1 pay=19.99 maliyet=6.1 pnl=-1.1 geri_cekildi=None emirler=[{'oi': 0, 'p': 0.4, 'ofs': 0.4, 'hedef_ofs': 0.4, 'bb': 0.52, 'pay': 5.0, 'durum': 'kapali', 'gecikme_ms': 114481}, {'oi': 0, 'p': 0.3, 'ofs': 0.3, 'hedef_ofs': 0.3, 'bb': 0.52, 'pay': 5.0, 'durum': 'kapali', 'gecikme_ms': 123115}, {'oi': 0, 'p': 0.22, 'ofs': 0.22, 'hedef_ofs': 0.22, 'bb': 0.52, 'pay': 4.99, 'durum': 'kapali', 'gecikme_ms': 129506}, {'oi': 0, 'p': 0.15, 'ofs': 0.15, 'hedef_ofs': 0.15, 'bb': 0.52, 'pay': 0.0, 'durum': 'kapali', 'gecikme_ms': None}, {'oi': 0, 'p': 0.1, 'ofs': 0.1, 'hedef_ofs': 0.1, 'bb': 0.52, 'pay': 0.0, 'durum': 'kapali', 'gecikme_ms': None}, {'oi': 0, 'p': 0.06, 'ofs': 0.06, 'hedef_ofs': 0.06, 'bb': 0.52, 'pay': 0.0, 'durum': 'kapali', 'gecikme_ms': None}, {'oi': 0, 'p': 0.03, 'ofs': 0.03, 'hedef_ofs': 0.03, 'bb': 0.52, 'pay': 0.0, 'durum': 'kapali', 'gecikme_ms': None}, {'oi': 1, 'p': 0.3, 'ofs': 0.3, 'hedef_ofs': 0.3, 'bb': 0.47, 'pay': 5.0, 'durum': 'kapali', 'gecikme_ms': 5869}, {'oi': 1, 'p': 0.22, 'ofs': 0.22, 'hedef_ofs': 0.22, 'bb': 0.47, 'pay': 0.0, 'durum': 'kapali', 'gecikme_ms': None}, {'oi': 1, 'p': 0.15, 'ofs': 0.15, 'hedef_ofs': 0.15, 'bb': 0.47, 'pay': 0.0, 'durum': 'kapali', 'gecikme_ms': None}, {'oi': 1, 'p': 0.1, 'ofs': 0.1, 'hedef_ofs': 0.1, 'bb': 0.47, 'pay': 0.0, 'durum': 'kapali', 'gecikme_ms': None}, {'oi': 1, 'p': 0.06, 'ofs': 0.06, 'hedef_ofs': 0.06, 'bb': 0.47, 'pay': 0.0, 'durum': 'kapali', 'gecikme_ms': None}, {'oi': 1, 'p': 0.03, 'ofs': 0.03, 'hedef_ofs': 0.03, 'bb': 0.47, 'pay': 0.0, 'durum': 'kapali', 'gecikme_ms': None}]
  [06:03:21] GEC_UCUZ_KESILDI: sym=btc S=1789797600 iptal=5 fiyatlar=[0.03, 0.06, 0.1, 0.15, 0.22] kalan_acik=2
  [06:04:03] dolum: sym=btc S=1789797600 oi=0 p=0.4 ofset=0.4 yeni=5.0 toplam=5.0 kaynak=yoklama gecen_sn=243.0
  [06:04:03] dolum: sym=btc S=1789797600 oi=0 p=0.3 ofset=0.3 yeni=5.0 toplam=5.0 kaynak=yoklama gecen_sn=243.1
  [06:04:44] maruziyet: acik_pozisyon=0 pazar=0 dis_risk=0.0
  [06:04:51] mutabakat: pnl=-22.34 yerel=-17.14 etkin=-22.34 pencere=127 risk=0.0 emir=1670 dolum=127 pay=2645.2 geri_cekilen=1 red=19
  [06:05:05] BOY: S=1789797900 klip=5.0 kol=A
  [06:05:06] pencere: sym=btc S=1789797900 kol=A tokens=[0, 1] emir=13 kabul=[6, 7] fiyatlar=[(0, 0.3, 0.3, 0.3), (0, 0.22, 0.22, 0.22), (0, 0.15, 0.15, 0.15), (0, 0.1, 0.1, 0.1), (0, 0.06, 0.06, 0.06), (0, 0.03, 0.03, 0.03), (1, 0.4, 0.4, 0.4), (1, 0.3, 0.3, 0.3), (1, 0.22, 0.22, 0.22), (1, 0.15, 0.15, 0.15), (1, 0.1, 0.1, 0.1), (1, 0.06, 0.06, 0.06), (1, 0.03, 0.03, 0.03)]
  [06:05:34] dolum: sym=btc S=1789797900 oi=1 p=0.4 ofset=0.4 yeni=5.0 toplam=5.0 kaynak=yoklama gecen_sn=34.2
  [06:05:57] dolum: sym=btc S=1789797900 oi=1 p=0.3 ofset=0.3 yeni=5.0 toplam=5.0 kaynak=yoklama gecen_sn=57.7
  [06:05:58] DENGE_SINIRI: sym=btc S=1789797900 agir=Down up=0.0 down=10.0 iptal=7 kalan_hafif=6
  [06:08:21] GEC_UCUZ_KESILDI: sym=btc S=1789797900 iptal=5 fiyatlar=[0.03, 0.06, 0.1, 0.15, 0.22] kalan_acik=1
  [06:09:05] maruziyet: acik_pozisyon=0 pazar=0 dis_risk=0.0
  [06:09:11] mutabakat: pnl=-22.34 yerel=-17.14 etkin=-22.34 pencere=127 risk=3.5 emir=1683 dolum=127 pay=2645.2 geri_cekilen=1 red=19
  [06:10:05] BOY: S=1789798200 klip=5.0 kol=A
  [06:10:06] pencere: sym=btc S=1789798200 kol=A tokens=[0, 1] emir=12 kabul=[5, 7] fiyatlar=[(0, 0.22, 0.22, 0.22), (0, 0.15, 0.15, 0.15), (0, 0.1, 0.1, 0.1), (0, 0.06, 0.06, 0.06), (0, 0.03, 0.03, 0.03), (1, 0.4, 0.4, 0.4), (1, 0.3, 0.3, 0.3), (1, 0.22, 0.22, 0.22), (1, 0.15, 0.15, 0.15), (1, 0.1, 0.1, 0.1), (1, 0.06, 0.06, 0.06), (1, 0.03, 0.03, 0.03)]
  [06:10:28] dolum: sym=btc S=1789798200 oi=0 p=0.22 ofset=0.22 yeni=4.997 toplam=4.997 kaynak=yoklama gecen_sn=28.5
  [06:11:17] COZULDU: sym=btc S=1789797600 kol=A kazanan=1 pay=20.0 maliyet=4.75 pnl=5.25 geri_cekildi=None emirler=[{'oi': 0, 'p': 0.4, 'ofs': 0.4, 'hedef_ofs': 0.4, 'bb': 0.76, 'pay': 5.0, 'durum': 'kapali', 'gecikme_ms': 232436}, {'oi': 0, 'p': 0.3, 'ofs': 0.3, 'hedef_ofs': 0.3, 'bb': 0.76, 'pay': 5.0, 'durum': 'kapali', 'gecikme_ms': 232531}, {'oi': 0, 'p': 0.22, 'ofs': 0.22, 'hedef_ofs': 0.22, 'bb': 0.76, 'pay': 0.0, 'durum': 'kapali', 'gecikme_ms': None}, {'oi': 0, 'p': 0.15, 'ofs': 0.15, 'hedef_ofs': 0.15, 'bb': 0.76, 'pay': 0.0, 'durum': 'kapali', 'gecikme_ms': None}, {'oi': 0, 'p': 0.1, 'ofs': 0.1, 'hedef_ofs': 0.1, 'bb': 0.76, 'pay': 0.0, 'durum': 'kapali', 'gecikme_ms': None}, {'oi': 0, 'p': 0.06, 'ofs': 0.06, 'hedef_ofs': 0.06, 'bb': 0.76, 'pay': 0.0, 'durum': 'kapali', 'gecikme_ms': None}, {'oi': 0, 'p': 0.03, 'ofs': 0.03, 'hedef_ofs': 0.03, 'bb': 0.76, 'pay': 0.0, 'durum': 'kapali', 'gecikme_ms': None}, {'oi': 1, 'p': 0.15, 'ofs': 0.15, 'hedef_ofs': 0.15, 'bb': 0.22, 'pay': 5.0, 'durum': 'kapali', 'gecikme_ms': 128593}, {'oi': 1, 'p': 0.1, 'ofs': 0.1, 'hedef_ofs': 0.1, 'bb': 0.22, 'pay': 5.0, 'durum': 'kapali', 'gecikme_ms': 134953}, {'oi': 1, 'p': 0.06, 'ofs': 0.06, 'hedef_ofs': 0.06, 'bb': 0.22, 'pay': 0.0, 'durum': 'kapali', 'gecikme_ms': None}, {'oi': 1, 'p': 0.03, 'ofs': 0.03, 'hedef_ofs': 0.03, 'bb': 0.22, 'pay': 0.0, 'durum': 'kapali', 'gecikme_ms': None}]
  [06:11:17] dolum: sym=btc S=1789798200 oi=0 p=0.15 ofset=0.15 yeni=5.0 toplam=5.0 kaynak=yoklama gecen_sn=78.0
  [06:11:19] DENGE_SINIRI: sym=btc S=1789798200 agir=Up up=10.0 down=0.0 iptal=5 kalan_hafif=7
  [06:13:20] GEC_UCUZ_KESILDI: sym=btc S=1789798200 iptal=5 fiyatlar=[0.03, 0.06, 0.1, 0.15, 0.22] kalan_acik=2
  [06:13:26] maruziyet: acik_pozisyon=0 pazar=0 dis_risk=0.0
  [06:13:33] mutabakat: pnl=-17.09 yerel=-11.89 etkin=-17.09 pencere=128 risk=5.35 emir=1695 dolum=128 pay=2665.2 geri_cekilen=1 red=19
  [06:15:05] BOY: S=1789798500 klip=5.0 kol=A
  [06:15:06] pencere: sym=btc S=1789798500 kol=A tokens=[0, 1] emir=14 kabul=[7, 7] fiyatlar=[(0, 0.4, 0.4, 0.4), (0, 0.3, 0.3, 0.3), (0, 0.22, 0.22, 0.22), (0, 0.15, 0.15, 0.15), (0, 0.1, 0.1, 0.1), (0, 0.06, 0.06, 0.06), (0, 0.03, 0.03, 0.03), (1, 0.4, 0.4, 0.4), (1, 0.3, 0.3, 0.3), (1, 0.22, 0.22, 0.22), (1, 0.15, 0.15, 0.15), (1, 0.1, 0.1, 0.1), (1, 0.06, 0.06, 0.06), (1, 0.03, 0.03, 0.03)]
  [06:15:34] dolum: sym=btc S=1789798500 oi=1 p=0.4 ofset=0.4 yeni=5.0 toplam=5.0 kaynak=yoklama gecen_sn=34.9
  [06:15:38] dolum: sym=btc S=1789798500 oi=1 p=0.3 ofset=0.3 yeni=5.0 toplam=5.0 kaynak=yoklama gecen_sn=38.6
  [06:15:39] DENGE_SINIRI: sym=btc S=1789798500 agir=Down up=0.0 down=10.0 iptal=7 kalan_hafif=7
  [06:16:22] COZULDU: sym=btc S=1789797900 kol=A kazanan=0 pay=10.0 maliyet=3.5 pnl=-3.5 geri_cekildi=None emirler=[{'oi': 0, 'p': 0.3, 'ofs': 0.3, 'hedef_ofs': 0.3, 'bb': 0.45, 'pay': 0.0, 'durum': 'kapali', 'gecikme_ms': None}, {'oi': 0, 'p': 0.22, 'ofs': 0.22, 'hedef_ofs': 0.22, 'bb': 0.45, 'pay': 0.0, 'durum': 'kapali', 'gecikme_ms': None}, {'oi': 0, 'p': 0.15, 'ofs': 0.15, 'hedef_ofs': 0.15, 'bb': 0.45, 'pay': 0.0, 'durum': 'kapali', 'gecikme_ms': None}, {'oi': 0, 'p': 0.1, 'ofs': 0.1, 'hedef_ofs': 0.1, 'bb': 0.45, 'pay': 0.0, 'durum': 'kapali', 'gecikme_ms': None}, {'oi': 0, 'p': 0.06, 'ofs': 0.06, 'hedef_ofs': 0.06, 'bb': 0.45, 'pay': 0.0, 'durum': 'kapali', 'gecikme_ms': None}, {'oi': 0, 'p': 0.03, 'ofs': 0.03, 'hedef_ofs': 0.03, 'bb': 0.45, 'pay': 0.0, 'durum': 'kapali', 'gecikme_ms': None}, {'oi': 1, 'p': 0.4, 'ofs': 0.4, 'hedef_ofs': 0.4, 'bb': 0.54, 'pay': 5.0, 'durum': 'kapali', 'gecikme_ms': 27529}, {'oi': 1, 'p': 0.3, 'ofs': 0.3, 'hedef_ofs': 0.3, 'bb': 0.54, 'pay': 5.0, 'durum': 'kapali', 'gecikme_ms': 50990}, {'oi': 1, 'p': 0.22, 'ofs': 0.22, 'hedef_ofs': 0.22, 'bb': 0.54, 'pay': 0.0, 'durum': 'kapali', 'gecikme_ms': None}, {'oi': 1, 'p': 0.15, 'ofs': 0.15, 'hedef_ofs': 0.15, 'bb': 0.54, 'pay': 0.0, 'durum': 'kapali', 'gecikme_ms': None}, {'oi': 1, 'p': 0.1, 'ofs': 0.1, 'hedef_ofs': 0.1, 'bb': 0.54, 'pay': 0.0, 'durum': 'kapali', 'gecikme_ms': None}, {'oi': 1, 'p': 0.06, 'ofs': 0.06, 'hedef_ofs': 0.06, 'bb': 0.54, 'pay': 0.0, 'durum': 'kapali', 'gecikme_ms': None}, {'oi': 1, 'p': 0.03, 'ofs': 0.03, 'hedef_ofs': 0.03, 'bb': 0.54, 'pay': 0.0, 'durum': 'kapali', 'gecikme_ms': None}]
  [06:17:46] maruziyet: acik_pozisyon=0 pazar=0 dis_risk=0.0
  [06:17:52] mutabakat: pnl=-20.59 yerel=-15.39 etkin=-20.59 pencere=129 risk=5.35 emir=1709 dolum=129 pay=2675.2 geri_cekilen=1 red=19
  [06:18:21] GEC_UCUZ_KESILDI: sym=btc S=1789798500 iptal=5 fiyatlar=[0.03, 0.06, 0.1, 0.15, 0.22] kalan_acik=2
  [06:18:32] dolum: sym=btc S=1789798500 oi=0 p=0.4 ofset=0.4 yeni=5.0 toplam=5.0 kaynak=yoklama gecen_sn=212.6
  [06:19:02] dolum: sym=btc S=1789798500 oi=0 p=0.3 ofset=0.3 yeni=5.0 toplam=5.0 kaynak=yoklama gecen_sn=242.5
  [06:20:05] BOY: S=1789798800 klip=5.0 kol=A
  [06:20:06] pencere: sym=btc S=1789798800 kol=A tokens=[0, 1] emir=13 kabul=[6, 7] fiyatlar=[(0, 0.3, 0.3, 0.3), (0, 0.22, 0.22, 0.22), (0, 0.15, 0.15, 0.15), (0, 0.1, 0.1, 0.1), (0, 0.06, 0.06, 0.06), (0, 0.03, 0.03, 0.03), (1, 0.4, 0.4, 0.4), (1, 0.3, 0.3, 0.3), (1, 0.22, 0.22, 0.22), (1, 0.15, 0.15, 0.15), (1, 0.1, 0.1, 0.1), (1, 0.06, 0.06, 0.06), (1, 0.03, 0.03, 0.03)]
  [06:21:22] dolum: sym=btc S=1789798800 oi=0 p=0.3 ofset=0.3 yeni=5.0 toplam=5.0 kaynak=yoklama gecen_sn=82.3
  [06:21:34] COZULDU: sym=btc S=1789798200 kol=A kazanan=1 pay=10.0 maliyet=1.85 pnl=-1.85 geri_cekildi=None emirler=[{'oi': 0, 'p': 0.22, 'ofs': 0.22, 'hedef_ofs': 0.22, 'bb': 0.28, 'pay': 5.0, 'durum': 'kapali', 'gecikme_ms': 21937}, {'oi': 0, 'p': 0.15, 'ofs': 0.15, 'hedef_ofs': 0.15, 'bb': 0.28, 'pay': 5.0, 'durum': 'kapali', 'gecikme_ms': 71400}, {'oi': 0, 'p': 0.1, 'ofs': 0.1, 'hedef_ofs': 0.1, 'bb': 0.28, 'pay': 0.0, 'durum': 'kapali', 'gecikme_ms': None}, {'oi': 0, 'p': 0.06, 'ofs': 0.06, 'hedef_ofs': 0.06, 'bb': 0.28, 'pay': 0.0, 'durum': 'kapali', 'gecikme_ms': None}, {'oi': 0, 'p': 0.03, 'ofs': 0.03, 'hedef_ofs': 0.03, 'bb': 0.28, 'pay': 0.0, 'durum': 'kapali', 'gecikme_ms': None}, {'oi': 1, 'p': 0.4, 'ofs': 0.4, 'hedef_ofs': 0.4, 'bb': 0.71, 'pay': 0.0, 'durum': 'kapali', 'gecikme_ms': None}, {'oi': 1, 'p': 0.3, 'ofs': 0.3, 'hedef_ofs': 0.3, 'bb': 0.71, 'pay': 0.0, 'durum': 'kapali', 'gecikme_ms': None}, {'oi': 1, 'p': 0.22, 'ofs': 0.22, 'hedef_ofs': 0.22, 'bb': 0.71, 'pay': 0.0, 'durum': 'kapali', 'gecikme_ms': None}, {'oi': 1, 'p': 0.15, 'ofs': 0.15, 'hedef_ofs': 0.15, 'bb': 0.71, 'pay': 0.0, 'durum': 'kapali', 'gecikme_ms': None}, {'oi': 1, 'p': 0.1, 'ofs': 0.1, 'hedef_ofs': 0.1, 'bb': 0.71, 'pay': 0.0, 'durum': 'kapali', 'gecikme_ms': None}, {'oi': 1, 'p': 0.06, 'ofs': 0.06, 'hedef_ofs': 0.06, 'bb': 0.71, 'pay': 0.0, 'durum': 'kapali', 'gecikme_ms': None}, {'oi': 1, 'p': 0.03, 'ofs': 0.03, 'hedef_ofs': 0.03, 'bb': 0.71, 'pay': 0.0, 'durum': 'kapali', 'gecikme_ms': None}]
  [06:21:51] dolum: sym=btc S=1789798800 oi=0 p=0.22 ofset=0.22 yeni=5.0 toplam=5.0 kaynak=yoklama gecen_sn=111.4
  [06:21:52] DENGE_SINIRI: sym=btc S=1789798800 agir=Up up=10.0 down=0.0 iptal=6 kalan_hafif=7
  [06:22:08] maruziyet: acik_pozisyon=0 pazar=0 dis_risk=0.0
  [06:22:14] mutabakat: pnl=-22.44 yerel=-17.23 etkin=-22.44 pencere=130 risk=2.6 emir=1722 dolum=130 pay=2685.2 geri_cekilen=1 red=19
  [06:23:09] COZULDU: sym=btc S=1789798500 kol=A kazanan=1 pay=20.0 maliyet=7.0 pnl=3.0 geri_cekildi=None emirler=[{'oi': 0, 'p': 0.4, 'ofs': 0.4, 'hedef_ofs': 0.4, 'bb': 0.49, 'pay': 5.0, 'durum': 'kapali', 'gecikme_ms': 205959}, {'oi': 0, 'p': 0.3, 'ofs': 0.3, 'hedef_ofs': 0.3, 'bb': 0.49, 'pay': 5.0, 'durum': 'kapali', 'gecikme_ms': 235851}, {'oi': 0, 'p': 0.22, 'ofs': 0.22, 'hedef_ofs': 0.22, 'bb': 0.49, 'pay': 0.0, 'durum': 'kapali', 'gecikme_ms': None}, {'oi': 0, 'p': 0.15, 'ofs': 0.15, 'hedef_ofs': 0.15, 'bb': 0.49, 'pay': 0.0, 'durum': 'kapali', 'gecikme_ms': None}, {'oi': 0, 'p': 0.1, 'ofs': 0.1, 'hedef_ofs': 0.1, 'bb': 0.49, 'pay': 0.0, 'durum': 'kapali', 'gecikme_ms': None}, {'oi': 0, 'p': 0.06, 'ofs': 0.06, 'hedef_ofs': 0.06, 'bb': 0.49, 'pay': 0.0, 'durum': 'kapali', 'gecikme_ms': None}, {'oi': 0, 'p': 0.03, 'ofs': 0.03, 'hedef_ofs': 0.03, 'bb': 0.49, 'pay': 0.0, 'durum': 'kapali', 'gecikme_ms': None}, {'oi': 1, 'p': 0.4, 'ofs': 0.4, 'hedef_ofs': 0.4, 'bb': 0.5, 'pay': 5.0, 'durum': 'kapali', 'gecikme_ms': 28264}, {'oi': 1, 'p': 0.3, 'ofs': 0.3, 'hedef_ofs': 0.3, 'bb': 0.5, 'pay': 5.0, 'durum': 'kapali', 'gecikme_ms': 31970}, {'oi': 1, 'p': 0.22, 'ofs': 0.22, 'hedef_ofs': 0.22, 'bb': 0.5, 'pay': 0.0, 'durum': 'kapali', 'gecikme_ms': None}, {'oi': 1, 'p': 0.15, 'ofs': 0.15, 'hedef_ofs': 0.15, 'bb': 0.5, 'pay': 0.0, 'durum': 'kapali', 'gecikme_ms': None}, {'oi': 1, 'p': 0.1, 'ofs': 0.1, 'hedef_ofs': 0.1, 'bb': 0.5, 'pay': 0.0, 'durum': 'kapali', 'gecikme_ms': None}, {'oi': 1, 'p': 0.06, 'ofs': 0.06, 'hedef_ofs': 0.06, 'bb': 0.5, 'pay': 0.0, 'durum': 'kapali', 'gecikme_ms': None}, {'oi': 1, 'p': 0.03, 'ofs': 0.03, 'hedef_ofs': 0.03, 'bb': 0.5, 'pay': 0.0, 'durum': 'kapali', 'gecikme_ms': None}]
  [06:23:21] GEC_UCUZ_KESILDI: sym=btc S=1789798800 iptal=5 fiyatlar=[0.03, 0.06, 0.1, 0.15, 0.22] kalan_acik=2
  [06:25:06] BOY: S=1789799100 klip=5.0 kol=A
  [06:25:06] pencere: sym=btc S=1789799100 kol=A tokens=[0, 1] emir=11 kabul=[4, 7] fiyatlar=[(0, 0.15, 0.15, 0.15), (0, 0.1, 0.1, 0.1), (0, 0.06, 0.06, 0.06), (0, 0.03, 0.03, 0.03), (1, 0.4, 0.4, 0.4), (1, 0.3, 0.3, 0.3), (1, 0.22, 0.22, 0.22), (1, 0.15, 0.15, 0.15), (1, 0.1, 0.1, 0.1), (1, 0.06, 0.06, 0.06), (1, 0.03, 0.03, 0.03)]
  [06:26:29] maruziyet: acik_pozisyon=0 pazar=0 dis_risk=0.0
  [06:26:35] mutabakat: pnl=-19.44 yerel=-14.23 etkin=-19.44 pencere=131 risk=8.9 emir=1733 dolum=131 pay=2705.2 geri_cekilen=1 red=19
  [06:27:02] dolum: sym=btc S=1789799100 oi=0 p=0.15 ofset=0.15 yeni=5.0 toplam=5.0 kaynak=yoklama gecen_sn=122.5
  [06:27:19] dolum: sym=btc S=1789799100 oi=0 p=0.1 ofset=0.1 yeni=5.0 toplam=5.0 kaynak=yoklama gecen_sn=140.0
  [06:27:21] DENGE_SINIRI: sym=btc S=1789799100 agir=Up up=10.0 down=0.0 iptal=4 kalan_hafif=7
  [06:27:57] dolum: sym=btc S=1789799100 oi=1 p=0.4 ofset=0.4 yeni=5.0 toplam=5.0 kaynak=yoklama gecen_sn=177.5
  [06:28:01] dolum: sym=btc S=1789799100 oi=1 p=0.3 ofset=0.3 yeni=5.0 toplam=5.0 kaynak=yoklama gecen_sn=181.4
  [06:28:14] COZULDU: sym=btc S=1789798800 kol=A kazanan=1 pay=10.0 maliyet=2.6 pnl=-2.6 geri_cekildi=None emirler=[{'oi': 0, 'p': 0.3, 'ofs': 0.3, 'hedef_ofs': 0.3, 'bb': 0.46, 'pay': 5.0, 'durum': 'kapali', 'gecikme_ms': 75641}, {'oi': 0, 'p': 0.22, 'ofs': 0.22, 'hedef_ofs': 0.22, 'bb': 0.46, 'pay': 5.0, 'durum': 'kapali', 'gecikme_ms': 104726}, {'oi': 0, 'p': 0.15, 'ofs': 0.15, 'hedef_ofs': 0.15, 'bb': 0.46, 'pay': 0.0, 'durum': 'kapali', 'gecikme_ms': None}, {'oi': 0, 'p': 0.1, 'ofs': 0.1, 'hedef_ofs': 0.1, 'bb': 0.46, 'pay': 0.0, 'durum': 'kapali', 'gecikme_ms': None}, {'oi': 0, 'p': 0.06, 'ofs': 0.06, 'hedef_ofs': 0.06, 'bb': 0.46, 'pay': 0.0, 'durum': 'kapali', 'gecikme_ms': None}, {'oi': 0, 'p': 0.03, 'ofs': 0.03, 'hedef_ofs': 0.03, 'bb': 0.46, 'pay': 0.0, 'durum': 'kapali', 'gecikme_ms': None}, {'oi': 1, 'p': 0.4, 'ofs': 0.4, 'hedef_ofs': 0.4, 'bb': 0.53, 'pay': 0.0, 'durum': 'kapali', 'gecikme_ms': None}, {'oi': 1, 'p': 0.3, 'ofs': 0.3, 'hedef_ofs': 0.3, 'bb': 0.53, 'pay': 0.0, 'durum': 'kapali', 'gecikme_ms': None}, {'oi': 1, 'p': 0.22, 'ofs': 0.22, 'hedef_ofs': 0.22, 'bb': 0.53, 'pay': 0.0, 'durum': 'kapali', 'gecikme_ms': None}, {'oi': 1, 'p': 0.15, 'ofs': 0.15, 'hedef_ofs': 0.15, 'bb': 0.53, 'pay': 0.0, 'durum': 'kapali', 'gecikme_ms': None}, {'oi': 1, 'p': 0.1, 'ofs': 0.1, 'hedef_ofs': 0.1, 'bb': 0.53, 'pay': 0.0, 'durum': 'kapali', 'gecikme_ms': None}, {'oi': 1, 'p': 0.06, 'ofs': 0.06, 'hedef_ofs': 0.06, 'bb': 0.53, 'pay': 0.0, 'durum': 'kapali', 'gecikme_ms': None}, {'oi': 1, 'p': 0.03, 'ofs': 0.03, 'hedef_ofs': 0.03, 'bb': 0.53, 'pay': 0.0, 'durum': 'kapali', 'gecikme_ms': None}]
  [06:28:21] GEC_UCUZ_KESILDI: sym=btc S=1789799100 iptal=5 fiyatlar=[0.03, 0.06, 0.1, 0.15, 0.22] kalan_acik=2
  [06:30:06] BOY: S=1789799400 klip=5.0 kol=A
  [06:30:06] pencere: sym=btc S=1789799400 kol=A tokens=[0, 1] emir=12 kabul=[7, 5] fiyatlar=[(0, 0.4, 0.4, 0.4), (0, 0.3, 0.3, 0.3), (0, 0.22, 0.22, 0.22), (0, 0.15, 0.15, 0.15), (0, 0.1, 0.1, 0.1), (0, 0.06, 0.06, 0.06), (0, 0.03, 0.03, 0.03), (1, 0.22, 0.22, 0.22), (1, 0.15, 0.15, 0.15), (1, 0.1, 0.1, 0.1), (1, 0.06, 0.06, 0.06), (1, 0.03, 0.03, 0.03)]
  [06:30:43] dolum: sym=btc S=1789799400 oi=1 p=0.22 ofset=0.22 yeni=5.0 toplam=5.0 kaynak=yoklama gecen_sn=43.8
  [06:30:49] maruziyet: acik_pozisyon=0 pazar=0 dis_risk=0.0
  [06:30:55] mutabakat: pnl=-22.04 yerel=-16.83 etkin=-22.04 pencere=132 risk=2.8 emir=1745 dolum=132 pay=2715.2 geri_cekilen=1 red=19
  [06:31:46] dolum: sym=btc S=1789799400 oi=1 p=0.15 ofset=0.15 yeni=5.0 toplam=5.0 kaynak=yoklama gecen_sn=106.7
  [06:31:47] DENGE_SINIRI: sym=btc S=1789799400 agir=Down up=0.0 down=10.0 iptal=5 kalan_hafif=7
  [06:33:17] COZULDU: sym=btc S=1789799100 kol=A kazanan=0 pay=20.0 maliyet=4.75 pnl=5.25 geri_cekildi=None emirler=[{'oi': 0, 'p': 0.15, 'ofs': 0.15, 'hedef_ofs': 0.15, 'bb': 0.24, 'pay': 5.0, 'durum': 'kapali', 'gecikme_ms': 115767}, {'oi': 0, 'p': 0.1, 'ofs': 0.1, 'hedef_ofs': 0.1, 'bb': 0.24, 'pay': 5.0, 'durum': 'kapali', 'gecikme_ms': 133201}, {'oi': 0, 'p': 0.06, 'ofs': 0.06, 'hedef_ofs': 0.06, 'bb': 0.24, 'pay': 0.0, 'durum': 'kapali', 'gecikme_ms': None}, {'oi': 0, 'p': 0.03, 'ofs': 0.03, 'hedef_ofs': 0.03, 'bb': 0.24, 'pay': 0.0, 'durum': 'kapali', 'gecikme_ms': None}, {'oi': 1, 'p': 0.4, 'ofs': 0.4, 'hedef_ofs': 0.4, 'bb': 0.75, 'pay': 5.0, 'durum': 'kapali', 'gecikme_ms': 170708}, {'oi': 1, 'p': 0.3, 'ofs': 0.3, 'hedef_ofs': 0.3, 'bb': 0.75, 'pay': 5.0, 'durum': 'kapali', 'gecikme_ms': 174610}, {'oi': 1, 'p': 0.22, 'ofs': 0.22, 'hedef_ofs': 0.22, 'bb': 0.75, 'pay': 0.0, 'durum': 'kapali', 'gecikme_ms': None}, {'oi': 1, 'p': 0.15, 'ofs': 0.15, 'hedef_ofs': 0.15, 'bb': 0.75, 'pay': 0.0, 'durum': 'kapali', 'gecikme_ms': None}, {'oi': 1, 'p': 0.1, 'ofs': 0.1, 'hedef_ofs': 0.1, 'bb': 0.75, 'pay': 0.0, 'durum': 'kapali', 'gecikme_ms': None}, {'oi': 1, 'p': 0.06, 'ofs': 0.06, 'hedef_ofs': 0.06, 'bb': 0.75, 'pay': 0.0, 'durum': 'kapali', 'gecikme_ms': None}, {'oi': 1, 'p': 0.03, 'ofs': 0.03, 'hedef_ofs': 0.03, 'bb': 0.75, 'pay': 0.0, 'durum': 'kapali', 'gecikme_ms': None}]
  [06:33:21] GEC_UCUZ_KESILDI: sym=btc S=1789799400 iptal=5 fiyatlar=[0.03, 0.06, 0.1, 0.15, 0.22] kalan_acik=2
  [06:35:05] BOY: S=1789799700 klip=5.0 kol=A
  [06:35:06] pencere: sym=btc S=1789799700 kol=A tokens=[0, 1] emir=12 kabul=[7, 5] fiyatlar=[(0, 0.4, 0.4, 0.4), (0, 0.3, 0.3, 0.3), (0, 0.22, 0.22, 0.22), (0, 0.15, 0.15, 0.15), (0, 0.1, 0.1, 0.1), (0, 0.06, 0.06, 0.06), (0, 0.03, 0.03, 0.03), (1, 0.22, 0.22, 0.22), (1, 0.15, 0.15, 0.15), (1, 0.1, 0.1, 0.1), (1, 0.06, 0.06, 0.06), (1, 0.03, 0.03, 0.03)]
  [06:35:10] maruziyet: acik_pozisyon=0 pazar=0 dis_risk=0.0
  [06:35:16] mutabakat: pnl=-16.79 yerel=-11.58 etkin=-16.79 pencere=133 risk=8.15 emir=1757 dolum=133 pay=2735.2 geri_cekilen=1 red=19
  [06:35:45] dolum: sym=btc S=1789799700 oi=1 p=0.22 ofset=0.22 yeni=5.0 toplam=5.0 kaynak=yoklama gecen_sn=45.9
  [06:36:25] dolum: sym=btc S=1789799700 oi=1 p=0.15 ofset=0.15 yeni=5.0 toplam=5.0 kaynak=yoklama gecen_sn=85.1
  [06:36:25] DENGE_SINIRI: sym=btc S=1789799700 agir=Down up=0.0 down=10.0 iptal=5 kalan_hafif=7
  [06:38:21] GEC_UCUZ_KESILDI: sym=btc S=1789799700 iptal=5 fiyatlar=[0.03, 0.06, 0.1, 0.15, 0.22] kalan_acik=2
  [06:39:30] maruziyet: acik_pozisyon=0 pazar=0 dis_risk=0.0
  [06:39:35] mutabakat: pnl=-16.79 yerel=-11.58 etkin=-16.79 pencere=133 risk=3.7 emir=1757 dolum=133 pay=2735.2 geri_cekilen=1 red=19
  [06:40:06] BOY: S=1789800000 klip=5.0 kol=A
  [06:40:06] pencere: sym=btc S=1789800000 kol=A tokens=[0, 1] emir=14 kabul=[7, 7] fiyatlar=[(0, 0.4, 0.4, 0.4), (0, 0.3, 0.3, 0.3), (0, 0.22, 0.22, 0.22), (0, 0.15, 0.15, 0.15), (0, 0.1, 0.1, 0.1), (0, 0.06, 0.06, 0.06), (0, 0.03, 0.03, 0.03), (1, 0.4, 0.4, 0.4), (1, 0.3, 0.3, 0.3), (1, 0.22, 0.22, 0.22), (1, 0.15, 0.15, 0.15), (1, 0.1, 0.1, 0.1), (1, 0.06, 0.06, 0.06), (1, 0.03, 0.03, 0.03)]
  [06:40:24] dolum: sym=btc S=1789800000 oi=1 p=0.4 ofset=0.4 yeni=5.0 toplam=5.0 kaynak=yoklama gecen_sn=24.2
  [06:40:53] dolum: sym=btc S=1789800000 oi=1 p=0.3 ofset=0.3 yeni=5.0 toplam=5.0 kaynak=yoklama gecen_sn=53.4
  [06:40:54] DENGE_SINIRI: sym=btc S=1789800000 agir=Down up=0.0 down=10.0 iptal=7 kalan_hafif=7
  [06:41:49] COZULDU: sym=btc S=1789799400 kol=A kazanan=0 pay=10.0 maliyet=1.85 pnl=-1.85 geri_cekildi=None emirler=[{'oi': 0, 'p': 0.4, 'ofs': 0.4, 'hedef_ofs': 0.4, 'bb': 0.65, 'pay': 0.0, 'durum': 'kapali', 'gecikme_ms': None}, {'oi': 0, 'p': 0.3, 'ofs': 0.3, 'hedef_ofs': 0.3, 'bb': 0.65, 'pay': 0.0, 'durum': 'kapali', 'gecikme_ms': None}, {'oi': 0, 'p': 0.22, 'ofs': 0.22, 'hedef_ofs': 0.22, 'bb': 0.65, 'pay': 0.0, 'durum': 'kapali', 'gecikme_ms': None}, {'oi': 0, 'p': 0.15, 'ofs': 0.15, 'hedef_ofs': 0.15, 'bb': 0.65, 'pay': 0.0, 'durum': 'kapali', 'gecikme_ms': None}, {'oi': 0, 'p': 0.1, 'ofs': 0.1, 'hedef_ofs': 0.1, 'bb': 0.65, 'pay': 0.0, 'durum': 'kapali', 'gecikme_ms': None}, {'oi': 0, 'p': 0.06, 'ofs': 0.06, 'hedef_ofs': 0.06, 'bb': 0.65, 'pay': 0.0, 'durum': 'kapali', 'gecikme_ms': None}, {'oi': 0, 'p': 0.03, 'ofs': 0.03, 'hedef_ofs': 0.03, 'bb': 0.65, 'pay': 0.0, 'durum': 'kapali', 'gecikme_ms': None}, {'oi': 1, 'p': 0.22, 'ofs': 0.22, 'hedef_ofs': 0.22, 'bb': 0.34, 'pay': 5.0, 'durum': 'kapali', 'gecikme_ms': 37151}, {'oi': 1, 'p': 0.15, 'ofs': 0.15, 'hedef_ofs': 0.15, 'bb': 0.34, 'pay': 5.0, 'durum': 'kapali', 'gecikme_ms': 100080}, {'oi': 1, 'p': 0.1, 'ofs': 0.1, 'hedef_ofs': 0.1, 'bb': 0.34, 'pay': 0.0, 'durum': 'kapali', 'gecikme_ms': None}, {'oi': 1, 'p': 0.06, 'ofs': 0.06, 'hedef_ofs': 0.06, 'bb': 0.34, 'pay': 0.0, 'durum': 'kapali', 'gecikme_ms': None}, {'oi': 1, 'p': 0.03, 'ofs': 0.03, 'hedef_ofs': 0.03, 'bb': 0.34, 'pay': 0.0, 'durum': 'kapali', 'gecikme_ms': None}]
  [06:43:21] GEC_UCUZ_KESILDI: sym=btc S=1789800000 iptal=5 fiyatlar=[0.03, 0.06, 0.1, 0.15, 0.22] kalan_acik=2
  [06:43:51] maruziyet: acik_pozisyon=0 pazar=0 dis_risk=0.0
  [06:43:57] mutabakat: pnl=-18.64 yerel=-13.43 etkin=-18.64 pencere=134 risk=5.35 emir=1771 dolum=134 pay=2745.2 geri_cekilen=1 red=19
  [06:43:58] dolum: sym=btc S=1789800000 oi=0 p=0.4 ofset=0.4 yeni=5.0 toplam=5.0 kaynak=yoklama gecen_sn=238.4
  [06:43:58] dolum: sym=btc S=1789800000 oi=0 p=0.3 ofset=0.3 yeni=5.0 toplam=5.0 kaynak=yoklama gecen_sn=238.5
  [06:45:06] BOY: S=1789800300 klip=5.0 kol=A
  [06:45:06] pencere: sym=btc S=1789800300 kol=A tokens=[0, 1] emir=13 kabul=[6, 7] fiyatlar=[(0, 0.3, 0.3, 0.3), (0, 0.22, 0.22, 0.22), (0, 0.15, 0.15, 0.15), (0, 0.1, 0.1, 0.1), (0, 0.06, 0.06, 0.06), (0, 0.03, 0.03, 0.03), (1, 0.4, 0.4, 0.4), (1, 0.3, 0.3, 0.3), (1, 0.22, 0.22, 0.22), (1, 0.15, 0.15, 0.15), (1, 0.1, 0.1, 0.1), (1, 0.06, 0.06, 0.06), (1, 0.03, 0.03, 0.03)]
  [06:45:49] dolum: sym=btc S=1789800300 oi=1 p=0.4 ofset=0.4 yeni=5.0 toplam=5.0 kaynak=yoklama gecen_sn=49.6
  [06:46:49] dolum: sym=btc S=1789800300 oi=1 p=0.3 ofset=0.3 yeni=5.0 toplam=5.0 kaynak=yoklama gecen_sn=109.6
  [06:46:50] DENGE_SINIRI: sym=btc S=1789800300 agir=Down up=0.0 down=10.0 iptal=7 kalan_hafif=6
  [06:46:51] COZULDU: sym=btc S=1789799700 kol=A kazanan=0 pay=10.0 maliyet=1.85 pnl=-1.85 geri_cekildi=None emirler=[{'oi': 0, 'p': 0.4, 'ofs': 0.4, 'hedef_ofs': 0.4, 'bb': 0.69, 'pay': 0.0, 'durum': 'kapali', 'gecikme_ms': None}, {'oi': 0, 'p': 0.3, 'ofs': 0.3, 'hedef_ofs': 0.3, 'bb': 0.69, 'pay': 0.0, 'durum': 'kapali', 'gecikme_ms': None}, {'oi': 0, 'p': 0.22, 'ofs': 0.22, 'hedef_ofs': 0.22, 'bb': 0.69, 'pay': 0.0, 'durum': 'kapali', 'gecikme_ms': None}, {'oi': 0, 'p': 0.15, 'ofs': 0.15, 'hedef_ofs': 0.15, 'bb': 0.69, 'pay': 0.0, 'durum': 'kapali', 'gecikme_ms': None}, {'oi': 0, 'p': 0.1, 'ofs': 0.1, 'hedef_ofs': 0.1, 'bb': 0.69, 'pay': 0.0, 'durum': 'kapali', 'gecikme_ms': None}, {'oi': 0, 'p': 0.06, 'ofs': 0.06, 'hedef_ofs': 0.06, 'bb': 0.69, 'pay': 0.0, 'durum': 'kapali', 'gecikme_ms': None}, {'oi': 0, 'p': 0.03, 'ofs': 0.03, 'hedef_ofs': 0.03, 'bb': 0.69, 'pay': 0.0, 'durum': 'kapali', 'gecikme_ms': None}, {'oi': 1, 'p': 0.22, 'ofs': 0.22, 'hedef_ofs': 0.22, 'bb': 0.3, 'pay': 5.0, 'durum': 'kapali', 'gecikme_ms': 39088}, {'oi': 1, 'p': 0.15, 'ofs': 0.15, 'hedef_ofs': 0.15, 'bb': 0.3, 'pay': 5.0, 'durum': 'kapali', 'gecikme_ms': 78251}, {'oi': 1, 'p': 0.1, 'ofs': 0.1, 'hedef_ofs': 0.1, 'bb': 0.3, 'pay': 0.0, 'durum': 'kapali', 'gecikme_ms': None}, {'oi': 1, 'p': 0.06, 'ofs': 0.06, 'hedef_ofs': 0.06, 'bb': 0.3, 'pay': 0.0, 'durum': 'kapali', 'gecikme_ms': None}, {'oi': 1, 'p': 0.03, 'ofs': 0.03, 'hedef_ofs': 0.03, 'bb': 0.3, 'pay': 0.0, 'durum': 'kapali', 'gecikme_ms': None}]
  [06:48:12] maruziyet: acik_pozisyon=0 pazar=0 dis_risk=0.0
  [06:48:18] mutabakat: pnl=-20.49 yerel=-15.28 etkin=-20.49 pencere=135 risk=3.5 emir=1784 dolum=135 pay=2755.2 geri_cekilen=1 red=19
  [06:48:19] COZULDU: sym=btc S=1789800000 kol=A kazanan=1 pay=20.0 maliyet=7.0 pnl=3.0 geri_cekildi=None emirler=[{'oi': 0, 'p': 0.4, 'ofs': 0.4, 'hedef_ofs': 0.4, 'bb': 0.5, 'pay': 5.0, 'durum': 'kapali', 'gecikme_ms': 231483}, {'oi': 0, 'p': 0.3, 'ofs': 0.3, 'hedef_ofs': 0.3, 'bb': 0.5, 'pay': 5.0, 'durum': 'kapali', 'gecikme_ms': 231583}, {'oi': 0, 'p': 0.22, 'ofs': 0.22, 'hedef_ofs': 0.22, 'bb': 0.5, 'pay': 0.0, 'durum': 'kapali', 'gecikme_ms': None}, {'oi': 0, 'p': 0.15, 'ofs': 0.15, 'hedef_ofs': 0.15, 'bb': 0.5, 'pay': 0.0, 'durum': 'kapali', 'gecikme_ms': None}, {'oi': 0, 'p': 0.1, 'ofs': 0.1, 'hedef_ofs': 0.1, 'bb': 0.5, 'pay': 0.0, 'durum': 'kapali', 'gecikme_ms': None}, {'oi': 0, 'p': 0.06, 'ofs': 0.06, 'hedef_ofs': 0.06, 'bb': 0.5, 'pay': 0.0, 'durum': 'kapali', 'gecikme_ms': None}, {'oi': 0, 'p': 0.03, 'ofs': 0.03, 'hedef_ofs': 0.03, 'bb': 0.5, 'pay': 0.0, 'durum': 'kapali', 'gecikme_ms': None}, {'oi': 1, 'p': 0.4, 'ofs': 0.4, 'hedef_ofs': 0.4, 'bb': 0.49, 'pay': 5.0, 'durum': 'kapali', 'gecikme_ms': 17235}, {'oi': 1, 'p': 0.3, 'ofs': 0.3, 'hedef_ofs': 0.3, 'bb': 0.49, 'pay': 5.0, 'durum': 'kapali', 'gecikme_ms': 46474}, {'oi': 1, 'p': 0.22, 'ofs': 0.22, 'hedef_ofs': 0.22, 'bb': 0.49, 'pay': 0.0, 'durum': 'kapali', 'gecikme_ms': None}, {'oi': 1, 'p': 0.15, 'ofs': 0.15, 'hedef_ofs': 0.15, 'bb': 0.49, 'pay': 0.0, 'durum': 'kapali', 'gecikme_ms': None}, {'oi': 1, 'p': 0.1, 'ofs': 0.1, 'hedef_ofs': 0.1, 'bb': 0.49, 'pay': 0.0, 'durum': 'kapali', 'gecikme_ms': None}, {'oi': 1, 'p': 0.06, 'ofs': 0.06, 'hedef_ofs': 0.06, 'bb': 0.49, 'pay': 0.0, 'durum': 'kapali', 'gecikme_ms': None}, {'oi': 1, 'p': 0.03, 'ofs': 0.03, 'hedef_ofs': 0.03, 'bb': 0.49, 'pay': 0.0, 'durum': 'kapali', 'gecikme_ms': None}]
  [06:48:21] GEC_UCUZ_KESILDI: sym=btc S=1789800300 iptal=5 fiyatlar=[0.03, 0.06, 0.1, 0.15, 0.22] kalan_acik=1
  [06:50:06] BOY: S=1789800600 klip=5.0 kol=A
  [06:50:11] pencere: sym=btc S=1789800600 kol=A tokens=[0, 1] emir=13 kabul=[6, 7] fiyatlar=[(0, 0.3, 0.3, 0.3), (0, 0.22, 0.22, 0.22), (0, 0.15, 0.15, 0.15), (0, 0.1, 0.1, 0.1), (0, 0.06, 0.06, 0.06), (0, 0.03, 0.03, 0.03), (1, 0.4, 0.4, 0.4), (1, 0.3, 0.3, 0.3), (1, 0.22, 0.22, 0.22), (1, 0.15, 0.15, 0.15), (1, 0.1, 0.1, 0.1), (1, 0.06, 0.06, 0.06), (1, 0.03, 0.03, 0.03)]
  [06:51:23] dolum: sym=btc S=1789800600 oi=0 p=0.3 ofset=0.3 yeni=5.0 toplam=5.0 kaynak=yoklama gecen_sn=83.3
  [06:51:23] dolum: sym=btc S=1789800600 oi=0 p=0.22 ofset=0.22 yeni=5.0 toplam=5.0 kaynak=yoklama gecen_sn=83.4
  [06:51:25] DENGE_SINIRI: sym=btc S=1789800600 agir=Up up=10.0 down=0.0 iptal=6 kalan_hafif=7
  [06:52:33] maruziyet: acik_pozisyon=0 pazar=0 dis_risk=0.0
  [06:52:39] mutabakat: pnl=-17.49 yerel=-12.28 etkin=-17.49 pencere=136 risk=6.1 emir=1797 dolum=136 pay=2775.2 geri_cekilen=1 red=19
  [06:53:21] GEC_UCUZ_KESILDI: sym=btc S=1789800600 iptal=5 fiyatlar=[0.03, 0.06, 0.1, 0.15, 0.22] kalan_acik=2
  [06:53:34] COZULDU: sym=btc S=1789800300 kol=A kazanan=0 pay=10.0 maliyet=3.5 pnl=-3.5 geri_cekildi=None emirler=[{'oi': 0, 'p': 0.3, 'ofs': 0.3, 'hedef_ofs': 0.3, 'bb': 0.45, 'pay': 0.0, 'durum': 'kapali', 'gecikme_ms': None}, {'oi': 0, 'p': 0.22, 'ofs': 0.22, 'hedef_ofs': 0.22, 'bb': 0.45, 'pay': 0.0, 'durum': 'kapali', 'gecikme_ms': None}, {'oi': 0, 'p': 0.15, 'ofs': 0.15, 'hedef_ofs': 0.15, 'bb': 0.45, 'pay': 0.0, 'durum': 'kapali', 'gecikme_ms': None}, {'oi': 0, 'p': 0.1, 'ofs': 0.1, 'hedef_ofs': 0.1, 'bb': 0.45, 'pay': 0.0, 'durum': 'kapali', 'gecikme_ms': None}, {'oi': 0, 'p': 0.06, 'ofs': 0.06, 'hedef_ofs': 0.06, 'bb': 0.45, 'pay': 0.0, 'durum': 'kapali', 'gecikme_ms': None}, {'oi': 0, 'p': 0.03, 'ofs': 0.03, 'hedef_ofs': 0.03, 'bb': 0.45, 'pay': 0.0, 'durum': 'kapali', 'gecikme_ms': None}, {'oi': 1, 'p': 0.4, 'ofs': 0.4, 'hedef_ofs': 0.4, 'bb': 0.54, 'pay': 5.0, 'durum': 'kapali', 'gecikme_ms': 42637}, {'oi': 1, 'p': 0.3, 'ofs': 0.3, 'hedef_ofs': 0.3, 'bb': 0.54, 'pay': 5.0, 'durum': 'kapali', 'gecikme_ms': 102663}, {'oi': 1, 'p': 0.22, 'ofs': 0.22, 'hedef_ofs': 0.22, 'bb': 0.54, 'pay': 0.0, 'durum': 'kapali', 'gecikme_ms': None}, {'oi': 1, 'p': 0.15, 'ofs': 0.15, 'hedef_ofs': 0.15, 'bb': 0.54, 'pay': 0.0, 'durum': 'kapali', 'gecikme_ms': None}, {'oi': 1, 'p': 0.1, 'ofs': 0.1, 'hedef_ofs': 0.1, 'bb': 0.54, 'pay': 0.0, 'durum': 'kapali', 'gecikme_ms': None}, {'oi': 1, 'p': 0.06, 'ofs': 0.06, 'hedef_ofs': 0.06, 'bb': 0.54, 'pay': 0.0, 'durum': 'kapali', 'gecikme_ms': None}, {'oi': 1, 'p': 0.03, 'ofs': 0.03, 'hedef_ofs': 0.03, 'bb': 0.54, 'pay': 0.0, 'durum': 'kapali', 'gecikme_ms': None}]
  [06:55:05] BOY: S=1789800900 klip=5.0 kol=A
  [06:55:06] pencere: sym=btc S=1789800900 kol=A tokens=[0, 1] emir=13 kabul=[6, 7] fiyatlar=[(0, 0.3, 0.3, 0.3), (0, 0.22, 0.22, 0.22), (0, 0.15, 0.15, 0.15), (0, 0.1, 0.1, 0.1), (0, 0.06, 0.06, 0.06), (0, 0.03, 0.03, 0.03), (1, 0.4, 0.4, 0.4), (1, 0.3, 0.3, 0.3), (1, 0.22, 0.22, 0.22), (1, 0.15, 0.15, 0.15), (1, 0.1, 0.1, 0.1), (1, 0.06, 0.06, 0.06), (1, 0.03, 0.03, 0.03)]
  [06:55:38] dolum: sym=btc S=1789800900 oi=0 p=0.3 ofset=0.3 yeni=5.0 toplam=5.0 kaynak=yoklama gecen_sn=38.5
  [06:56:01] dolum: sym=btc S=1789800900 oi=0 p=0.22 ofset=0.22 yeni=5.0 toplam=5.0 kaynak=yoklama gecen_sn=61.1
  [06:56:02] DENGE_SINIRI: sym=btc S=1789800900 agir=Up up=10.0 down=0.0 iptal=6 kalan_hafif=7
  [06:56:55] maruziyet: acik_pozisyon=0 pazar=0 dis_risk=0.0
  [06:57:00] mutabakat: pnl=-20.99 yerel=-15.78 etkin=-20.99 pencere=137 risk=5.2 emir=1810 dolum=137 pay=2785.2 geri_cekilen=1 red=19
  [06:57:05] dolum: sym=btc S=1789800900 oi=1 p=0.4 ofset=0.4 yeni=5.0 toplam=5.0 kaynak=yoklama gecen_sn=125.3
  [06:58:20] GEC_UCUZ_KESILDI: sym=btc S=1789800900 iptal=5 fiyatlar=[0.03, 0.06, 0.1, 0.15, 0.22] kalan_acik=2
  [06:58:22] dolum: sym=btc S=1789800900 oi=1 p=0.3 ofset=0.3 yeni=1.429 toplam=1.429 kaynak=yoklama gecen_sn=202.3
  [06:58:23] dolum: sym=btc S=1789800900 oi=1 p=0.3 ofset=0.3 yeni=3.57 toplam=4.999 kaynak=yoklama gecen_sn=203.8
  [06:58:25] COZULDU: sym=btc S=1789800600 kol=A kazanan=1 pay=10.0 maliyet=2.6 pnl=-2.6 geri_cekildi=None emirler=[{'oi': 0, 'p': 0.3, 'ofs': 0.3, 'hedef_ofs': 0.3, 'bb': 0.42, 'pay': 5.0, 'durum': 'kapali', 'gecikme_ms': 71703}, {'oi': 0, 'p': 0.22, 'ofs': 0.22, 'hedef_ofs': 0.22, 'bb': 0.42, 'pay': 5.0, 'durum': 'kapali', 'gecikme_ms': 71810}, {'oi': 0, 'p': 0.15, 'ofs': 0.15, 'hedef_ofs': 0.15, 'bb': 0.42, 'pay': 0.0, 'durum': 'kapali', 'gecikme_ms': None}, {'oi': 0, 'p': 0.1, 'ofs': 0.1, 'hedef_ofs': 0.1, 'bb': 0.42, 'pay': 0.0, 'durum': 'kapali', 'gecikme_ms': None}, {'oi': 0, 'p': 0.06, 'ofs': 0.06, 'hedef_ofs': 0.06, 'bb': 0.42, 'pay': 0.0, 'durum': 'kapali', 'gecikme_ms': None}, {'oi': 0, 'p': 0.03, 'ofs': 0.03, 'hedef_ofs': 0.03, 'bb': 0.42, 'pay': 0.0, 'durum': 'kapali', 'gecikme_ms': None}, {'oi': 1, 'p': 0.4, 'ofs': 0.4, 'hedef_ofs': 0.4, 'bb': 0.5, 'pay': 0.0, 'durum': 'kapali', 'gecikme_ms': None}, {'oi': 1, 'p': 0.3, 'ofs': 0.3, 'hedef_ofs': 0.3, 'bb': 0.5, 'pay': 0.0, 'durum': 'kapali', 'gecikme_ms': None}, {'oi': 1, 'p': 0.22, 'ofs': 0.22, 'hedef_ofs': 0.22, 'bb': 0.5, 'pay': 0.0, 'durum': 'kapali', 'gecikme_ms': None}, {'oi': 1, 'p': 0.15, 'ofs': 0.15, 'hedef_ofs': 0.15, 'bb': 0.5, 'pay': 0.0, 'durum': 'kapali', 'gecikme_ms': None}, {'oi': 1, 'p': 0.1, 'ofs': 0.1, 'hedef_ofs': 0.1, 'bb': 0.5, 'pay': 0.0, 'durum': 'kapali', 'gecikme_ms': None}, {'oi': 1, 'p': 0.06, 'ofs': 0.06, 'hedef_ofs': 0.06, 'bb': 0.5, 'pay': 0.0, 'durum': 'kapali', 'gecikme_ms': None}, {'oi': 1, 'p': 0.03, 'ofs': 0.03, 'hedef_ofs': 0.03, 'bb': 0.5, 'pay': 0.0, 'durum': 'kapali', 'gecikme_ms': None}]
  [07:00:05] BOY: S=1789801200 klip=5.0 kol=A
  [07:00:06] pencere: sym=btc S=1789801200 kol=A tokens=[0, 1] emir=12 kabul=[7, 5] fiyatlar=[(0, 0.4, 0.4, 0.4), (0, 0.3, 0.3, 0.3), (0, 0.22, 0.22, 0.22), (0, 0.15, 0.15, 0.15), (0, 0.1, 0.1, 0.1), (0, 0.06, 0.06, 0.06), (0, 0.03, 0.03, 0.03), (1, 0.22, 0.22, 0.22), (1, 0.15, 0.15, 0.15), (1, 0.1, 0.1, 0.1), (1, 0.06, 0.06, 0.06), (1, 0.03, 0.03, 0.03)]
  [07:00:13] dolum: sym=btc S=1789801200 oi=1 p=0.22 ofset=0.22 yeni=5.0 toplam=5.0 kaynak=yoklama gecen_sn=13.3
  [07:01:16] maruziyet: acik_pozisyon=0 pazar=0 dis_risk=0.0
  [07:01:21] mutabakat: pnl=-23.59 yerel=-18.38 etkin=-23.59 pencere=138 risk=2.8 emir=1822 dolum=138 pay=2795.2 geri_cekilen=1 red=19
  [07:01:23] dolum: sym=btc S=1789801200 oi=1 p=0.15 ofset=0.15 yeni=5.0 toplam=5.0 kaynak=yoklama gecen_sn=83.4
  [07:01:24] DENGE_SINIRI: sym=btc S=1789801200 agir=Down up=0.0 down=10.0 iptal=5 kalan_hafif=7
  [07:03:21] GEC_UCUZ_KESILDI: sym=btc S=1789801200 iptal=5 fiyatlar=[0.03, 0.06, 0.1, 0.15, 0.22] kalan_acik=2
  [07:03:56] COZULDU: sym=btc S=1789800900 kol=A kazanan=1 pay=20.0 maliyet=6.1 pnl=3.9 geri_cekildi=None emirler=[{'oi': 0, 'p': 0.3, 'ofs': 0.3, 'hedef_ofs': 0.3, 'bb': 0.36, 'pay': 5.0, 'durum': 'kapali', 'gecikme_ms': 31954}, {'oi': 0, 'p': 0.22, 'ofs': 0.22, 'hedef_ofs': 0.22, 'bb': 0.36, 'pay': 5.0, 'durum': 'kapali', 'gecikme_ms': 54599}, {'oi': 0, 'p': 0.15, 'ofs': 0.15, 'hedef_ofs': 0.15, 'bb': 0.36, 'pay': 0.0, 'durum': 'kapali', 'gecikme_ms': None}, {'oi': 0, 'p': 0.1, 'ofs': 0.1, 'hedef_ofs': 0.1, 'bb': 0.36, 'pay': 0.0, 'durum': 'kapali', 'gecikme_ms': None}, {'oi': 0, 'p': 0.06, 'ofs': 0.06, 'hedef_ofs': 0.06, 'bb': 0.36, 'pay': 0.0, 'durum': 'kapali', 'gecikme_ms': None}, {'oi': 0, 'p': 0.03, 'ofs': 0.03, 'hedef_ofs': 0.03, 'bb': 0.36, 'pay': 0.0, 'durum': 'kapali', 'gecikme_ms': None}, {'oi': 1, 'p': 0.4, 'ofs': 0.4, 'hedef_ofs': 0.4, 'bb': 0.63, 'pay': 5.0, 'durum': 'kapali', 'gecikme_ms': 118801}, {'oi': 1, 'p': 0.3, 'ofs': 0.3, 'hedef_ofs': 0.3, 'bb': 0.63, 'pay': 5.0, 'durum': 'kapali', 'gecikme_ms': 195776}, {'oi': 1, 'p': 0.22, 'ofs': 0.22, 'hedef_ofs': 0.22, 'bb': 0.63, 'pay': 0.0, 'durum': 'kapali', 'gecikme_ms': None}, {'oi': 1, 'p': 0.15, 'ofs': 0.15, 'hedef_ofs': 0.15, 'bb': 0.63, 'pay': 0.0, 'durum': 'kapali', 'gecikme_ms': None}, {'oi': 1, 'p': 0.1, 'ofs': 0.1, 'hedef_ofs': 0.1, 'bb': 0.63, 'pay': 0.0, 'durum': 'kapali', 'gecikme_ms': None}, {'oi': 1, 'p': 0.06, 'ofs': 0.06, 'hedef_ofs': 0.06, 'bb': 0.63, 'pay': 0.0, 'durum': 'kapali', 'gecikme_ms': None}, {'oi': 1, 'p': 0.03, 'ofs': 0.03, 'hedef_ofs': 0.03, 'bb': 0.63, 'pay': 0.0, 'durum': 'kapali', 'gecikme_ms': None}]
  [07:05:05] BOY: S=1789801500 klip=5.0 kol=A
  [07:05:06] pencere: sym=btc S=1789801500 kol=A tokens=[0, 1] emir=13 kabul=[6, 7] fiyatlar=[(0, 0.3, 0.3, 0.3), (0, 0.22, 0.22, 0.22), (0, 0.15, 0.15, 0.15), (0, 0.1, 0.1, 0.1), (0, 0.06, 0.06, 0.06), (0, 0.03, 0.03, 0.03), (1, 0.4, 0.4, 0.4), (1, 0.3, 0.3, 0.3), (1, 0.22, 0.22, 0.22), (1, 0.15, 0.15, 0.15), (1, 0.1, 0.1, 0.1), (1, 0.06, 0.06, 0.06), (1, 0.03, 0.03, 0.03)]
  [07:05:36] maruziyet: acik_pozisyon=0 pazar=0 dis_risk=0.0
  [07:05:42] mutabakat: pnl=-19.69 yerel=-14.49 etkin=-19.69 pencere=139 risk=8.15 emir=1835 dolum=139 pay=2815.2 geri_cekilen=1 red=19
  [07:06:59] dolum: sym=btc S=1789801500 oi=0 p=0.3 ofset=0.3 yeni=5.0 toplam=5.0 kaynak=yoklama gecen_sn=119.1
  [07:08:01] DENGE_SINIRI: sym=btc S=1789801500 agir=Up up=5.0 down=0.0 iptal=6 kalan_hafif=7
  [07:08:21] GEC_UCUZ_KESILDI: sym=btc S=1789801500 iptal=5 fiyatlar=[0.03, 0.06, 0.1, 0.15, 0.22] kalan_acik=2
  [07:08:35] dolum: sym=btc S=1789801500 oi=1 p=0.4 ofset=0.4 yeni=5.0 toplam=5.0 kaynak=yoklama gecen_sn=216.0
  [07:08:36] dolum: sym=btc S=1789801500 oi=1 p=0.3 ofset=0.3 yeni=5.0 toplam=5.0 kaynak=yoklama gecen_sn=216.8
  [07:08:37] DENGE_SINIRI: sym=btc S=1789801500 agir=Down up=5.0 down=10.0 iptal=2 kalan_hafif=0
  [07:08:55] COZULDU: sym=btc S=1789801200 kol=A kazanan=0 pay=10.0 maliyet=1.85 pnl=-1.85 geri_cekildi=None emirler=[{'oi': 0, 'p': 0.4, 'ofs': 0.4, 'hedef_ofs': 0.4, 'bb': 0.7, 'pay': 0.0, 'durum': 'kapali', 'gecikme_ms': None}, {'oi': 0, 'p': 0.3, 'ofs': 0.3, 'hedef_ofs': 0.3, 'bb': 0.7, 'pay': 0.0, 'durum': 'kapali', 'gecikme_ms': None}, {'oi': 0, 'p': 0.22, 'ofs': 0.22, 'hedef_ofs': 0.22, 'bb': 0.7, 'pay': 0.0, 'durum': 'kapali', 'gecikme_ms': None}, {'oi': 0, 'p': 0.15, 'ofs': 0.15, 'hedef_ofs': 0.15, 'bb': 0.7, 'pay': 0.0, 'durum': 'kapali', 'gecikme_ms': None}, {'oi': 0, 'p': 0.1, 'ofs': 0.1, 'hedef_ofs': 0.1, 'bb': 0.7, 'pay': 0.0, 'durum': 'kapali', 'gecikme_ms': None}, {'oi': 0, 'p': 0.06, 'ofs': 0.06, 'hedef_ofs': 0.06, 'bb': 0.7, 'pay': 0.0, 'durum': 'kapali', 'gecikme_ms': None}, {'oi': 0, 'p': 0.03, 'ofs': 0.03, 'hedef_ofs': 0.03, 'bb': 0.7, 'pay': 0.0, 'durum': 'kapali', 'gecikme_ms': None}, {'oi': 1, 'p': 0.22, 'ofs': 0.22, 'hedef_ofs': 0.22, 'bb': 0.28, 'pay': 5.0, 'durum': 'kapali', 'gecikme_ms': 6455}, {'oi': 1, 'p': 0.15, 'ofs': 0.15, 'hedef_ofs': 0.15, 'bb': 0.28, 'pay': 5.0, 'durum': 'kapali', 'gecikme_ms': 76543}, {'oi': 1, 'p': 0.1, 'ofs': 0.1, 'hedef_ofs': 0.1, 'bb': 0.28, 'pay': 0.0, 'durum': 'kapali', 'gecikme_ms': None}, {'oi': 1, 'p': 0.06, 'ofs': 0.06, 'hedef_ofs': 0.06, 'bb': 0.28, 'pay': 0.0, 'durum': 'kapali', 'gecikme_ms': None}, {'oi': 1, 'p': 0.03, 'ofs': 0.03, 'hedef_ofs': 0.03, 'bb': 0.28, 'pay': 0.0, 'durum': 'kapali', 'gecikme_ms': None}]
  [07:09:56] maruziyet: acik_pozisyon=0 pazar=0 dis_risk=0.0
  [07:10:02] mutabakat: pnl=-21.54 yerel=-16.34 etkin=-21.54 pencere=140 risk=0.0 emir=1835 dolum=140 pay=2825.2 geri_cekilen=1 red=19
  [07:10:05] BOY: S=1789801800 klip=5.0 kol=A
  [07:10:06] pencere: sym=btc S=1789801800 kol=A tokens=[0, 1] emir=14 kabul=[7, 7] fiyatlar=[(0, 0.4, 0.4, 0.4), (0, 0.3, 0.3, 0.3), (0, 0.22, 0.22, 0.22), (0, 0.15, 0.15, 0.15), (0, 0.1, 0.1, 0.1), (0, 0.06, 0.06, 0.06), (0, 0.03, 0.03, 0.03), (1, 0.4, 0.4, 0.4), (1, 0.3, 0.3, 0.3), (1, 0.22, 0.22, 0.22), (1, 0.15, 0.15, 0.15), (1, 0.1, 0.1, 0.1), (1, 0.06, 0.06, 0.06), (1, 0.03, 0.03, 0.03)]
  [07:11:46] dolum: sym=btc S=1789801800 oi=1 p=0.4 ofset=0.4 yeni=5.0 toplam=5.0 kaynak=yoklama gecen_sn=106.9
  [07:12:04] dolum: sym=btc S=1789801800 oi=0 p=0.4 ofset=0.4 yeni=5.0 toplam=5.0 kaynak=yoklama gecen_sn=124.9
  [07:12:44] dolum: sym=btc S=1789801800 oi=1 p=0.3 ofset=0.3 yeni=5.0 toplam=5.0 kaynak=yoklama gecen_sn=164.3
  [07:12:46] dolum: sym=btc S=1789801800 oi=1 p=0.22 ofset=0.22 yeni=5.0 toplam=5.0 kaynak=yoklama gecen_sn=166.1
  [07:12:46] dolum: sym=btc S=1789801800 oi=1 p=0.15 ofset=0.15 yeni=5.0 toplam=5.0 kaynak=yoklama gecen_sn=166.2
  [07:12:46] dolum: sym=btc S=1789801800 oi=1 p=0.1 ofset=0.1 yeni=5.0 toplam=5.0 kaynak=yoklama gecen_sn=166.3
  [07:12:47] DENGE_SINIRI: sym=btc S=1789801800 agir=Down up=5.0 down=25.0 iptal=7 kalan_hafif=7
  [07:13:21] GEC_UCUZ_KESILDI: sym=btc S=1789801800 iptal=5 fiyatlar=[0.03, 0.06, 0.1, 0.15, 0.22] kalan_acik=2
  [07:14:17] maruziyet: acik_pozisyon=0 pazar=0 dis_risk=0.0
  [07:14:22] mutabakat: pnl=-21.54 yerel=-16.34 etkin=-21.54 pencere=140 risk=2.85 emir=1849 dolum=140 pay=2825.2 geri_cekilen=1 red=19
  [07:14:52] COZULDU: sym=btc S=1789801500 kol=A kazanan=0 pay=15.0 maliyet=5.0 pnl=0.0 geri_cekildi=None emirler=[{'oi': 0, 'p': 0.3, 'ofs': 0.3, 'hedef_ofs': 0.3, 'bb': 0.45, 'pay': 5.0, 'durum': 'kapali', 'gecikme_ms': 112478}, {'oi': 0, 'p': 0.22, 'ofs': 0.22, 'hedef_ofs': 0.22, 'bb': 0.45, 'pay': 0.0, 'durum': 'kapali', 'gecikme_ms': None}, {'oi': 0, 'p': 0.15, 'ofs': 0.15, 'hedef_ofs': 0.15, 'bb': 0.45, 'pay': 0.0, 'durum': 'kapali', 'gecikme_ms': None}, {'oi': 0, 'p': 0.1, 'ofs': 0.1, 'hedef_ofs': 0.1, 'bb': 0.45, 'pay': 0.0, 'durum': 'kapali', 'gecikme_ms': None}, {'oi': 0, 'p': 0.06, 'ofs': 0.06, 'hedef_ofs': 0.06, 'bb': 0.45, 'pay': 0.0, 'durum': 'kapali', 'gecikme_ms': None}, {'oi': 0, 'p': 0.03, 'ofs': 0.03, 'hedef_ofs': 0.03, 'bb': 0.45, 'pay': 0.0, 'durum': 'kapali', 'gecikme_ms': None}, {'oi': 1, 'p': 0.4, 'ofs': 0.4, 'hedef_ofs': 0.4, 'bb': 0.54, 'pay': 5.0, 'durum': 'kapali', 'gecikme_ms': 209377}, {'oi': 1, 'p': 0.3, 'ofs': 0.3, 'hedef_ofs': 0.3, 'bb': 0.54, 'pay': 5.0, 'durum': 'kapali', 'gecikme_ms': 210235}, {'oi': 1, 'p': 0.22, 'ofs': 0.22, 'hedef_ofs': 0.22, 'bb': 0.54, 'pay': 0.0, 'durum': 'kapali', 'gecikme_ms': None}, {'oi': 1, 'p': 0.15, 'ofs': 0.15, 'hedef_ofs': 0.15, 'bb': 0.54, 'pay': 0.0, 'durum': 'kapali', 'gecikme_ms': None}, {'oi': 1, 'p': 0.1, 'ofs': 0.1, 'hedef_ofs': 0.1, 'bb': 0.54, 'pay': 0.0, 'durum': 'kapali', 'gecikme_ms': None}, {'oi': 1, 'p': 0.06, 'ofs': 0.06, 'hedef_ofs': 0.06, 'bb': 0.54, 'pay': 0.0, 'durum': 'kapali', 'gecikme_ms': None}, {'oi': 1, 'p': 0.03, 'ofs': 0.03, 'hedef_ofs': 0.03, 'bb': 0.54, 'pay': 0.0, 'durum': 'kapali', 'gecikme_ms': None}]
  [07:15:05] BOY: S=1789802100 klip=5.0 kol=A
  [07:15:06] pencere: sym=btc S=1789802100 kol=A tokens=[0, 1] emir=12 kabul=[7, 5] fiyatlar=[(0, 0.4, 0.4, 0.4), (0, 0.3, 0.3, 0.3), (0, 0.22, 0.22, 0.22), (0, 0.15, 0.15, 0.15), (0, 0.1, 0.1, 0.1), (0, 0.06, 0.06, 0.06), (0, 0.03, 0.03, 0.03), (1, 0.22, 0.22, 0.22), (1, 0.15, 0.15, 0.15), (1, 0.1, 0.1, 0.1), (1, 0.06, 0.06, 0.06), (1, 0.03, 0.03, 0.03)]
  [07:15:53] dolum: sym=btc S=1789802100 oi=1 p=0.22 ofset=0.22 yeni=5.0 toplam=5.0 kaynak=yoklama gecen_sn=53.9
  [07:16:07] dolum: sym=btc S=1789802100 oi=1 p=0.15 ofset=0.15 yeni=5.0 toplam=5.0 kaynak=yoklama gecen_sn=67.0
  [07:16:07] DENGE_SINIRI: sym=btc S=1789802100 agir=Down up=0.0 down=10.0 iptal=5 kalan_hafif=7
  [07:18:21] GEC_UCUZ_KESILDI: sym=btc S=1789802100 iptal=5 fiyatlar=[0.03, 0.06, 0.1, 0.15, 0.22] kalan_acik=2
  [07:18:36] maruziyet: acik_pozisyon=0 pazar=0 dis_risk=0.0
  [07:18:42] mutabakat: pnl=-21.54 yerel=-16.34 etkin=-21.54 pencere=141 risk=4.7 emir=1861 dolum=141 pay=2840.2 geri_cekilen=1 red=19
  [07:19:25] COZULDU: sym=btc S=1789801800 kol=A kazanan=0 pay=30.0 maliyet=7.85 pnl=-2.85 geri_cekildi=None emirler=[{'oi': 0, 'p': 0.4, 'ofs': 0.4, 'hedef_ofs': 0.4, 'bb': 0.51, 'pay': 5.0, 'durum': 'kapali', 'gecikme_ms': 118326}, {'oi': 0, 'p': 0.3, 'ofs': 0.3, 'hedef_ofs': 0.3, 'bb': 0.51, 'pay': 0.0, 'durum': 'kapali', 'gecikme_ms': None}, {'oi': 0, 'p': 0.22, 'ofs': 0.22, 'hedef_ofs': 0.22, 'bb': 0.51, 'pay': 0.0, 'durum': 'kapali', 'gecikme_ms': None}, {'oi': 0, 'p': 0.15, 'ofs': 0.15, 'hedef_ofs': 0.15, 'bb': 0.51, 'pay': 0.0, 'durum': 'kapali', 'gecikme_ms': None}, {'oi': 0, 'p': 0.1, 'ofs': 0.1, 'hedef_ofs': 0.1, 'bb': 0.51, 'pay': 0.0, 'durum': 'kapali', 'gecikme_ms': None}, {'oi': 0, 'p': 0.06, 'ofs': 0.06, 'hedef_ofs': 0.06, 'bb': 0.51, 'pay': 0.0, 'durum': 'kapali', 'gecikme_ms': None}, {'oi': 0, 'p': 0.03, 'ofs': 0.03, 'hedef_ofs': 0.03, 'bb': 0.51, 'pay': 0.0, 'durum': 'kapali', 'gecikme_ms': None}, {'oi': 1, 'p': 0.4, 'ofs': 0.4, 'hedef_ofs': 0.4, 'bb': 0.48, 'pay': 5.0, 'durum': 'kapali', 'gecikme_ms': 100264}, {'oi': 1, 'p': 0.3, 'ofs': 0.3, 'hedef_ofs': 0.3, 'bb': 0.48, 'pay': 5.0, 'durum': 'kapali', 'gecikme_ms': 157646}, {'oi': 1, 'p': 0.22, 'ofs': 0.22, 'hedef_ofs': 0.22, 'bb': 0.48, 'pay': 5.0, 'durum': 'kapali', 'gecikme_ms': 159498}, {'oi': 1, 'p': 0.15, 'ofs': 0.15, 'hedef_ofs': 0.15, 'bb': 0.48, 'pay': 5.0, 'durum': 'kapali', 'gecikme_ms': 159595}, {'oi': 1, 'p': 0.1, 'ofs': 0.1, 'hedef_ofs': 0.1, 'bb': 0.48, 'pay': 5.0, 'durum': 'kapali', 'gecikme_ms': 159697}, {'oi': 1, 'p': 0.06, 'ofs': 0.06, 'hedef_ofs': 0.06, 'bb': 0.48, 'pay': 0.0, 'durum': 'kapali', 'gecikme_ms': None}, {'oi': 1, 'p': 0.03, 'ofs': 0.03, 'hedef_ofs': 0.03, 'bb': 0.48, 'pay': 0.0, 'durum': 'kapali', 'gecikme_ms': None}]
  [07:20:05] BOY: S=1789802400 klip=5.0 kol=A
  [07:20:06] pencere: sym=btc S=1789802400 kol=A tokens=[0, 1] emir=11 kabul=[4, 7] fiyatlar=[(0, 0.15, 0.15, 0.15), (0, 0.1, 0.1, 0.1), (0, 0.06, 0.06, 0.06), (0, 0.03, 0.03, 0.03), (1, 0.4, 0.4, 0.4), (1, 0.3, 0.3, 0.3), (1, 0.22, 0.22, 0.22), (1, 0.15, 0.15, 0.15), (1, 0.1, 0.1, 0.1), (1, 0.06, 0.06, 0.06), (1, 0.03, 0.03, 0.03)]
  [07:21:10] dolum: sym=btc S=1789802400 oi=0 p=0.15 ofset=0.15 yeni=5.0 toplam=5.0 kaynak=yoklama gecen_sn=70.2
  [07:21:29] dolum: sym=btc S=1789802400 oi=0 p=0.1 ofset=0.1 yeni=5.0 toplam=5.0 kaynak=yoklama gecen_sn=89.6
  [07:21:29] dolum: sym=btc S=1789802400 oi=0 p=0.06 ofset=0.06 yeni=5.0 toplam=5.0 kaynak=yoklama gecen_sn=89.7
  [07:21:30] DENGE_SINIRI: sym=btc S=1789802400 agir=Up up=15.0 down=0.0 iptal=4 kalan_hafif=7
  [07:22:57] maruziyet: acik_pozisyon=0 pazar=0 dis_risk=0.0
  [07:23:03] mutabakat: pnl=-24.39 yerel=-19.19 etkin=-24.39 pencere=142 risk=3.4 emir=1872 dolum=142 pay=2870.2 geri_cekilen=1 red=19
  [07:23:21] GEC_UCUZ_KESILDI: sym=btc S=1789802400 iptal=5 fiyatlar=[0.03, 0.06, 0.1, 0.15, 0.22] kalan_acik=2
  [07:25:05] BOY: S=1789802700 klip=5.0 kol=A
  [07:25:06] pencere: sym=btc S=1789802700 kol=A tokens=[0, 1] emir=13 kabul=[6, 7] fiyatlar=[(0, 0.3, 0.3, 0.3), (0, 0.22, 0.22, 0.22), (0, 0.15, 0.15, 0.15), (0, 0.1, 0.1, 0.1), (0, 0.06, 0.06, 0.06), (0, 0.03, 0.03, 0.03), (1, 0.4, 0.4, 0.4), (1, 0.3, 0.3, 0.3), (1, 0.22, 0.22, 0.22), (1, 0.15, 0.15, 0.15), (1, 0.1, 0.1, 0.1), (1, 0.06, 0.06, 0.06), (1, 0.03, 0.03, 0.03)]
  [07:25:09] dolum: sym=btc S=1789802700 oi=1 p=0.4 ofset=0.4 yeni=5.0 toplam=5.0 kaynak=yoklama gecen_sn=9.7
  [07:25:26] COZULDU: sym=btc S=1789802100 kol=A kazanan=0 pay=10.0 maliyet=1.85 pnl=-1.85 geri_cekildi=None emirler=[{'oi': 0, 'p': 0.4, 'ofs': 0.4, 'hedef_ofs': 0.4, 'bb': 0.71, 'pay': 0.0, 'durum': 'kapali', 'gecikme_ms': None}, {'oi': 0, 'p': 0.3, 'ofs': 0.3, 'hedef_ofs': 0.3, 'bb': 0.71, 'pay': 0.0, 'durum': 'kapali', 'gecikme_ms': None}, {'oi': 0, 'p': 0.22, 'ofs': 0.22, 'hedef_ofs': 0.22, 'bb': 0.71, 'pay': 0.0, 'durum': 'kapali', 'gecikme_ms': None}, {'oi': 0, 'p': 0.15, 'ofs': 0.15, 'hedef_ofs': 0.15, 'bb': 0.71, 'pay': 0.0, 'durum': 'kapali', 'gecikme_ms': None}, {'oi': 0, 'p': 0.1, 'ofs': 0.1, 'hedef_ofs': 0.1, 'bb': 0.71, 'pay': 0.0, 'durum': 'kapali', 'gecikme_ms': None}, {'oi': 0, 'p': 0.06, 'ofs': 0.06, 'hedef_ofs': 0.06, 'bb': 0.71, 'pay': 0.0, 'durum': 'kapali', 'gecikme_ms': None}, {'oi': 0, 'p': 0.03, 'ofs': 0.03, 'hedef_ofs': 0.03, 'bb': 0.71, 'pay': 0.0, 'durum': 'kapali', 'gecikme_ms': None}, {'oi': 1, 'p': 0.22, 'ofs': 0.22, 'hedef_ofs': 0.22, 'bb': 0.28, 'pay': 5.0, 'durum': 'kapali', 'gecikme_ms': 47105}, {'oi': 1, 'p': 0.15, 'ofs': 0.15, 'hedef_ofs': 0.15, 'bb': 0.28, 'pay': 5.0, 'durum': 'kapali', 'gecikme_ms': 60235}, {'oi': 1, 'p': 0.1, 'ofs': 0.1, 'hedef_ofs': 0.1, 'bb': 0.28, 'pay': 0.0, 'durum': 'kapali', 'gecikme_ms': None}, {'oi': 1, 'p': 0.06, 'ofs': 0.06, 'hedef_ofs': 0.06, 'bb': 0.28, 'pay': 0.0, 'durum': 'kapali', 'gecikme_ms': None}, {'oi': 1, 'p': 0.03, 'ofs': 0.03, 'hedef_ofs': 0.03, 'bb': 0.28, 'pay': 0.0, 'durum': 'kapali', 'gecikme_ms': None}]
  [07:26:45] dolum: sym=btc S=1789802700 oi=0 p=0.3 ofset=0.3 yeni=5.0 toplam=5.0 kaynak=yoklama gecen_sn=105.4
  [07:26:45] dolum: sym=btc S=1789802700 oi=0 p=0.22 ofset=0.22 yeni=5.0 toplam=5.0 kaynak=yoklama gecen_sn=105.5
  [07:26:51] dolum: sym=btc S=1789802700 oi=0 p=0.15 ofset=0.15 yeni=5.0 toplam=5.0 kaynak=yoklama gecen_sn=111.2
  [07:26:52] DENGE_SINIRI: sym=btc S=1789802700 agir=Up up=15.0 down=5.0 iptal=6 kalan_hafif=7
  [07:27:17] maruziyet: acik_pozisyon=0 pazar=0 dis_risk=0.0
  [07:27:23] mutabakat: pnl=-26.24 yerel=-21.04 etkin=-26.24 pencere=143 risk=1.9 emir=1885 dolum=143 pay=2880.2 geri_cekilen=1 red=19
  [07:28:21] GEC_UCUZ_KESILDI: sym=btc S=1789802700 iptal=5 fiyatlar=[0.03, 0.06, 0.1, 0.15, 0.22] kalan_acik=2
  [07:30:05] BOY: S=1789803000 klip=5.0 kol=A
  [07:30:06] pencere: sym=btc S=1789803000 kol=A tokens=[0, 1] emir=12 kabul=[7, 5] fiyatlar=[(0, 0.4, 0.4, 0.4), (0, 0.3, 0.3, 0.3), (0, 0.22, 0.22, 0.22), (0, 0.15, 0.15, 0.15), (0, 0.1, 0.1, 0.1), (0, 0.06, 0.06, 0.06), (0, 0.03, 0.03, 0.03), (1, 0.22, 0.22, 0.22), (1, 0.15, 0.15, 0.15), (1, 0.1, 0.1, 0.1), (1, 0.06, 0.06, 0.06), (1, 0.03, 0.03, 0.03)]
  [07:30:23] dolum: sym=btc S=1789803000 oi=1 p=0.22 ofset=0.22 yeni=5.0 toplam=5.0 kaynak=yoklama gecen_sn=23.9
  [07:30:28] COZULDU: sym=btc S=1789802400 kol=A kazanan=1 pay=15.0 maliyet=1.55 pnl=-1.55 geri_cekildi=None emirler=[{'oi': 0, 'p': 0.15, 'ofs': 0.15, 'hedef_ofs': 0.15, 'bb': 0.25, 'pay': 5.0, 'durum': 'kapali', 'gecikme_ms': 63597}, {'oi': 0, 'p': 0.1, 'ofs': 0.1, 'hedef_ofs': 0.1, 'bb': 0.25, 'pay': 5.0, 'durum': 'kapali', 'gecikme_ms': 83026}, {'oi': 0, 'p': 0.06, 'ofs': 0.06, 'hedef_ofs': 0.06, 'bb': 0.25, 'pay': 5.0, 'durum': 'kapali', 'gecikme_ms': 83125}, {'oi': 0, 'p': 0.03, 'ofs': 0.03, 'hedef_ofs': 0.03, 'bb': 0.25, 'pay': 0.0, 'durum': 'kapali', 'gecikme_ms': None}, {'oi': 1, 'p': 0.4, 'ofs': 0.4, 'hedef_ofs': 0.4, 'bb': 0.74, 'pay': 0.0, 'durum': 'kapali', 'gecikme_ms': None}, {'oi': 1, 'p': 0.3, 'ofs': 0.3, 'hedef_ofs': 0.3, 'bb': 0.74, 'pay': 0.0, 'durum': 'kapali', 'gecikme_ms': None}, {'oi': 1, 'p': 0.22, 'ofs': 0.22, 'hedef_ofs': 0.22, 'bb': 0.74, 'pay': 0.0, 'durum': 'kapali', 'gecikme_ms': None}, {'oi': 1, 'p': 0.15, 'ofs': 0.15, 'hedef_ofs': 0.15, 'bb': 0.74, 'pay': 0.0, 'durum': 'kapali', 'gecikme_ms': None}, {'oi': 1, 'p': 0.1, 'ofs': 0.1, 'hedef_ofs': 0.1, 'bb': 0.74, 'pay': 0.0, 'durum': 'kapali', 'gecikme_ms': None}, {'oi': 1, 'p': 0.06, 'ofs': 0.06, 'hedef_ofs': 0.06, 'bb': 0.74, 'pay': 0.0, 'durum': 'kapali', 'gecikme_ms': None}, {'oi': 1, 'p': 0.03, 'ofs': 0.03, 'hedef_ofs': 0.03, 'bb': 0.74, 'pay': 0.0, 'durum': 'kapali', 'gecikme_ms': None}]
  [07:31:37] maruziyet: acik_pozisyon=0 pazar=0 dis_risk=0.0
  [07:31:43] mutabakat: pnl=-27.79 yerel=-22.59 etkin=-27.79 pencere=144 risk=3.15 emir=1897 dolum=144 pay=2895.2 geri_cekilen=1 red=19
  [07:31:44] dolum: sym=btc S=1789803000 oi=0 p=0.4 ofset=0.4 yeni=5.0 toplam=5.0 kaynak=yoklama gecen_sn=104.3
  [07:31:46] dolum: sym=btc S=1789803000 oi=0 p=0.3 ofset=0.3 yeni=5.0 toplam=5.0 kaynak=yoklama gecen_sn=106.0
  [07:31:47] dolum: sym=btc S=1789803000 oi=0 p=0.22 ofset=0.22 yeni=5.0 toplam=5.0 kaynak=yoklama gecen_sn=107.8
  [07:31:49] DENGE_SINIRI: sym=btc S=1789803000 agir=Up up=15.0 down=5.0 iptal=7 kalan_hafif=5
  [07:33:20] GEC_UCUZ_KESILDI: sym=btc S=1789803000 iptal=5 fiyatlar=[0.03, 0.06, 0.1, 0.15, 0.22] kalan_acik=0
  [07:35:01] COZULDU: sym=btc S=1789802700 kol=A kazanan=1 pay=20.0 maliyet=5.35 pnl=-0.35 geri_cekildi=None emirler=[{'oi': 0, 'p': 0.3, 'ofs': 0.3, 'hedef_ofs': 0.3, 'bb': 0.44, 'pay': 5.0, 'durum': 'kapali', 'gecikme_ms': 98771}, {'oi': 0, 'p': 0.22, 'ofs': 0.22, 'hedef_ofs': 0.22, 'bb': 0.44, 'pay': 5.0, 'durum': 'kapali', 'gecikme_ms': 98871}, {'oi': 0, 'p': 0.15, 'ofs': 0.15, 'hedef_ofs': 0.15, 'bb': 0.44, 'pay': 5.0, 'durum': 'kapali', 'gecikme_ms': 104546}, {'oi': 0, 'p': 0.1, 'ofs': 0.1, 'hedef_ofs': 0.1, 'bb': 0.44, 'pay': 0.0, 'durum': 'kapali', 'gecikme_ms': None}, {'oi': 0, 'p': 0.06, 'ofs': 0.06, 'hedef_ofs': 0.06, 'bb': 0.44, 'pay': 0.0, 'durum': 'kapali', 'gecikme_ms': None}, {'oi': 0, 'p': 0.03, 'ofs': 0.03, 'hedef_ofs': 0.03, 'bb': 0.44, 'pay': 0.0, 'durum': 'kapali', 'gecikme_ms': None}, {'oi': 1, 'p': 0.4, 'ofs': 0.4, 'hedef_ofs': 0.4, 'bb': 0.55, 'pay': 5.0, 'durum': 'kapali', 'gecikme_ms': 3060}, {'oi': 1, 'p': 0.3, 'ofs': 0.3, 'hedef_ofs': 0.3, 'bb': 0.55, 'pay': 0.0, 'durum': 'kapali', 'gecikme_ms': None}, {'oi': 1, 'p': 0.22, 'ofs': 0.22, 'hedef_ofs': 0.22, 'bb': 0.55, 'pay': 0.0, 'durum': 'kapali', 'gecikme_ms': None}, {'oi': 1, 'p': 0.15, 'ofs': 0.15, 'hedef_ofs': 0.15, 'bb': 0.55, 'pay': 0.0, 'durum': 'kapali', 'gecikme_ms': None}, {'oi': 1, 'p': 0.1, 'ofs': 0.1, 'hedef_ofs': 0.1, 'bb': 0.55, 'pay': 0.0, 'durum': 'kapali', 'gecikme_ms': None}, {'oi': 1, 'p': 0.06, 'ofs': 0.06, 'hedef_ofs': 0.06, 'bb': 0.55, 'pay': 0.0, 'durum': 'kapali', 'gecikme_ms': None}, {'oi': 1, 'p': 0.03, 'ofs': 0.03, 'hedef_ofs': 0.03, 'bb': 0.55, 'pay': 0.0, 'durum': 'kapali', 'gecikme_ms': None}]
  [07:35:06] BOY: S=1789803300 klip=5.0 kol=A
  [07:35:10] pencere: sym=btc S=1789803300 kol=A tokens=[0, 1] emir=11 kabul=[4, 7] fiyatlar=[(0, 0.15, 0.15, 0.15), (0, 0.1, 0.1, 0.1), (0, 0.06, 0.06, 0.06), (0, 0.03, 0.03, 0.03), (1, 0.4, 0.4, 0.4), (1, 0.3, 0.3, 0.3), (1, 0.22, 0.22, 0.22), (1, 0.15, 0.15, 0.15), (1, 0.1, 0.1, 0.1), (1, 0.06, 0.06, 0.06), (1, 0.03, 0.03, 0.03)]
  [07:36:00] maruziyet: acik_pozisyon=0 pazar=0 dis_risk=0.0
  [07:36:06] mutabakat: pnl=-28.14 yerel=-22.94 etkin=-28.14 pencere=145 risk=7.0 emir=1908 dolum=145 pay=2915.2 geri_cekilen=1 red=19
  [07:36:16] dolum: sym=btc S=1789803300 oi=0 p=0.15 ofset=0.15 yeni=5.0 toplam=5.0 kaynak=yoklama gecen_sn=76.1
  [07:36:30] dolum: sym=btc S=1789803300 oi=0 p=0.1 ofset=0.1 yeni=5.0 toplam=5.0 kaynak=yoklama gecen_sn=90.3
  [07:36:31] DENGE_SINIRI: sym=btc S=1789803300 agir=Up up=10.0 down=0.0 iptal=4 kalan_hafif=7
  [07:38:21] GEC_UCUZ_KESILDI: sym=btc S=1789803300 iptal=5 fiyatlar=[0.03, 0.06, 0.1, 0.15, 0.22] kalan_acik=2
  [07:40:06] BOY: S=1789803600 klip=5.0 kol=A
  [07:40:06] pencere: sym=btc S=1789803600 kol=A tokens=[0, 1] emir=14 kabul=[7, 7] fiyatlar=[(0, 0.4, 0.4, 0.4), (0, 0.3, 0.3, 0.3), (0, 0.22, 0.22, 0.22), (0, 0.15, 0.15, 0.15), (0, 0.1, 0.1, 0.1), (0, 0.06, 0.06, 0.06), (0, 0.03, 0.03, 0.03), (1, 0.4, 0.4, 0.4), (1, 0.3, 0.3, 0.3), (1, 0.22, 0.22, 0.22), (1, 0.15, 0.15, 0.15), (1, 0.1, 0.1, 0.1), (1, 0.06, 0.06, 0.06), (1, 0.03, 0.03, 0.03)]
  [07:40:06] COZULDU: sym=btc S=1789803000 kol=A kazanan=0 pay=20.0 maliyet=5.7 pnl=9.3 geri_cekildi=None emirler=[{'oi': 0, 'p': 0.4, 'ofs': 0.4, 'hedef_ofs': 0.4, 'bb': 0.72, 'pay': 5.0, 'durum': 'kapali', 'gecikme_ms': 97778}, {'oi': 0, 'p': 0.3, 'ofs': 0.3, 'hedef_ofs': 0.3, 'bb': 0.72, 'pay': 5.0, 'durum': 'kapali', 'gecikme_ms': 99548}, {'oi': 0, 'p': 0.22, 'ofs': 0.22, 'hedef_ofs': 0.22, 'bb': 0.72, 'pay': 5.0, 'durum': 'kapali', 'gecikme_ms': 101339}, {'oi': 0, 'p': 0.15, 'ofs': 0.15, 'hedef_ofs': 0.15, 'bb': 0.72, 'pay': 0.0, 'durum': 'kapali', 'gecikme_ms': None}, {'oi': 0, 'p': 0.1, 'ofs': 0.1, 'hedef_ofs': 0.1, 'bb': 0.72, 'pay': 0.0, 'durum': 'kapali', 'gecikme_ms': None}, {'oi': 0, 'p': 0.06, 'ofs': 0.06, 'hedef_ofs': 0.06, 'bb': 0.72, 'pay': 0.0, 'durum': 'kapali', 'gecikme_ms': None}, {'oi': 0, 'p': 0.03, 'ofs': 0.03, 'hedef_ofs': 0.03, 'bb': 0.72, 'pay': 0.0, 'durum': 'kapali', 'gecikme_ms': None}, {'oi': 1, 'p': 0.22, 'ofs': 0.22, 'hedef_ofs': 0.22, 'bb': 0.27, 'pay': 5.0, 'durum': 'kapali', 'gecikme_ms': 17408}, {'oi': 1, 'p': 0.15, 'ofs': 0.15, 'hedef_ofs': 0.15, 'bb': 0.27, 'pay': 0.0, 'durum': 'kapali', 'gecikme_ms': None}, {'oi': 1, 'p': 0.1, 'ofs': 0.1, 'hedef_ofs': 0.1, 'bb': 0.27, 'pay': 0.0, 'durum': 'kapali', 'gecikme_ms': None}, {'oi': 1, 'p': 0.06, 'ofs': 0.06, 'hedef_ofs': 0.06, 'bb': 0.27, 'pay': 0.0, 'durum': 'kapali', 'gecikme_ms': None}, {'oi': 1, 'p': 0.03, 'ofs': 0.03, 'hedef_ofs': 0.03, 'bb': 0.27, 'pay': 0.0, 'durum': 'kapali', 'gecikme_ms': None}]
  [07:40:20] maruziyet: acik_pozisyon=0 pazar=0 dis_risk=0.0
  [07:40:26] mutabakat: pnl=-18.84 yerel=-13.64 etkin=-18.84 pencere=146 risk=7.55 emir=1922 dolum=146 pay=2935.2 geri_cekilen=1 red=19
  [07:40:47] dolum: sym=btc S=1789803600 oi=1 p=0.4 ofset=0.4 yeni=5.0 toplam=5.0 kaynak=yoklama gecen_sn=47.2
  [07:40:47] dolum: sym=btc S=1789803600 oi=1 p=0.3 ofset=0.3 yeni=5.0 toplam=5.0 kaynak=yoklama gecen_sn=47.3
  [07:40:48] DENGE_SINIRI: sym=btc S=1789803600 agir=Down up=0.0 down=10.0 iptal=7 kalan_hafif=7
  [07:43:21] GEC_UCUZ_KESILDI: sym=btc S=1789803600 iptal=5 fiyatlar=[0.03, 0.06, 0.1, 0.15, 0.22] kalan_acik=2
  [07:44:40] maruziyet: acik_pozisyon=0 pazar=0 dis_risk=0.0
  [07:44:46] mutabakat: pnl=-18.84 yerel=-13.64 etkin=-18.84 pencere=146 risk=4.75 emir=1922 dolum=146 pay=2935.2 geri_cekilen=1 red=19
  [07:45:05] BOY: S=1789803900 klip=5.0 kol=A
  [07:45:10] pencere: sym=btc S=1789803900 kol=A tokens=[0, 1] emir=13 kabul=[7, 6] fiyatlar=[(0, 0.4, 0.4, 0.4), (0, 0.3, 0.3, 0.3), (0, 0.22, 0.22, 0.22), (0, 0.15, 0.15, 0.15), (0, 0.1, 0.1, 0.1), (0, 0.06, 0.06, 0.06), (0, 0.03, 0.03, 0.03), (1, 0.3, 0.3, 0.3), (1, 0.22, 0.22, 0.22), (1, 0.15, 0.15, 0.15), (1, 0.1, 0.1, 0.1), (1, 0.06, 0.06, 0.06), (1, 0.03, 0.03, 0.03)]
  [07:45:10] COZULDU: sym=btc S=1789803300 kol=A kazanan=1 pay=10.0 maliyet=1.25 pnl=-1.25 geri_cekildi=None emirler=[{'oi': 0, 'p': 0.15, 'ofs': 0.15, 'hedef_ofs': 0.15, 'bb': 0.26, 'pay': 5.0, 'durum': 'kapali', 'gecikme_ms': 66073}, {'oi': 0, 'p': 0.1, 'ofs': 0.1, 'hedef_ofs': 0.1, 'bb': 0.26, 'pay': 5.0, 'durum': 'kapali', 'gecikme_ms': 80218}, {'oi': 0, 'p': 0.06, 'ofs': 0.06, 'hedef_ofs': 0.06, 'bb': 0.26, 'pay': 0.0, 'durum': 'kapali', 'gecikme_ms': None}, {'oi': 0, 'p': 0.03, 'ofs': 0.03, 'hedef_ofs': 0.03, 'bb': 0.26, 'pay': 0.0, 'durum': 'kapali', 'gecikme_ms': None}, {'oi': 1, 'p': 0.4, 'ofs': 0.4, 'hedef_ofs': 0.4, 'bb': 0.73, 'pay': 0.0, 'durum': 'kapali', 'gecikme_ms': None}, {'oi': 1, 'p': 0.3, 'ofs': 0.3, 'hedef_ofs': 0.3, 'bb': 0.73, 'pay': 0.0, 'durum': 'kapali', 'gecikme_ms': None}, {'oi': 1, 'p': 0.22, 'ofs': 0.22, 'hedef_ofs': 0.22, 'bb': 0.73, 'pay': 0.0, 'durum': 'kapali', 'gecikme_ms': None}, {'oi': 1, 'p': 0.15, 'ofs': 0.15, 'hedef_ofs': 0.15, 'bb': 0.73, 'pay': 0.0, 'durum': 'kapali', 'gecikme_ms': None}, {'oi': 1, 'p': 0.1, 'ofs': 0.1, 'hedef_ofs': 0.1, 'bb': 0.73, 'pay': 0.0, 'durum': 'kapali', 'gecikme_ms': None}, {'oi': 1, 'p': 0.06, 'ofs': 0.06, 'hedef_ofs': 0.06, 'bb': 0.73, 'pay': 0.0, 'durum': 'kapali', 'gecikme_ms': None}, {'oi': 1, 'p': 0.03, 'ofs': 0.03, 'hedef_ofs': 0.03, 'bb': 0.73, 'pay': 0.0, 'durum': 'kapali', 'gecikme_ms': None}]
  [07:45:40] dolum: sym=btc S=1789803900 oi=0 p=0.4 ofset=0.4 yeni=5.0 toplam=5.0 kaynak=yoklama gecen_sn=40.7
  [07:46:34] dolum: sym=btc S=1789803900 oi=0 p=0.3 ofset=0.3 yeni=5.0 toplam=5.0 kaynak=yoklama gecen_sn=94.1
  [07:46:35] DENGE_SINIRI: sym=btc S=1789803900 agir=Up up=10.0 down=0.0 iptal=7 kalan_hafif=6
  [07:48:20] GEC_UCUZ_KESILDI: sym=btc S=1789803900 iptal=5 fiyatlar=[0.03, 0.06, 0.1, 0.15, 0.22] kalan_acik=1
  [07:49:01] maruziyet: acik_pozisyon=0 pazar=0 dis_risk=0.0
  [07:49:07] mutabakat: pnl=-20.09 yerel=-14.89 etkin=-20.09 pencere=147 risk=7.0 emir=1935 dolum=147 pay=2945.2 geri_cekilen=1 red=19
  [07:50:06] BOY: S=1789804200 klip=5.0 kol=A
  [07:50:06] pencere: sym=btc S=1789804200 kol=A tokens=[0, 1] emir=13 kabul=[7, 6] fiyatlar=[(0, 0.4, 0.4, 0.4), (0, 0.3, 0.3, 0.3), (0, 0.22, 0.22, 0.22), (0, 0.15, 0.15, 0.15), (0, 0.1, 0.1, 0.1), (0, 0.06, 0.06, 0.06), (0, 0.03, 0.03, 0.03), (1, 0.3, 0.3, 0.3), (1, 0.22, 0.22, 0.22), (1, 0.15, 0.15, 0.15), (1, 0.1, 0.1, 0.1), (1, 0.06, 0.06, 0.06), (1, 0.03, 0.03, 0.03)]
  [07:50:06] COZULDU: sym=btc S=1789803600 kol=A kazanan=0 pay=10.0 maliyet=3.5 pnl=-3.5 geri_cekildi=None emirler=[{'oi': 0, 'p': 0.4, 'ofs': 0.4, 'hedef_ofs': 0.4, 'bb': 0.51, 'pay': 0.0, 'durum': 'kapali', 'gecikme_ms': None}, {'oi': 0, 'p': 0.3, 'ofs': 0.3, 'hedef_ofs': 0.3, 'bb': 0.51, 'pay': 0.0, 'durum': 'kapali', 'gecikme_ms': None}, {'oi': 0, 'p': 0.22, 'ofs': 0.22, 'hedef_ofs': 0.22, 'bb': 0.51, 'pay': 0.0, 'durum': 'kapali', 'gecikme_ms': None}, {'oi': 0, 'p': 0.15, 'ofs': 0.15, 'hedef_ofs': 0.15, 'bb': 0.51, 'pay': 0.0, 'durum': 'kapali', 'gecikme_ms': None}, {'oi': 0, 'p': 0.1, 'ofs': 0.1, 'hedef_ofs': 0.1, 'bb': 0.51, 'pay': 0.0, 'durum': 'kapali', 'gecikme_ms': None}, {'oi': 0, 'p': 0.06, 'ofs': 0.06, 'hedef_ofs': 0.06, 'bb': 0.51, 'pay': 0.0, 'durum': 'kapali', 'gecikme_ms': None}, {'oi': 0, 'p': 0.03, 'ofs': 0.03, 'hedef_ofs': 0.03, 'bb': 0.51, 'pay': 0.0, 'durum': 'kapali', 'gecikme_ms': None}, {'oi': 1, 'p': 0.4, 'ofs': 0.4, 'hedef_ofs': 0.4, 'bb': 0.48, 'pay': 5.0, 'durum': 'kapali', 'gecikme_ms': 40490}, {'oi': 1, 'p': 0.3, 'ofs': 0.3, 'hedef_ofs': 0.3, 'bb': 0.48, 'pay': 5.0, 'durum': 'kapali', 'gecikme_ms': 40590}, {'oi': 1, 'p': 0.22, 'ofs': 0.22, 'hedef_ofs': 0.22, 'bb': 0.48, 'pay': 0.0, 'durum': 'kapali', 'gecikme_ms': None}, {'oi': 1, 'p': 0.15, 'ofs': 0.15, 'hedef_ofs': 0.15, 'bb': 0.48, 'pay': 0.0, 'durum': 'kapali', 'gecikme_ms': None}, {'oi': 1, 'p': 0.1, 'ofs': 0.1, 'hedef_ofs': 0.1, 'bb': 0.48, 'pay': 0.0, 'durum': 'kapali', 'gecikme_ms': None}, {'oi': 1, 'p': 0.06, 'ofs': 0.06, 'hedef_ofs': 0.06, 'bb': 0.48, 'pay': 0.0, 'durum': 'kapali', 'gecikme_ms': None}, {'oi': 1, 'p': 0.03, 'ofs': 0.03, 'hedef_ofs': 0.03, 'bb': 0.48, 'pay': 0.0, 'durum': 'kapali', 'gecikme_ms': None}]
  [07:51:00] dolum: sym=btc S=1789804200 oi=1 p=0.3 ofset=0.3 yeni=5.0 toplam=5.0 kaynak=yoklama gecen_sn=60.6
  [07:51:24] dolum: sym=btc S=1789804200 oi=1 p=0.22 ofset=0.22 yeni=5.0 toplam=5.0 kaynak=yoklama gecen_sn=84.4
  [07:51:25] DENGE_SINIRI: sym=btc S=1789804200 agir=Down up=0.0 down=10.0 iptal=6 kalan_hafif=7
  [07:53:20] GEC_UCUZ_KESILDI: sym=btc S=1789804200 iptal=5 fiyatlar=[0.03, 0.06, 0.1, 0.15, 0.22] kalan_acik=2
  [07:53:21] maruziyet: acik_pozisyon=0 pazar=0 dis_risk=0.0
  [07:53:27] mutabakat: pnl=-23.59 yerel=-18.39 etkin=-23.59 pencere=148 risk=6.1 emir=1948 dolum=148 pay=2955.2 geri_cekilen=1 red=19
  [07:55:06] BOY: S=1789804500 klip=5.0 kol=A
  [07:55:06] pencere: sym=btc S=1789804500 kol=A tokens=[0, 1] emir=12 kabul=[7, 5] fiyatlar=[(0, 0.4, 0.4, 0.4), (0, 0.3, 0.3, 0.3), (0, 0.22, 0.22, 0.22), (0, 0.15, 0.15, 0.15), (0, 0.1, 0.1, 0.1), (0, 0.06, 0.06, 0.06), (0, 0.03, 0.03, 0.03), (1, 0.22, 0.22, 0.22), (1, 0.15, 0.15, 0.15), (1, 0.1, 0.1, 0.1), (1, 0.06, 0.06, 0.06), (1, 0.03, 0.03, 0.03)]
  [07:55:20] dolum: sym=btc S=1789804500 oi=1 p=0.22 ofset=0.22 yeni=4.996 toplam=4.996 kaynak=yoklama gecen_sn=20.9
  [07:55:36] COZULDU: sym=btc S=1789803900 kol=A kazanan=1 pay=10.0 maliyet=3.5 pnl=-3.5 geri_cekildi=None emirler=[{'oi': 0, 'p': 0.4, 'ofs': 0.4, 'hedef_ofs': 0.4, 'bb': 0.55, 'pay': 5.0, 'durum': 'kapali', 'gecikme_ms': 30194}, {'oi': 0, 'p': 0.3, 'ofs': 0.3, 'hedef_ofs': 0.3, 'bb': 0.55, 'pay': 5.0, 'durum': 'kapali', 'gecikme_ms': 83503}, {'oi': 0, 'p': 0.22, 'ofs': 0.22, 'hedef_ofs': 0.22, 'bb': 0.55, 'pay': 0.0, 'durum': 'kapali', 'gecikme_ms': None}, {'oi': 0, 'p': 0.15, 'ofs': 0.15, 'hedef_ofs': 0.15, 'bb': 0.55, 'pay': 0.0, 'durum': 'kapali', 'gecikme_ms': None}, {'oi': 0, 'p': 0.1, 'ofs': 0.1, 'hedef_ofs': 0.1, 'bb': 0.55, 'pay': 0.0, 'durum': 'kapali', 'gecikme_ms': None}, {'oi': 0, 'p': 0.06, 'ofs': 0.06, 'hedef_ofs': 0.06, 'bb': 0.55, 'pay': 0.0, 'durum': 'kapali', 'gecikme_ms': None}, {'oi': 0, 'p': 0.03, 'ofs': 0.03, 'hedef_ofs': 0.03, 'bb': 0.55, 'pay': 0.0, 'durum': 'kapali', 'gecikme_ms': None}, {'oi': 1, 'p': 0.3, 'ofs': 0.3, 'hedef_ofs': 0.3, 'bb': 0.44, 'pay': 0.0, 'durum': 'kapali', 'gecikme_ms': None}, {'oi': 1, 'p': 0.22, 'ofs': 0.22, 'hedef_ofs': 0.22, 'bb': 0.44, 'pay': 0.0, 'durum': 'kapali', 'gecikme_ms': None}, {'oi': 1, 'p': 0.15, 'ofs': 0.15, 'hedef_ofs': 0.15, 'bb': 0.44, 'pay': 0.0, 'durum': 'kapali', 'gecikme_ms': None}, {'oi': 1, 'p': 0.1, 'ofs': 0.1, 'hedef_ofs': 0.1, 'bb': 0.44, 'pay': 0.0, 'durum': 'kapali', 'gecikme_ms': None}, {'oi': 1, 'p': 0.06, 'ofs': 0.06, 'hedef_ofs': 0.06, 'bb': 0.44, 'pay': 0.0, 'durum': 'kapali', 'gecikme_ms': None}, {'oi': 1, 'p': 0.03, 'ofs': 0.03, 'hedef_ofs': 0.03, 'bb': 0.44, 'pay': 0.0, 'durum': 'kapali', 'gecikme_ms': None}]
  [07:56:03] dolum: sym=btc S=1789804500 oi=1 p=0.15 ofset=0.15 yeni=5.0 toplam=5.0 kaynak=yoklama gecen_sn=63.8
  [07:56:04] DENGE_SINIRI: sym=btc S=1789804500 agir=Down up=0.0 down=10.0 iptal=5 kalan_hafif=7
  [07:57:41] maruziyet: acik_pozisyon=0 pazar=0 dis_risk=0.0
  [07:57:47] mutabakat: pnl=-27.09 yerel=-21.89 etkin=-27.09 pencere=149 risk=4.45 emir=1960 dolum=149 pay=2965.2 geri_cekilen=1 red=19
  [07:58:20] GEC_UCUZ_KESILDI: sym=btc S=1789804500 iptal=5 fiyatlar=[0.03, 0.06, 0.1, 0.15, 0.22] kalan_acik=2
  [08:00:05] BOY: S=1789804800 klip=5.0 kol=A
  [08:00:06] pencere: sym=btc S=1789804800 kol=A tokens=[0, 1] emir=14 kabul=[7, 7] fiyatlar=[(0, 0.4, 0.4, 0.4), (0, 0.3, 0.3, 0.3), (0, 0.22, 0.22, 0.22), (0, 0.15, 0.15, 0.15), (0, 0.1, 0.1, 0.1), (0, 0.06, 0.06, 0.06), (0, 0.03, 0.03, 0.03), (1, 0.4, 0.4, 0.4), (1, 0.3, 0.3, 0.3), (1, 0.22, 0.22, 0.22), (1, 0.15, 0.15, 0.15), (1, 0.1, 0.1, 0.1), (1, 0.06, 0.06, 0.06), (1, 0.03, 0.03, 0.03)]
  [08:00:13] dolum: sym=btc S=1789804800 oi=1 p=0.4 ofset=0.4 yeni=5.0 toplam=5.0 kaynak=yoklama gecen_sn=13.0
  [08:00:50] COZULDU: sym=btc S=1789804200 kol=A kazanan=0 pay=10.0 maliyet=2.6 pnl=-2.6 geri_cekildi=None emirler=[{'oi': 0, 'p': 0.4, 'ofs': 0.4, 'hedef_ofs': 0.4, 'bb': 0.63, 'pay': 0.0, 'durum': 'kapali', 'gecikme_ms': None}, {'oi': 0, 'p': 0.3, 'ofs': 0.3, 'hedef_ofs': 0.3, 'bb': 0.63, 'pay': 0.0, 'durum': 'kapali', 'gecikme_ms': None}, {'oi': 0, 'p': 0.22, 'ofs': 0.22, 'hedef_ofs': 0.22, 'bb': 0.63, 'pay': 0.0, 'durum': 'kapali', 'gecikme_ms': None}, {'oi': 0, 'p': 0.15, 'ofs': 0.15, 'hedef_ofs': 0.15, 'bb': 0.63, 'pay': 0.0, 'durum': 'kapali', 'gecikme_ms': None}, {'oi': 0, 'p': 0.1, 'ofs': 0.1, 'hedef_ofs': 0.1, 'bb': 0.63, 'pay': 0.0, 'durum': 'kapali', 'gecikme_ms': None}, {'oi': 0, 'p': 0.06, 'ofs': 0.06, 'hedef_ofs': 0.06, 'bb': 0.63, 'pay': 0.0, 'durum': 'kapali', 'gecikme_ms': None}, {'oi': 0, 'p': 0.03, 'ofs': 0.03, 'hedef_ofs': 0.03, 'bb': 0.63, 'pay': 0.0, 'durum': 'kapali', 'gecikme_ms': None}, {'oi': 1, 'p': 0.3, 'ofs': 0.3, 'hedef_ofs': 0.3, 'bb': 0.36, 'pay': 5.0, 'durum': 'kapali', 'gecikme_ms': 53792}, {'oi': 1, 'p': 0.22, 'ofs': 0.22, 'hedef_ofs': 0.22, 'bb': 0.36, 'pay': 5.0, 'durum': 'kapali', 'gecikme_ms': 77640}, {'oi': 1, 'p': 0.15, 'ofs': 0.15, 'hedef_ofs': 0.15, 'bb': 0.36, 'pay': 0.0, 'durum': 'kapali', 'gecikme_ms': None}, {'oi': 1, 'p': 0.1, 'ofs': 0.1, 'hedef_ofs': 0.1, 'bb': 0.36, 'pay': 0.0, 'durum': 'kapali', 'gecikme_ms': None}, {'oi': 1, 'p': 0.06, 'ofs': 0.06, 'hedef_ofs': 0.06, 'bb': 0.36, 'pay': 0.0, 'durum': 'kapali', 'gecikme_ms': None}, {'oi': 1, 'p': 0.03, 'ofs': 0.03, 'hedef_ofs': 0.03, 'bb': 0.36, 'pay': 0.0, 'durum': 'kapali', 'gecikme_ms': None}]
  [08:00:57] dolum: sym=btc S=1789804800 oi=0 p=0.4 ofset=0.4 yeni=5.0 toplam=5.0 kaynak=yoklama gecen_sn=57.1
  [08:01:02] dolum: sym=btc S=1789804800 oi=0 p=0.3 ofset=0.3 yeni=5.0 toplam=5.0 kaynak=yoklama gecen_sn=62.5
  [08:01:02] dolum: sym=btc S=1789804800 oi=0 p=0.22 ofset=0.22 yeni=5.0 toplam=5.0 kaynak=yoklama gecen_sn=62.6
  [08:01:04] DENGE_SINIRI: sym=btc S=1789804800 agir=Up up=15.0 down=5.0 iptal=7 kalan_hafif=7
  [08:02:04] maruziyet: acik_pozisyon=0 pazar=0 dis_risk=0.0
  [08:02:10] mutabakat: pnl=-29.69 yerel=-24.49 etkin=-29.69 pencere=150 risk=3.45 emir=1974 dolum=150 pay=2975.2 geri_cekilen=1 red=19
  [08:03:21] GEC_UCUZ_KESILDI: sym=btc S=1789804800 iptal=5 fiyatlar=[0.03, 0.06, 0.1, 0.15, 0.22] kalan_acik=2
  [08:05:05] BOY: S=1789805100 klip=5.0 kol=A
  [08:05:06] pencere: sym=btc S=1789805100 kol=A tokens=[0, 1] emir=12 kabul=[7, 5] fiyatlar=[(0, 0.4, 0.4, 0.4), (0, 0.3, 0.3, 0.3), (0, 0.22, 0.22, 0.22), (0, 0.15, 0.15, 0.15), (0, 0.1, 0.1, 0.1), (0, 0.06, 0.06, 0.06), (0, 0.03, 0.03, 0.03), (1, 0.22, 0.22, 0.22), (1, 0.15, 0.15, 0.15), (1, 0.1, 0.1, 0.1), (1, 0.06, 0.06, 0.06), (1, 0.03, 0.03, 0.03)]
  [08:05:12] COZULDU: sym=btc S=1789804500 kol=A kazanan=0 pay=10.0 maliyet=1.85 pnl=-1.85 geri_cekildi=None emirler=[{'oi': 0, 'p': 0.4, 'ofs': 0.4, 'hedef_ofs': 0.4, 'bb': 0.71, 'pay': 0.0, 'durum': 'kapali', 'gecikme_ms': None}, {'oi': 0, 'p': 0.3, 'ofs': 0.3, 'hedef_ofs': 0.3, 'bb': 0.71, 'pay': 0.0, 'durum': 'kapali', 'gecikme_ms': None}, {'oi': 0, 'p': 0.22, 'ofs': 0.22, 'hedef_ofs': 0.22, 'bb': 0.71, 'pay': 0.0, 'durum': 'kapali', 'gecikme_ms': None}, {'oi': 0, 'p': 0.15, 'ofs': 0.15, 'hedef_ofs': 0.15, 'bb': 0.71, 'pay': 0.0, 'durum': 'kapali', 'gecikme_ms': None}, {'oi': 0, 'p': 0.1, 'ofs': 0.1, 'hedef_ofs': 0.1, 'bb': 0.71, 'pay': 0.0, 'durum': 'kapali', 'gecikme_ms': None}, {'oi': 0, 'p': 0.06, 'ofs': 0.06, 'hedef_ofs': 0.06, 'bb': 0.71, 'pay': 0.0, 'durum': 'kapali', 'gecikme_ms': None}, {'oi': 0, 'p': 0.03, 'ofs': 0.03, 'hedef_ofs': 0.03, 'bb': 0.71, 'pay': 0.0, 'durum': 'kapali', 'gecikme_ms': None}, {'oi': 1, 'p': 0.22, 'ofs': 0.22, 'hedef_ofs': 0.22, 'bb': 0.28, 'pay': 5.0, 'durum': 'kapali', 'gecikme_ms': 14112}, {'oi': 1, 'p': 0.15, 'ofs': 0.15, 'hedef_ofs': 0.15, 'bb': 0.28, 'pay': 5.0, 'durum': 'kapali', 'gecikme_ms': 56994}, {'oi': 1, 'p': 0.1, 'ofs': 0.1, 'hedef_ofs': 0.1, 'bb': 0.28, 'pay': 0.0, 'durum': 'kapali', 'gecikme_ms': None}, {'oi': 1, 'p': 0.06, 'ofs': 0.06, 'hedef_ofs': 0.06, 'bb': 0.28, 'pay': 0.0, 'durum': 'kapali', 'gecikme_ms': None}, {'oi': 1, 'p': 0.03, 'ofs': 0.03, 'hedef_ofs': 0.03, 'bb': 0.28, 'pay': 0.0, 'durum': 'kapali', 'gecikme_ms': None}]
  [08:06:25] maruziyet: acik_pozisyon=0 pazar=0 dis_risk=0.0
  [08:06:30] mutabakat: pnl=-31.54 yerel=-26.33 etkin=-31.54 pencere=151 risk=7.9 emir=1986 dolum=151 pay=2985.2 geri_cekilen=1 red=19
  [08:07:03] dolum: sym=btc S=1789805100 oi=1 p=0.22 ofset=0.22 yeni=5.0 toplam=5.0 kaynak=yoklama gecen_sn=123.5
  [08:07:03] dolum: sym=btc S=1789805100 oi=1 p=0.15 ofset=0.15 yeni=5.0 toplam=5.0 kaynak=yoklama gecen_sn=123.6
  [08:07:04] DENGE_SINIRI: sym=btc S=1789805100 agir=Down up=0.0 down=10.0 iptal=5 kalan_hafif=7
  [08:08:21] GEC_UCUZ_KESILDI: sym=btc S=1789805100 iptal=5 fiyatlar=[0.03, 0.06, 0.1, 0.15, 0.22] kalan_acik=2
  [08:10:06] BOY: S=1789805400 klip=5.0 kol=A
  [08:10:07] pencere: sym=btc S=1789805400 kol=A tokens=[0, 1] emir=13 kabul=[7, 6] fiyatlar=[(0, 0.4, 0.4, 0.4), (0, 0.3, 0.3, 0.3), (0, 0.22, 0.22, 0.22), (0, 0.15, 0.15, 0.15), (0, 0.1, 0.1, 0.1), (0, 0.06, 0.06, 0.06), (0, 0.03, 0.03, 0.03), (1, 0.3, 0.3, 0.3), (1, 0.22, 0.22, 0.22), (1, 0.15, 0.15, 0.15), (1, 0.1, 0.1, 0.1), (1, 0.06, 0.06, 0.06), (1, 0.03, 0.03, 0.03)]
  [08:10:44] COZULDU: sym=btc S=1789804800 kol=A kazanan=1 pay=20.0 maliyet=6.6 pnl=-1.6 geri_cekildi=None emirler=[{'oi': 0, 'p': 0.4, 'ofs': 0.4, 'hedef_ofs': 0.4, 'bb': 0.49, 'pay': 5.0, 'durum': 'kapali', 'gecikme_ms': 50551}, {'oi': 0, 'p': 0.3, 'ofs': 0.3, 'hedef_ofs': 0.3, 'bb': 0.49, 'pay': 5.0, 'durum': 'kapali', 'gecikme_ms': 55895}, {'oi': 0, 'p': 0.22, 'ofs': 0.22, 'hedef_ofs': 0.22, 'bb': 0.49, 'pay': 5.0, 'durum': 'kapali', 'gecikme_ms': 56000}, {'oi': 0, 'p': 0.15, 'ofs': 0.15, 'hedef_ofs': 0.15, 'bb': 0.49, 'pay': 0.0, 'durum': 'kapali', 'gecikme_ms': None}, {'oi': 0, 'p': 0.1, 'ofs': 0.1, 'hedef_ofs': 0.1, 'bb': 0.49, 'pay': 0.0, 'durum': 'kapali', 'gecikme_ms': None}, {'oi': 0, 'p': 0.06, 'ofs': 0.06, 'hedef_ofs': 0.06, 'bb': 0.49, 'pay': 0.0, 'durum': 'kapali', 'gecikme_ms': None}, {'oi': 0, 'p': 0.03, 'ofs': 0.03, 'hedef_ofs': 0.03, 'bb': 0.49, 'pay': 0.0, 'durum': 'kapali', 'gecikme_ms': None}, {'oi': 1, 'p': 0.4, 'ofs': 0.4, 'hedef_ofs': 0.4, 'bb': 0.5, 'pay': 5.0, 'durum': 'kapali', 'gecikme_ms': 6414}, {'oi': 1, 'p': 0.3, 'ofs': 0.3, 'hedef_ofs': 0.3, 'bb': 0.5, 'pay': 0.0, 'durum': 'kapali', 'gecikme_ms': None}, {'oi': 1, 'p': 0.22, 'ofs': 0.22, 'hedef_ofs': 0.22, 'bb': 0.5, 'pay': 0.0, 'durum': 'kapali', 'gecikme_ms': None}, {'oi': 1, 'p': 0.15, 'ofs': 0.15, 'hedef_ofs': 0.15, 'bb': 0.5, 'pay': 0.0, 'durum': 'kapali', 'gecikme_ms': None}, {'oi': 1, 'p': 0.1, 'ofs': 0.1, 'hedef_ofs': 0.1, 'bb': 0.5, 'pay': 0.0, 'durum': 'kapali', 'gecikme_ms': None}, {'oi': 1, 'p': 0.06, 'ofs': 0.06, 'hedef_ofs': 0.06, 'bb': 0.5, 'pay': 0.0, 'durum': 'kapali', 'gecikme_ms': None}, {'oi': 1, 'p': 0.03, 'ofs': 0.03, 'hedef_ofs': 0.03, 'bb': 0.5, 'pay': 0.0, 'durum': 'kapali', 'gecikme_ms': None}]
  [08:10:45] maruziyet: acik_pozisyon=0 pazar=0 dis_risk=0.0
  [08:10:51] mutabakat: pnl=-33.14 yerel=-27.93 etkin=-33.14 pencere=152 risk=8.15 emir=1999 dolum=152 pay=3005.2 geri_cekilen=1 red=19
  [08:10:56] dolum: sym=btc S=1789805400 oi=1 p=0.3 ofset=0.3 yeni=5.0 toplam=5.0 kaynak=yoklama gecen_sn=56.5
  [08:11:06] dolum: sym=btc S=1789805400 oi=1 p=0.22 ofset=0.22 yeni=5.0 toplam=5.0 kaynak=yoklama gecen_sn=67.0
  [08:11:07] DENGE_SINIRI: sym=btc S=1789805400 agir=Down up=0.0 down=10.0 iptal=6 kalan_hafif=7
  [08:13:21] GEC_UCUZ_KESILDI: sym=btc S=1789805400 iptal=5 fiyatlar=[0.03, 0.06, 0.1, 0.15, 0.22] kalan_acik=2
  [08:15:06] BOY: S=1789805700 klip=5.0 kol=A
  [08:15:07] pencere: sym=btc S=1789805700 kol=A tokens=[0, 1] emir=13 kabul=[6, 7] fiyatlar=[(0, 0.3, 0.3, 0.3), (0, 0.22, 0.22, 0.22), (0, 0.15, 0.15, 0.15), (0, 0.1, 0.1, 0.1), (0, 0.06, 0.06, 0.06), (0, 0.03, 0.03, 0.03), (1, 0.4, 0.4, 0.4), (1, 0.3, 0.3, 0.3), (1, 0.22, 0.22, 0.22), (1, 0.15, 0.15, 0.15), (1, 0.1, 0.1, 0.1), (1, 0.06, 0.06, 0.06), (1, 0.03, 0.03, 0.03)]
  [08:15:10] maruziyet: acik_pozisyon=0 pazar=0 dis_risk=0.0
  [08:15:15] mutabakat: pnl=-33.14 yerel=-27.93 etkin=-33.14 pencere=152 risk=10.75 emir=2012 dolum=152 pay=3005.2 geri_cekilen=1 red=19
  [08:15:24] dolum: sym=btc S=1789805700 oi=0 p=0.3 ofset=0.3 yeni=5.0 toplam=5.0 kaynak=yoklama gecen_sn=24.5
  [08:15:44] dolum: sym=btc S=1789805700 oi=0 p=0.22 ofset=0.22 yeni=5.0 toplam=5.0 kaynak=yoklama gecen_sn=44.8
  [08:15:46] DENGE_SINIRI: sym=btc S=1789805700 agir=Up up=10.0 down=0.0 iptal=6 kalan_hafif=7
  [08:15:49] COZULDU: sym=btc S=1789805100 kol=A kazanan=0 pay=10.0 maliyet=1.85 pnl=-1.85 geri_cekildi=None emirler=[{'oi': 0, 'p': 0.4, 'ofs': 0.4, 'hedef_ofs': 0.4, 'bb': 0.67, 'pay': 0.0, 'durum': 'kapali', 'gecikme_ms': None}, {'oi': 0, 'p': 0.3, 'ofs': 0.3, 'hedef_ofs': 0.3, 'bb': 0.67, 'pay': 0.0, 'durum': 'kapali', 'gecikme_ms': None}, {'oi': 0, 'p': 0.22, 'ofs': 0.22, 'hedef_ofs': 0.22, 'bb': 0.67, 'pay': 0.0, 'durum': 'kapali', 'gecikme_ms': None}, {'oi': 0, 'p': 0.15, 'ofs': 0.15, 'hedef_ofs': 0.15, 'bb': 0.67, 'pay': 0.0, 'durum': 'kapali', 'gecikme_ms': None}, {'oi': 0, 'p': 0.1, 'ofs': 0.1, 'hedef_ofs': 0.1, 'bb': 0.67, 'pay': 0.0, 'durum': 'kapali', 'gecikme_ms': None}, {'oi': 0, 'p': 0.06, 'ofs': 0.06, 'hedef_ofs': 0.06, 'bb': 0.67, 'pay': 0.0, 'durum': 'kapali', 'gecikme_ms': None}, {'oi': 0, 'p': 0.03, 'ofs': 0.03, 'hedef_ofs': 0.03, 'bb': 0.67, 'pay': 0.0, 'durum': 'kapali', 'gecikme_ms': None}, {'oi': 1, 'p': 0.22, 'ofs': 0.22, 'hedef_ofs': 0.22, 'bb': 0.32, 'pay': 5.0, 'durum': 'kapali', 'gecikme_ms': 117032}, {'oi': 1, 'p': 0.15, 'ofs': 0.15, 'hedef_ofs': 0.15, 'bb': 0.32, 'pay': 5.0, 'durum': 'kapali', 'gecikme_ms': 117127}, {'oi': 1, 'p': 0.1, 'ofs': 0.1, 'hedef_ofs': 0.1, 'bb': 0.32, 'pay': 0.0, 'durum': 'kapali', 'gecikme_ms': None}, {'oi': 1, 'p': 0.06, 'ofs': 0.06, 'hedef_ofs': 0.06, 'bb': 0.32, 'pay': 0.0, 'durum': 'kapali', 'gecikme_ms': None}, {'oi': 1, 'p': 0.03, 'ofs': 0.03, 'hedef_ofs': 0.03, 'bb': 0.32, 'pay': 0.0, 'durum': 'kapali', 'gecikme_ms': None}]
  [08:18:20] dolum: sym=btc S=1789805700 oi=1 p=0.4 ofset=0.4 yeni=5.0 toplam=5.0 kaynak=yoklama gecen_sn=200.3
  [08:18:20] dolum: sym=btc S=1789805700 oi=1 p=0.3 ofset=0.3 yeni=5.0 toplam=5.0 kaynak=yoklama gecen_sn=200.4
  [08:18:20] dolum: sym=btc S=1789805700 oi=1 p=0.22 ofset=0.22 yeni=5.0 toplam=5.0 kaynak=yoklama gecen_sn=200.5
  [08:18:21] GEC_UCUZ_KESILDI: sym=btc S=1789805700 iptal=5 fiyatlar=[0.03, 0.06, 0.1, 0.15, 0.22] kalan_acik=2
  [08:18:21] DENGE_SINIRI: sym=btc S=1789805700 agir=Down up=10.0 down=15.0 iptal=2 kalan_hafif=0
  [08:18:26] COZULDU: sym=btc S=1789805400 kol=A kazanan=0 pay=10.0 maliyet=2.6 pnl=-2.6 geri_cekildi=None emirler=[{'oi': 0, 'p': 0.4, 'ofs': 0.4, 'hedef_ofs': 0.4, 'bb': 0.55, 'pay': 0.0, 'durum': 'kapali', 'gecikme_ms': None}, {'oi': 0, 'p': 0.3, 'ofs': 0.3, 'hedef_ofs': 0.3, 'bb': 0.55, 'pay': 0.0, 'durum': 'kapali', 'gecikme_ms': None}, {'oi': 0, 'p': 0.22, 'ofs': 0.22, 'hedef_ofs': 0.22, 'bb': 0.55, 'pay': 0.0, 'durum': 'kapali', 'gecikme_ms': None}, {'oi': 0, 'p': 0.15, 'ofs': 0.15, 'hedef_ofs': 0.15, 'bb': 0.55, 'pay': 0.0, 'durum': 'kapali', 'gecikme_ms': None}, {'oi': 0, 'p': 0.1, 'ofs': 0.1, 'hedef_ofs': 0.1, 'bb': 0.55, 'pay': 0.0, 'durum': 'kapali', 'gecikme_ms': None}, {'oi': 0, 'p': 0.06, 'ofs': 0.06, 'hedef_ofs': 0.06, 'bb': 0.55, 'pay': 0.0, 'durum': 'kapali', 'gecikme_ms': None}, {'oi': 0, 'p': 0.03, 'ofs': 0.03, 'hedef_ofs': 0.03, 'bb': 0.55, 'pay': 0.0, 'durum': 'kapali', 'gecikme_ms': None}, {'oi': 1, 'p': 0.3, 'ofs': 0.3, 'hedef_ofs': 0.3, 'bb': 0.44, 'pay': 5.0, 'durum': 'kapali', 'gecikme_ms': 49501}, {'oi': 1, 'p': 0.22, 'ofs': 0.22, 'hedef_ofs': 0.22, 'bb': 0.44, 'pay': 5.0, 'durum': 'kapali', 'gecikme_ms': 59932}, {'oi': 1, 'p': 0.15, 'ofs': 0.15, 'hedef_ofs': 0.15, 'bb': 0.44, 'pay': 0.0, 'durum': 'kapali', 'gecikme_ms': None}, {'oi': 1, 'p': 0.1, 'ofs': 0.1, 'hedef_ofs': 0.1, 'bb': 0.44, 'pay': 0.0, 'durum': 'kapali', 'gecikme_ms': None}, {'oi': 1, 'p': 0.06, 'ofs': 0.06, 'hedef_ofs': 0.06, 'bb': 0.44, 'pay': 0.0, 'durum': 'kapali', 'gecikme_ms': None}, {'oi': 1, 'p': 0.03, 'ofs': 0.03, 'hedef_ofs': 0.03, 'bb': 0.44, 'pay': 0.0, 'durum': 'kapali', 'gecikme_ms': None}]
  [08:19:30] maruziyet: acik_pozisyon=0 pazar=0 dis_risk=0.0
  [08:19:36] mutabakat: pnl=-37.59 yerel=-32.38 etkin=-37.59 pencere=154 risk=0.0 emir=2012 dolum=154 pay=3025.2 geri_cekilen=1 red=19
  [08:20:05] BOY: S=1789806000 klip=5.0 kol=A
  [08:20:07] pencere: sym=btc S=1789806000 kol=A tokens=[0, 1] emir=13 kabul=[7, 6] fiyatlar=[(0, 0.4, 0.4, 0.4), (0, 0.3, 0.3, 0.3), (0, 0.22, 0.22, 0.22), (0, 0.15, 0.15, 0.15), (0, 0.1, 0.1, 0.1), (0, 0.06, 0.06, 0.06), (0, 0.03, 0.03, 0.03), (1, 0.3, 0.3, 0.3), (1, 0.22, 0.22, 0.22), (1, 0.15, 0.15, 0.15), (1, 0.1, 0.1, 0.1), (1, 0.06, 0.06, 0.06), (1, 0.03, 0.03, 0.03)]
  [08:20:09] dolum: sym=btc S=1789806000 oi=1 p=0.3 ofset=0.3 yeni=5.0 toplam=5.0 kaynak=yoklama gecen_sn=9.7
  [08:20:34] dolum: sym=btc S=1789806000 oi=1 p=0.22 ofset=0.22 yeni=5.0 toplam=5.0 kaynak=yoklama gecen_sn=34.1
  [08:20:35] DENGE_SINIRI: sym=btc S=1789806000 agir=Down up=0.0 down=10.0 iptal=6 kalan_hafif=7
  [08:23:21] GEC_UCUZ_KESILDI: sym=btc S=1789806000 iptal=5 fiyatlar=[0.03, 0.06, 0.1, 0.15, 0.22] kalan_acik=2
  [08:23:51] maruziyet: acik_pozisyon=0 pazar=0 dis_risk=0.0
  [08:23:56] mutabakat: pnl=-37.59 yerel=-32.38 etkin=-37.59 pencere=154 risk=2.6 emir=2025 dolum=154 pay=3025.2 geri_cekilen=1 red=19
  [08:25:05] BOY: S=1789806300 klip=5.0 kol=A
  [08:25:06] pencere: sym=btc S=1789806300 kol=A tokens=[0, 1] emir=13 kabul=[6, 7] fiyatlar=[(0, 0.3, 0.3, 0.3), (0, 0.22, 0.22, 0.22), (0, 0.15, 0.15, 0.15), (0, 0.1, 0.1, 0.1), (0, 0.06, 0.06, 0.06), (0, 0.03, 0.03, 0.03), (1, 0.4, 0.4, 0.4), (1, 0.3, 0.3, 0.3), (1, 0.22, 0.22, 0.22), (1, 0.15, 0.15, 0.15), (1, 0.1, 0.1, 0.1), (1, 0.06, 0.06, 0.06), (1, 0.03, 0.03, 0.03)]
  [08:25:55] COZULDU: sym=btc S=1789805700 kol=A kazanan=1 pay=25.0 maliyet=7.2 pnl=7.8 geri_cekildi=None emirler=[{'oi': 0, 'p': 0.3, 'ofs': 0.3, 'hedef_ofs': 0.3, 'bb': 0.42, 'pay': 5.0, 'durum': 'kapali', 'gecikme_ms': 16654}, {'oi': 0, 'p': 0.22, 'ofs': 0.22, 'hedef_ofs': 0.22, 'bb': 0.42, 'pay': 5.0, 'durum': 'kapali', 'gecikme_ms': 36971}, {'oi': 0, 'p': 0.15, 'ofs': 0.15, 'hedef_ofs': 0.15, 'bb': 0.42, 'pay': 0.0, 'durum': 'kapali', 'gecikme_ms': None}, {'oi': 0, 'p': 0.1, 'ofs': 0.1, 'hedef_ofs': 0.1, 'bb': 0.42, 'pay': 0.0, 'durum': 'kapali', 'gecikme_ms': None}, {'oi': 0, 'p': 0.06, 'ofs': 0.06, 'hedef_ofs': 0.06, 'bb': 0.42, 'pay': 0.0, 'durum': 'kapali', 'gecikme_ms': None}, {'oi': 0, 'p': 0.03, 'ofs': 0.03, 'hedef_ofs': 0.03, 'bb': 0.42, 'pay': 0.0, 'durum': 'kapali', 'gecikme_ms': None}, {'oi': 1, 'p': 0.4, 'ofs': 0.4, 'hedef_ofs': 0.4, 'bb': 0.57, 'pay': 5.0, 'durum': 'kapali', 'gecikme_ms': 192467}, {'oi': 1, 'p': 0.3, 'ofs': 0.3, 'hedef_ofs': 0.3, 'bb': 0.57, 'pay': 5.0, 'durum': 'kapali', 'gecikme_ms': 192576}, {'oi': 1, 'p': 0.22, 'ofs': 0.22, 'hedef_ofs': 0.22, 'bb': 0.57, 'pay': 5.0, 'durum': 'kapali', 'gecikme_ms': 192686}, {'oi': 1, 'p': 0.15, 'ofs': 0.15, 'hedef_ofs': 0.15, 'bb': 0.57, 'pay': 0.0, 'durum': 'kapali', 'gecikme_ms': None}, {'oi': 1, 'p': 0.1, 'ofs': 0.1, 'hedef_ofs': 0.1, 'bb': 0.57, 'pay': 0.0, 'durum': 'kapali', 'gecikme_ms': None}, {'oi': 1, 'p': 0.06, 'ofs': 0.06, 'hedef_ofs': 0.06, 'bb': 0.57, 'pay': 0.0, 'durum': 'kapali', 'gecikme_ms': None}, {'oi': 1, 'p': 0.03, 'ofs': 0.03, 'hedef_ofs': 0.03, 'bb': 0.57, 'pay': 0.0, 'durum': 'kapali', 'gecikme_ms': None}]
  [08:25:59] dolum: sym=btc S=1789806300 oi=0 p=0.3 ofset=0.3 yeni=5.0 toplam=5.0 kaynak=yoklama gecen_sn=59.4
  [08:26:34] dolum: sym=btc S=1789806300 oi=0 p=0.22 ofset=0.22 yeni=5.0 toplam=5.0 kaynak=yoklama gecen_sn=94.4
  [08:26:34] dolum: sym=btc S=1789806300 oi=0 p=0.15 ofset=0.15 yeni=4.994 toplam=4.994 kaynak=yoklama gecen_sn=94.5
  [08:26:36] DENGE_SINIRI: sym=btc S=1789806300 agir=Up up=15.0 down=0.0 iptal=6 kalan_hafif=7
  [08:28:12] maruziyet: acik_pozisyon=0 pazar=0 dis_risk=0.0
  [08:28:18] mutabakat: pnl=-25.54 yerel=-24.58 etkin=-25.54 pencere=155 risk=5.95 emir=2038 dolum=155 pay=3050.2 geri_cekilen=1 red=19
  [08:28:21] GEC_UCUZ_KESILDI: sym=btc S=1789806300 iptal=5 fiyatlar=[0.03, 0.06, 0.1, 0.15, 0.22] kalan_acik=2
  [08:28:42] COZULDU: sym=btc S=1789806000 kol=A kazanan=0 pay=10.0 maliyet=2.6 pnl=-2.6 geri_cekildi=None emirler=[{'oi': 0, 'p': 0.4, 'ofs': 0.4, 'hedef_ofs': 0.4, 'bb': 0.6, 'pay': 0.0, 'durum': 'kapali', 'gecikme_ms': None}, {'oi': 0, 'p': 0.3, 'ofs': 0.3, 'hedef_ofs': 0.3, 'bb': 0.6, 'pay': 0.0, 'durum': 'kapali', 'gecikme_ms': None}, {'oi': 0, 'p': 0.22, 'ofs': 0.22, 'hedef_ofs': 0.22, 'bb': 0.6, 'pay': 0.0, 'durum': 'kapali', 'gecikme_ms': None}, {'oi': 0, 'p': 0.15, 'ofs': 0.15, 'hedef_ofs': 0.15, 'bb': 0.6, 'pay': 0.0, 'durum': 'kapali', 'gecikme_ms': None}, {'oi': 0, 'p': 0.1, 'ofs': 0.1, 'hedef_ofs': 0.1, 'bb': 0.6, 'pay': 0.0, 'durum': 'kapali', 'gecikme_ms': None}, {'oi': 0, 'p': 0.06, 'ofs': 0.06, 'hedef_ofs': 0.06, 'bb': 0.6, 'pay': 0.0, 'durum': 'kapali', 'gecikme_ms': None}, {'oi': 0, 'p': 0.03, 'ofs': 0.03, 'hedef_ofs': 0.03, 'bb': 0.6, 'pay': 0.0, 'durum': 'kapali', 'gecikme_ms': None}, {'oi': 1, 'p': 0.3, 'ofs': 0.3, 'hedef_ofs': 0.3, 'bb': 0.39, 'pay': 5.0, 'durum': 'kapali', 'gecikme_ms': 2592}, {'oi': 1, 'p': 0.22, 'ofs': 0.22, 'hedef_ofs': 0.22, 'bb': 0.39, 'pay': 5.0, 'durum': 'kapali', 'gecikme_ms': 27036}, {'oi': 1, 'p': 0.15, 'ofs': 0.15, 'hedef_ofs': 0.15, 'bb': 0.39, 'pay': 0.0, 'durum': 'kapali', 'gecikme_ms': None}, {'oi': 1, 'p': 0.1, 'ofs': 0.1, 'hedef_ofs': 0.1, 'bb': 0.39, 'pay': 0.0, 'durum': 'kapali', 'gecikme_ms': None}, {'oi': 1, 'p': 0.06, 'ofs': 0.06, 'hedef_ofs': 0.06, 'bb': 0.39, 'pay': 0.0, 'durum': 'kapali', 'gecikme_ms': None}, {'oi': 1, 'p': 0.03, 'ofs': 0.03, 'hedef_ofs': 0.03, 'bb': 0.39, 'pay': 0.0, 'durum': 'kapali', 'gecikme_ms': None}]
  [08:30:07] BOY: S=1789806600 klip=5.0 kol=A
  [08:30:07] pencere: sym=btc S=1789806600 kol=A tokens=[0, 1] emir=12 kabul=[7, 5] fiyatlar=[(0, 0.4, 0.4, 0.4), (0, 0.3, 0.3, 0.3), (0, 0.22, 0.22, 0.22), (0, 0.15, 0.15, 0.15), (0, 0.1, 0.1, 0.1), (0, 0.06, 0.06, 0.06), (0, 0.03, 0.03, 0.03), (1, 0.22, 0.22, 0.22), (1, 0.15, 0.15, 0.15), (1, 0.1, 0.1, 0.1), (1, 0.06, 0.06, 0.06), (1, 0.03, 0.03, 0.03)]
  [08:31:55] dolum: sym=btc S=1789806600 oi=1 p=0.22 ofset=0.22 yeni=5.0 toplam=5.0 kaynak=yoklama gecen_sn=115.8
  [08:32:33] maruziyet: acik_pozisyon=0 pazar=0 dis_risk=0.0
  [08:32:39] mutabakat: pnl=-28.14 yerel=-27.18 etkin=-28.14 pencere=156 risk=6.15 emir=2050 dolum=156 pay=3060.2 geri_cekilen=1 red=19
  [08:33:02] DENGE_SINIRI: sym=btc S=1789806600 agir=Down up=0.0 down=5.0 iptal=5 kalan_hafif=7
  [08:33:20] GEC_UCUZ_KESILDI: sym=btc S=1789806600 iptal=5 fiyatlar=[0.03, 0.06, 0.1, 0.15, 0.22] kalan_acik=2
  [08:33:30] COZULDU: sym=btc S=1789806300 kol=A kazanan=1 pay=14.99 maliyet=3.35 pnl=-3.35 geri_cekildi=None emirler=[{'oi': 0, 'p': 0.3, 'ofs': 0.3, 'hedef_ofs': 0.3, 'bb': 0.38, 'pay': 5.0, 'durum': 'kapali', 'gecikme_ms': 52781}, {'oi': 0, 'p': 0.22, 'ofs': 0.22, 'hedef_ofs': 0.22, 'bb': 0.38, 'pay': 5.0, 'durum': 'kapali', 'gecikme_ms': 87850}, {'oi': 0, 'p': 0.15, 'ofs': 0.15, 'hedef_ofs': 0.15, 'bb': 0.38, 'pay': 4.99, 'durum': 'kapali', 'gecikme_ms': 87953}, {'oi': 0, 'p': 0.1, 'ofs': 0.1, 'hedef_ofs': 0.1, 'bb': 0.38, 'pay': 0.0, 'durum': 'kapali', 'gecikme_ms': None}, {'oi': 0, 'p': 0.06, 'ofs': 0.06, 'hedef_ofs': 0.06, 'bb': 0.38, 'pay': 0.0, 'durum': 'kapali', 'gecikme_ms': None}, {'oi': 0, 'p': 0.03, 'ofs': 0.03, 'hedef_ofs': 0.03, 'bb': 0.38, 'pay': 0.0, 'durum': 'kapali', 'gecikme_ms': None}, {'oi': 1, 'p': 0.4, 'ofs': 0.4, 'hedef_ofs': 0.4, 'bb': 0.61, 'pay': 0.0, 'durum': 'kapali', 'gecikme_ms': None}, {'oi': 1, 'p': 0.3, 'ofs': 0.3, 'hedef_ofs': 0.3, 'bb': 0.61, 'pay': 0.0, 'durum': 'kapali', 'gecikme_ms': None}, {'oi': 1, 'p': 0.22, 'ofs': 0.22, 'hedef_ofs': 0.22, 'bb': 0.61, 'pay': 0.0, 'durum': 'kapali', 'gecikme_ms': None}, {'oi': 1, 'p': 0.15, 'ofs': 0.15, 'hedef_ofs': 0.15, 'bb': 0.61, 'pay': 0.0, 'durum': 'kapali', 'gecikme_ms': None}, {'oi': 1, 'p': 0.1, 'ofs': 0.1, 'hedef_ofs': 0.1, 'bb': 0.61, 'pay': 0.0, 'durum': 'kapali', 'gecikme_ms': None}, {'oi': 1, 'p': 0.06, 'ofs': 0.06, 'hedef_ofs': 0.06, 'bb': 0.61, 'pay': 0.0, 'durum': 'kapali', 'gecikme_ms': None}, {'oi': 1, 'p': 0.03, 'ofs': 0.03, 'hedef_ofs': 0.03, 'bb': 0.61, 'pay': 0.0, 'durum': 'kapali', 'gecikme_ms': None}]
  [08:35:05] BOY: S=1789806900 klip=5.0 kol=A
  [08:35:06] pencere: sym=btc S=1789806900 kol=A tokens=[0, 1] emir=12 kabul=[7, 5] fiyatlar=[(0, 0.4, 0.4, 0.4), (0, 0.3, 0.3, 0.3), (0, 0.22, 0.22, 0.22), (0, 0.15, 0.15, 0.15), (0, 0.1, 0.1, 0.1), (0, 0.06, 0.06, 0.06), (0, 0.03, 0.03, 0.03), (1, 0.22, 0.22, 0.22), (1, 0.15, 0.15, 0.15), (1, 0.1, 0.1, 0.1), (1, 0.06, 0.06, 0.06), (1, 0.03, 0.03, 0.03)]
  [08:35:13] dolum: sym=btc S=1789806900 oi=1 p=0.22 ofset=0.22 yeni=4.992 toplam=4.992 kaynak=yoklama gecen_sn=13.6
  [08:35:15] dolum: sym=btc S=1789806900 oi=1 p=0.15 ofset=0.15 yeni=5.0 toplam=5.0 kaynak=yoklama gecen_sn=15.2
  [08:35:16] DENGE_SINIRI: sym=btc S=1789806900 agir=Down up=0.0 down=10.0 iptal=5 kalan_hafif=7
  [08:36:54] maruziyet: acik_pozisyon=0 pazar=0 dis_risk=0.0
  [08:37:00] mutabakat: pnl=-31.49 yerel=-30.53 etkin=-31.49 pencere=157 risk=2.95 emir=2062 dolum=157 pay=3075.2 geri_cekilen=1 red=19
  [08:37:37] dolum: sym=btc S=1789806900 oi=0 p=0.4 ofset=0.4 yeni=5.0 toplam=5.0 kaynak=yoklama gecen_sn=157.5
  [08:37:49] dolum: sym=btc S=1789806900 oi=0 p=0.3 ofset=0.3 yeni=5.0 toplam=5.0 kaynak=yoklama gecen_sn=169.6
  [08:38:21] GEC_UCUZ_KESILDI: sym=btc S=1789806900 iptal=5 fiyatlar=[0.03, 0.06, 0.1, 0.15, 0.22] kalan_acik=2
  [08:40:05] BOY: S=1789807200 klip=5.0 kol=A
  [08:40:07] pencere: sym=btc S=1789807200 kol=A tokens=[0, 1] emir=12 kabul=[5, 7] fiyatlar=[(0, 0.22, 0.22, 0.22), (0, 0.15, 0.15, 0.15), (0, 0.1, 0.1, 0.1), (0, 0.06, 0.06, 0.06), (0, 0.03, 0.03, 0.03), (1, 0.4, 0.4, 0.4), (1, 0.3, 0.3, 0.3), (1, 0.22, 0.22, 0.22), (1, 0.15, 0.15, 0.15), (1, 0.1, 0.1, 0.1), (1, 0.06, 0.06, 0.06), (1, 0.03, 0.03, 0.03)]
  [08:41:15] maruziyet: acik_pozisyon=0 pazar=0 dis_risk=0.0
  [08:41:21] mutabakat: pnl=-31.49 yerel=-30.53 etkin=-31.49 pencere=157 risk=7.4 emir=2074 dolum=157 pay=3075.2 geri_cekilen=1 red=19
  [08:41:44] COZULDU: sym=btc S=1789806600 kol=A kazanan=0 pay=5.0 maliyet=1.1 pnl=-1.1 geri_cekildi=None emirler=[{'oi': 0, 'p': 0.4, 'ofs': 0.4, 'hedef_ofs': 0.4, 'bb': 0.71, 'pay': 0.0, 'durum': 'kapali', 'gecikme_ms': None}, {'oi': 0, 'p': 0.3, 'ofs': 0.3, 'hedef_ofs': 0.3, 'bb': 0.71, 'pay': 0.0, 'durum': 'kapali', 'gecikme_ms': None}, {'oi': 0, 'p': 0.22, 'ofs': 0.22, 'hedef_ofs': 0.22, 'bb': 0.71, 'pay': 0.0, 'durum': 'kapali', 'gecikme_ms': None}, {'oi': 0, 'p': 0.15, 'ofs': 0.15, 'hedef_ofs': 0.15, 'bb': 0.71, 'pay': 0.0, 'durum': 'kapali', 'gecikme_ms': None}, {'oi': 0, 'p': 0.1, 'ofs': 0.1, 'hedef_ofs': 0.1, 'bb': 0.71, 'pay': 0.0, 'durum': 'kapali', 'gecikme_ms': None}, {'oi': 0, 'p': 0.06, 'ofs': 0.06, 'hedef_ofs': 0.06, 'bb': 0.71, 'pay': 0.0, 'durum': 'kapali', 'gecikme_ms': None}, {'oi': 0, 'p': 0.03, 'ofs': 0.03, 'hedef_ofs': 0.03, 'bb': 0.71, 'pay': 0.0, 'durum': 'kapali', 'gecikme_ms': None}, {'oi': 1, 'p': 0.22, 'ofs': 0.22, 'hedef_ofs': 0.22, 'bb': 0.28, 'pay': 5.0, 'durum': 'kapali', 'gecikme_ms': 108018}, {'oi': 1, 'p': 0.15, 'ofs': 0.15, 'hedef_ofs': 0.15, 'bb': 0.28, 'pay': 0.0, 'durum': 'kapali', 'gecikme_ms': None}, {'oi': 1, 'p': 0.1, 'ofs': 0.1, 'hedef_ofs': 0.1, 'bb': 0.28, 'pay': 0.0, 'durum': 'kapali', 'gecikme_ms': None}, {'oi': 1, 'p': 0.06, 'ofs': 0.06, 'hedef_ofs': 0.06, 'bb': 0.28, 'pay': 0.0, 'durum': 'kapali', 'gecikme_ms': None}, {'oi': 1, 'p': 0.03, 'ofs': 0.03, 'hedef_ofs': 0.03, 'bb': 0.28, 'pay': 0.0, 'durum': 'kapali', 'gecikme_ms': None}]
  [08:41:48] dolum: sym=btc S=1789807200 oi=1 p=0.4 ofset=0.4 yeni=5.0 toplam=5.0 kaynak=yoklama gecen_sn=108.3
  [08:43:02] DENGE_SINIRI: sym=btc S=1789807200 agir=Down up=0.0 down=5.0 iptal=7 kalan_hafif=5
  [08:43:21] GEC_UCUZ_KESILDI: sym=btc S=1789807200 iptal=5 fiyatlar=[0.03, 0.06, 0.1, 0.15, 0.22] kalan_acik=0
  [08:44:14] COZULDU: sym=btc S=1789806900 kol=A kazanan=0 pay=19.99 maliyet=5.35 pnl=4.65 geri_cekildi=None emirler=[{'oi': 0, 'p': 0.4, 'ofs': 0.4, 'hedef_ofs': 0.4, 'bb': 0.65, 'pay': 5.0, 'durum': 'kapali', 'gecikme_ms': 151055}, {'oi': 0, 'p': 0.3, 'ofs': 0.3, 'hedef_ofs': 0.3, 'bb': 0.65, 'pay': 5.0, 'durum': 'kapali', 'gecikme_ms': 163109}, {'oi': 0, 'p': 0.22, 'ofs': 0.22, 'hedef_ofs': 0.22, 'bb': 0.65, 'pay': 0.0, 'durum': 'kapali', 'gecikme_ms': None}, {'oi': 0, 'p': 0.15, 'ofs': 0.15, 'hedef_ofs': 0.15, 'bb': 0.65, 'pay': 0.0, 'durum': 'kapali', 'gecikme_ms': None}, {'oi': 0, 'p': 0.1, 'ofs': 0.1, 'hedef_ofs': 0.1, 'bb': 0.65, 'pay': 0.0, 'durum': 'kapali', 'gecikme_ms': None}, {'oi': 0, 'p': 0.06, 'ofs': 0.06, 'hedef_ofs': 0.06, 'bb': 0.65, 'pay': 0.0, 'durum': 'kapali', 'gecikme_ms': None}, {'oi': 0, 'p': 0.03, 'ofs': 0.03, 'hedef_ofs': 0.03, 'bb': 0.65, 'pay': 0.0, 'durum': 'kapali', 'gecikme_ms': None}, {'oi': 1, 'p': 0.22, 'ofs': 0.22, 'hedef_ofs': 0.22, 'bb': 0.31, 'pay': 4.99, 'durum': 'kapali', 'gecikme_ms': 7139}, {'oi': 1, 'p': 0.15, 'ofs': 0.15, 'hedef_ofs': 0.15, 'bb': 0.31, 'pay': 5.0, 'durum': 'kapali', 'gecikme_ms': 8756}, {'oi': 1, 'p': 0.1, 'ofs': 0.1, 'hedef_ofs': 0.1, 'bb': 0.31, 'pay': 0.0, 'durum': 'kapali', 'gecikme_ms': None}, {'oi': 1, 'p': 0.06, 'ofs': 0.06, 'hedef_ofs': 0.06, 'bb': 0.31, 'pay': 0.0, 'durum': 'kapali', 'gecikme_ms': None}, {'oi': 1, 'p': 0.03, 'ofs': 0.03, 'hedef_ofs': 0.03, 'bb': 0.31, 'pay': 0.0, 'durum': 'kapali', 'gecikme_ms': None}]
  [08:45:05] BOY: S=1789807500 klip=5.0 kol=A
  [08:45:06] pencere: sym=btc S=1789807500 kol=A tokens=[0, 1] emir=13 kabul=[6, 7] fiyatlar=[(0, 0.3, 0.3, 0.3), (0, 0.22, 0.22, 0.22), (0, 0.15, 0.15, 0.15), (0, 0.1, 0.1, 0.1), (0, 0.06, 0.06, 0.06), (0, 0.03, 0.03, 0.03), (1, 0.4, 0.4, 0.4), (1, 0.3, 0.3, 0.3), (1, 0.22, 0.22, 0.22), (1, 0.15, 0.15, 0.15), (1, 0.1, 0.1, 0.1), (1, 0.06, 0.06, 0.06), (1, 0.03, 0.03, 0.03)]
  [08:45:37] maruziyet: acik_pozisyon=0 pazar=0 dis_risk=0.0
  [08:45:43] mutabakat: pnl=-27.94 yerel=-26.98 etkin=-27.94 pencere=159 risk=8.3 emir=2087 dolum=159 pay=3100.1 geri_cekilen=1 red=19
  [08:45:49] dolum: sym=btc S=1789807500 oi=1 p=0.4 ofset=0.4 yeni=5.0 toplam=5.0 kaynak=yoklama gecen_sn=49.7
  [08:48:01] DENGE_SINIRI: sym=btc S=1789807500 agir=Down up=0.0 down=5.0 iptal=7 kalan_hafif=6
  [08:48:20] GEC_UCUZ_KESILDI: sym=btc S=1789807500 iptal=5 fiyatlar=[0.03, 0.06, 0.1, 0.15, 0.22] kalan_acik=1
  [08:48:53] COZULDU: sym=btc S=1789807200 kol=A kazanan=1 pay=5.0 maliyet=2.0 pnl=3.0 geri_cekildi=None emirler=[{'oi': 0, 'p': 0.22, 'ofs': 0.22, 'hedef_ofs': 0.22, 'bb': 0.35, 'pay': 0.0, 'durum': 'kapali', 'gecikme_ms': None}, {'oi': 0, 'p': 0.15, 'ofs': 0.15, 'hedef_ofs': 0.15, 'bb': 0.35, 'pay': 0.0, 'durum': 'kapali', 'gecikme_ms': None}, {'oi': 0, 'p': 0.1, 'ofs': 0.1, 'hedef_ofs': 0.1, 'bb': 0.35, 'pay': 0.0, 'durum': 'kapali', 'gecikme_ms': None}, {'oi': 0, 'p': 0.06, 'ofs': 0.06, 'hedef_ofs': 0.06, 'bb': 0.35, 'pay': 0.0, 'durum': 'kapali', 'gecikme_ms': None}, {'oi': 0, 'p': 0.03, 'ofs': 0.03, 'hedef_ofs': 0.03, 'bb': 0.35, 'pay': 0.0, 'durum': 'kapali', 'gecikme_ms': None}, {'oi': 1, 'p': 0.4, 'ofs': 0.4, 'hedef_ofs': 0.4, 'bb': 0.64, 'pay': 5.0, 'durum': 'kapali', 'gecikme_ms': 100508}, {'oi': 1, 'p': 0.3, 'ofs': 0.3, 'hedef_ofs': 0.3, 'bb': 0.64, 'pay': 0.0, 'durum': 'kapali', 'gecikme_ms': None}, {'oi': 1, 'p': 0.22, 'ofs': 0.22, 'hedef_ofs': 0.22, 'bb': 0.64, 'pay': 0.0, 'durum': 'kapali', 'gecikme_ms': None}, {'oi': 1, 'p': 0.15, 'ofs': 0.15, 'hedef_ofs': 0.15, 'bb': 0.64, 'pay': 0.0, 'durum': 'kapali', 'gecikme_ms': None}, {'oi': 1, 'p': 0.1, 'ofs': 0.1, 'hedef_ofs': 0.1, 'bb': 0.64, 'pay': 0.0, 'durum': 'kapali', 'gecikme_ms': None}, {'oi': 1, 'p': 0.06, 'ofs': 0.06, 'hedef_ofs': 0.06, 'bb': 0.64, 'pay': 0.0, 'durum': 'kapali', 'gecikme_ms': None}, {'oi': 1, 'p': 0.03, 'ofs': 0.03, 'hedef_ofs': 0.03, 'bb': 0.64, 'pay': 0.0, 'durum': 'kapali', 'gecikme_ms': None}]
  [08:49:57] maruziyet: acik_pozisyon=0 pazar=0 dis_risk=0.0
  [08:50:02] mutabakat: pnl=-24.94 yerel=-23.98 etkin=-24.94 pencere=160 risk=2.0 emir=2087 dolum=160 pay=3105.1 geri_cekilen=1 red=19
  [08:50:05] BOY: S=1789807800 klip=5.0 kol=A
  [08:50:06] pencere: sym=btc S=1789807800 kol=A tokens=[0, 1] emir=13 kabul=[7, 6] fiyatlar=[(0, 0.4, 0.4, 0.4), (0, 0.3, 0.3, 0.3), (0, 0.22, 0.22, 0.22), (0, 0.15, 0.15, 0.15), (0, 0.1, 0.1, 0.1), (0, 0.06, 0.06, 0.06), (0, 0.03, 0.03, 0.03), (1, 0.3, 0.3, 0.3), (1, 0.22, 0.22, 0.22), (1, 0.15, 0.15, 0.15), (1, 0.1, 0.1, 0.1), (1, 0.06, 0.06, 0.06), (1, 0.03, 0.03, 0.03)]
  [08:51:11] dolum: sym=btc S=1789807800 oi=1 p=0.3 ofset=0.3 yeni=5.0 toplam=5.0 kaynak=yoklama gecen_sn=71.1
  [08:51:26] dolum: sym=btc S=1789807800 oi=1 p=0.22 ofset=0.22 yeni=5.0 toplam=5.0 kaynak=yoklama gecen_sn=86.5
  [08:51:26] dolum: sym=btc S=1789807800 oi=1 p=0.15 ofset=0.15 yeni=4.997 toplam=4.997 kaynak=yoklama gecen_sn=86.6
  [08:51:26] dolum: sym=btc S=1789807800 oi=1 p=0.1 ofset=0.1 yeni=5.0 toplam=5.0 kaynak=yoklama gecen_sn=86.7
  [08:51:27] DENGE_SINIRI: sym=btc S=1789807800 agir=Down up=0.0 down=20.0 iptal=6 kalan_hafif=7
  [08:53:20] GEC_UCUZ_KESILDI: sym=btc S=1789807800 iptal=5 fiyatlar=[0.03, 0.06, 0.1, 0.15, 0.22] kalan_acik=2
  [08:54:17] maruziyet: acik_pozisyon=0 pazar=0 dis_risk=0.0
  [08:54:23] mutabakat: pnl=-24.94 yerel=-23.98 etkin=-24.94 pencere=160 risk=5.85 emir=2100 dolum=160 pay=3105.1 geri_cekilen=1 red=19
  [08:54:26] dolum: sym=btc S=1789807800 oi=0 p=0.4 ofset=0.4 yeni=5.0 toplam=5.0 kaynak=yoklama gecen_sn=266.9
  [08:54:28] COZULDU: sym=btc S=1789807500 kol=A kazanan=0 pay=5.0 maliyet=2.0 pnl=-2.0 geri_cekildi=None emirler=[{'oi': 0, 'p': 0.3, 'ofs': 0.3, 'hedef_ofs': 0.3, 'bb': 0.45, 'pay': 0.0, 'durum': 'kapali', 'gecikme_ms': None}, {'oi': 0, 'p': 0.22, 'ofs': 0.22, 'hedef_ofs': 0.22, 'bb': 0.45, 'pay': 0.0, 'durum': 'kapali', 'gecikme_ms': None}, {'oi': 0, 'p': 0.15, 'ofs': 0.15, 'hedef_ofs': 0.15, 'bb': 0.45, 'pay': 0.0, 'durum': 'kapali', 'gecikme_ms': None}, {'oi': 0, 'p': 0.1, 'ofs': 0.1, 'hedef_ofs': 0.1, 'bb': 0.45, 'pay': 0.0, 'durum': 'kapali', 'gecikme_ms': None}, {'oi': 0, 'p': 0.06, 'ofs': 0.06, 'hedef_ofs': 0.06, 'bb': 0.45, 'pay': 0.0, 'durum': 'kapali', 'gecikme_ms': None}, {'oi': 0, 'p': 0.03, 'ofs': 0.03, 'hedef_ofs': 0.03, 'bb': 0.45, 'pay': 0.0, 'durum': 'kapali', 'gecikme_ms': None}, {'oi': 1, 'p': 0.4, 'ofs': 0.4, 'hedef_ofs': 0.4, 'bb': 0.54, 'pay': 5.0, 'durum': 'kapali', 'gecikme_ms': 43174}, {'oi': 1, 'p': 0.3, 'ofs': 0.3, 'hedef_ofs': 0.3, 'bb': 0.54, 'pay': 0.0, 'durum': 'kapali', 'gecikme_ms': None}, {'oi': 1, 'p': 0.22, 'ofs': 0.22, 'hedef_ofs': 0.22, 'bb': 0.54, 'pay': 0.0, 'durum': 'kapali', 'gecikme_ms': None}, {'oi': 1, 'p': 0.15, 'ofs': 0.15, 'hedef_ofs': 0.15, 'bb': 0.54, 'pay': 0.0, 'durum': 'kapali', 'gecikme_ms': None}, {'oi': 1, 'p': 0.1, 'ofs': 0.1, 'hedef_ofs': 0.1, 'bb': 0.54, 'pay': 0.0, 'durum': 'kapali', 'gecikme_ms': None}, {'oi': 1, 'p': 0.06, 'ofs': 0.06, 'hedef_ofs': 0.06, 'bb': 0.54, 'pay': 0.0, 'durum': 'kapali', 'gecikme_ms': None}, {'oi': 1, 'p': 0.03, 'ofs': 0.03, 'hedef_ofs': 0.03, 'bb': 0.54, 'pay': 0.0, 'durum': 'kapali', 'gecikme_ms': None}]
  [08:54:33] dolum: sym=btc S=1789807800 oi=0 p=0.3 ofset=0.3 yeni=5.0 toplam=5.0 kaynak=yoklama gecen_sn=273.2
  [08:55:05] BOY: S=1789808100 klip=5.0 kol=A
  [08:55:06] pencere: sym=btc S=1789808100 kol=A tokens=[0, 1] emir=11 kabul=[4, 7] fiyatlar=[(0, 0.15, 0.15, 0.15), (0, 0.1, 0.1, 0.1), (0, 0.06, 0.06, 0.06), (0, 0.03, 0.03, 0.03), (1, 0.4, 0.4, 0.4), (1, 0.3, 0.3, 0.3), (1, 0.22, 0.22, 0.22), (1, 0.15, 0.15, 0.15), (1, 0.1, 0.1, 0.1), (1, 0.06, 0.06, 0.06), (1, 0.03, 0.03, 0.03)]
  [08:57:31] dolum: sym=btc S=1789808100 oi=0 p=0.15 ofset=0.15 yeni=4.999 toplam=4.999 kaynak=yoklama gecen_sn=151.9
  [08:57:31] dolum: sym=btc S=1789808100 oi=0 p=0.1 ofset=0.1 yeni=5.0 toplam=5.0 kaynak=yoklama gecen_sn=152.0
  [08:57:33] DENGE_SINIRI: sym=btc S=1789808100 agir=Up up=10.0 down=0.0 iptal=4 kalan_hafif=7
  [08:58:21] GEC_UCUZ_KESILDI: sym=btc S=1789808100 iptal=5 fiyatlar=[0.03, 0.06, 0.1, 0.15, 0.22] kalan_acik=2
  [08:58:37] maruziyet: acik_pozisyon=0 pazar=0 dis_risk=0.0
  [08:58:43] mutabakat: pnl=-26.94 yerel=-25.98 etkin=-26.94 pencere=161 risk=1.25 emir=2111 dolum=161 pay=3110.1 geri_cekilen=1 red=19
  [08:59:29] COZULDU: sym=btc S=1789807800 kol=A kazanan=1 pay=30.0 maliyet=7.35 pnl=12.65 geri_cekildi=None emirler=[{'oi': 0, 'p': 0.4, 'ofs': 0.4, 'hedef_ofs': 0.4, 'bb': 0.52, 'pay': 5.0, 'durum': 'kapali', 'gecikme_ms': 260488}, {'oi': 0, 'p': 0.3, 'ofs': 0.3, 'hedef_ofs': 0.3, 'bb': 0.52, 'pay': 5.0, 'durum': 'kapali', 'gecikme_ms': 266783}, {'oi': 0, 'p': 0.22, 'ofs': 0.22, 'hedef_ofs': 0.22, 'bb': 0.52, 'pay': 0.0, 'durum': 'kapali', 'gecikme_ms': None}, {'oi': 0, 'p': 0.15, 'ofs': 0.15, 'hedef_ofs': 0.15, 'bb': 0.52, 'pay': 0.0, 'durum': 'kapali', 'gecikme_ms': None}, {'oi': 0, 'p': 0.1, 'ofs': 0.1, 'hedef_ofs': 0.1, 'bb': 0.52, 'pay': 0.0, 'durum': 'kapali', 'gecikme_ms': None}, {'oi': 0, 'p': 0.06, 'ofs': 0.06, 'hedef_ofs': 0.06, 'bb': 0.52, 'pay': 0.0, 'durum': 'kapali', 'gecikme_ms': None}, {'oi': 0, 'p': 0.03, 'ofs': 0.03, 'hedef_ofs': 0.03, 'bb': 0.52, 'pay': 0.0, 'durum': 'kapali', 'gecikme_ms': None}, {'oi': 1, 'p': 0.3, 'ofs': 0.3, 'hedef_ofs': 0.3, 'bb': 0.47, 'pay': 5.0, 'durum': 'kapali', 'gecikme_ms': 64705}, {'oi': 1, 'p': 0.22, 'ofs': 0.22, 'hedef_ofs': 0.22, 'bb': 0.47, 'pay': 5.0, 'durum': 'kapali', 'gecikme_ms': 80102}, {'oi': 1, 'p': 0.15, 'ofs': 0.15, 'hedef_ofs': 0.15, 'bb': 0.47, 'pay': 5.0, 'durum': 'kapali', 'gecikme_ms': 80207}, {'oi': 1, 'p': 0.1, 'ofs': 0.1, 'hedef_ofs': 0.1, 'bb': 0.47, 'pay': 5.0, 'durum': 'kapali', 'gecikme_ms': 80313}, {'oi': 1, 'p': 0.06, 'ofs': 0.06, 'hedef_ofs': 0.06, 'bb': 0.47, 'pay': 0.0, 'durum': 'kapali', 'gecikme_ms': None}, {'oi': 1, 'p': 0.03, 'ofs': 0.03, 'hedef_ofs': 0.03, 'bb': 0.47, 'pay': 0.0, 'durum': 'kapali', 'gecikme_ms': None}]
  [09:00:06] BOY: S=1789808400 klip=5.0 kol=A
  [09:00:06] pencere: sym=btc S=1789808400 kol=A tokens=[0, 1] emir=13 kabul=[7, 6] fiyatlar=[(0, 0.4, 0.4, 0.4), (0, 0.3, 0.3, 0.3), (0, 0.22, 0.22, 0.22), (0, 0.15, 0.15, 0.15), (0, 0.1, 0.1, 0.1), (0, 0.06, 0.06, 0.06), (0, 0.03, 0.03, 0.03), (1, 0.3, 0.3, 0.3), (1, 0.22, 0.22, 0.22), (1, 0.15, 0.15, 0.15), (1, 0.1, 0.1, 0.1), (1, 0.06, 0.06, 0.06), (1, 0.03, 0.03, 0.03)]
  [09:00:43] dolum: sym=btc S=1789808400 oi=0 p=0.4 ofset=0.4 yeni=5.0 toplam=5.0 kaynak=yoklama gecen_sn=43.7
  [09:01:06] dolum: sym=btc S=1789808400 oi=1 p=0.3 ofset=0.3 yeni=5.0 toplam=5.0 kaynak=yoklama gecen_sn=66.2
  [09:02:01] dolum: sym=btc S=1789808400 oi=0 p=0.3 ofset=0.3 yeni=4.999 toplam=4.999 kaynak=yoklama gecen_sn=121.6
  [09:02:29] COZULDU: sym=btc S=1789808100 kol=A kazanan=1 pay=10.0 maliyet=1.25 pnl=-1.25 geri_cekildi=None emirler=[{'oi': 0, 'p': 0.15, 'ofs': 0.15, 'hedef_ofs': 0.15, 'bb': 0.2, 'pay': 5.0, 'durum': 'kapali', 'gecikme_ms': 145438}, {'oi': 0, 'p': 0.1, 'ofs': 0.1, 'hedef_ofs': 0.1, 'bb': 0.2, 'pay': 5.0, 'durum': 'kapali', 'gecikme_ms': 145539}, {'oi': 0, 'p': 0.06, 'ofs': 0.06, 'hedef_ofs': 0.06, 'bb': 0.2, 'pay': 0.0, 'durum': 'kapali', 'gecikme_ms': None}, {'oi': 0, 'p': 0.03, 'ofs': 0.03, 'hedef_ofs': 0.03, 'bb': 0.2, 'pay': 0.0, 'durum': 'kapali', 'gecikme_ms': None}, {'oi': 1, 'p': 0.4, 'ofs': 0.4, 'hedef_ofs': 0.4, 'bb': 0.79, 'pay': 0.0, 'durum': 'kapali', 'gecikme_ms': None}, {'oi': 1, 'p': 0.3, 'ofs': 0.3, 'hedef_ofs': 0.3, 'bb': 0.79, 'pay': 0.0, 'durum': 'kapali', 'gecikme_ms': None}, {'oi': 1, 'p': 0.22, 'ofs': 0.22, 'hedef_ofs': 0.22, 'bb': 0.79, 'pay': 0.0, 'durum': 'kapali', 'gecikme_ms': None}, {'oi': 1, 'p': 0.15, 'ofs': 0.15, 'hedef_ofs': 0.15, 'bb': 0.79, 'pay': 0.0, 'durum': 'kapali', 'gecikme_ms': None}, {'oi': 1, 'p': 0.1, 'ofs': 0.1, 'hedef_ofs': 0.1, 'bb': 0.79, 'pay': 0.0, 'durum': 'kapali', 'gecikme_ms': None}, {'oi': 1, 'p': 0.06, 'ofs': 0.06, 'hedef_ofs': 0.06, 'bb': 0.79, 'pay': 0.0, 'durum': 'kapali', 'gecikme_ms': None}, {'oi': 1, 'p': 0.03, 'ofs': 0.03, 'hedef_ofs': 0.03, 'bb': 0.79, 'pay': 0.0, 'durum': 'kapali', 'gecikme_ms': None}]
  [09:02:58] maruziyet: acik_pozisyon=0 pazar=0 dis_risk=0.0
  [09:03:04] mutabakat: pnl=-15.54 yerel=-14.58 etkin=-15.54 pencere=163 risk=2.8 emir=2124 dolum=163 pay=3150.1 geri_cekilen=1 red=19
  [09:03:05] dolum: sym=btc S=1789808400 oi=1 p=0.22 ofset=0.22 yeni=5.0 toplam=5.0 kaynak=yoklama gecen_sn=185.6
  [09:03:16] dolum: sym=btc S=1789808400 oi=1 p=0.15 ofset=0.15 yeni=4.996 toplam=4.996 kaynak=yoklama gecen_sn=196.8
  [09:03:17] DENGE_SINIRI: sym=btc S=1789808400 agir=Down up=10.0 down=15.0 iptal=6 kalan_hafif=7
  [09:03:21] GEC_UCUZ_KESILDI: sym=btc S=1789808400 iptal=5 fiyatlar=[0.03, 0.06, 0.1, 0.15, 0.22] kalan_acik=2
  [09:05:05] BOY: S=1789808700 klip=5.0 kol=A
  [09:05:06] pencere: sym=btc S=1789808700 kol=A tokens=[0, 1] emir=12 kabul=[7, 5] fiyatlar=[(0, 0.4, 0.4, 0.4), (0, 0.3, 0.3, 0.3), (0, 0.22, 0.22, 0.22), (0, 0.15, 0.15, 0.15), (0, 0.1, 0.1, 0.1), (0, 0.06, 0.06, 0.06), (0, 0.03, 0.03, 0.03), (1, 0.22, 0.22, 0.22), (1, 0.15, 0.15, 0.15), (1, 0.1, 0.1, 0.1), (1, 0.06, 0.06, 0.06), (1, 0.03, 0.03, 0.03)]
  [09:06:31] dolum: sym=btc S=1789808700 oi=1 p=0.22 ofset=0.22 yeni=5.0 toplam=5.0 kaynak=yoklama gecen_sn=91.1
  [09:06:48] dolum: sym=btc S=1789808700 oi=1 p=0.15 ofset=0.15 yeni=5.0 toplam=5.0 kaynak=yoklama gecen_sn=108.4
  [09:06:49] DENGE_SINIRI: sym=btc S=1789808700 agir=Down up=0.0 down=10.0 iptal=5 kalan_hafif=7
  [09:07:19] maruziyet: acik_pozisyon=0 pazar=0 dis_risk=0.0
  [09:07:25] mutabakat: pnl=-15.54 yerel=-14.58 etkin=-15.54 pencere=163 risk=1.85 emir=2136 dolum=163 pay=3150.1 geri_cekilen=1 red=19
  [09:07:57] COZULDU: sym=btc S=1789808400 kol=A kazanan=0 pay=25.0 maliyet=6.85 pnl=3.15 geri_cekildi=None emirler=[{'oi': 0, 'p': 0.4, 'ofs': 0.4, 'hedef_ofs': 0.4, 'bb': 0.61, 'pay': 5.0, 'durum': 'kapali', 'gecikme_ms': 36978}, {'oi': 0, 'p': 0.3, 'ofs': 0.3, 'hedef_ofs': 0.3, 'bb': 0.61, 'pay': 5.0, 'durum': 'kapali', 'gecikme_ms': 114921}, {'oi': 0, 'p': 0.22, 'ofs': 0.22, 'hedef_ofs': 0.22, 'bb': 0.61, 'pay': 0.0, 'durum': 'kapali', 'gecikme_ms': None}, {'oi': 0, 'p': 0.15, 'ofs': 0.15, 'hedef_ofs': 0.15, 'bb': 0.61, 'pay': 0.0, 'durum': 'kapali', 'gecikme_ms': None}, {'oi': 0, 'p': 0.1, 'ofs': 0.1, 'hedef_ofs': 0.1, 'bb': 0.61, 'pay': 0.0, 'durum': 'kapali', 'gecikme_ms': None}, {'oi': 0, 'p': 0.06, 'ofs': 0.06, 'hedef_ofs': 0.06, 'bb': 0.61, 'pay': 0.0, 'durum': 'kapali', 'gecikme_ms': None}, {'oi': 0, 'p': 0.03, 'ofs': 0.03, 'hedef_ofs': 0.03, 'bb': 0.61, 'pay': 0.0, 'durum': 'kapali', 'gecikme_ms': None}, {'oi': 1, 'p': 0.3, 'ofs': 0.3, 'hedef_ofs': 0.3, 'bb': 0.38, 'pay': 5.0, 'durum': 'kapali', 'gecikme_ms': 59487}, {'oi': 1, 'p': 0.22, 'ofs': 0.22, 'hedef_ofs': 0.22, 'bb': 0.38, 'pay': 5.0, 'durum': 'kapali', 'gecikme_ms': 178894}, {'oi': 1, 'p': 0.15, 'ofs': 0.15, 'hedef_ofs': 0.15, 'bb': 0.38, 'pay': 5.0, 'durum': 'kapali', 'gecikme_ms': 190088}, {'oi': 1, 'p': 0.1, 'ofs': 0.1, 'hedef_ofs': 0.1, 'bb': 0.38, 'pay': 0.0, 'durum': 'kapali', 'gecikme_ms': None}, {'oi': 1, 'p': 0.06, 'ofs': 0.06, 'hedef_ofs': 0.06, 'bb': 0.38, 'pay': 0.0, 'durum': 'kapali', 'gecikme_ms': None}, {'oi': 1, 'p': 0.03, 'ofs': 0.03, 'hedef_ofs': 0.03, 'bb': 0.38, 'pay': 0.0, 'durum': 'kapali', 'gecikme_ms': None}]
  [09:08:21] GEC_UCUZ_KESILDI: sym=btc S=1789808700 iptal=5 fiyatlar=[0.03, 0.06, 0.1, 0.15, 0.22] kalan_acik=2
  [09:10:05] BOY: S=1789809000 klip=5.0 kol=A
  [09:10:06] pencere: sym=btc S=1789809000 kol=A tokens=[0, 1] emir=11 kabul=[4, 7] fiyatlar=[(0, 0.15, 0.15, 0.15), (0, 0.1, 0.1, 0.1), (0, 0.06, 0.06, 0.06), (0, 0.03, 0.03, 0.03), (1, 0.4, 0.4, 0.4), (1, 0.3, 0.3, 0.3), (1, 0.22, 0.22, 0.22), (1, 0.15, 0.15, 0.15), (1, 0.1, 0.1, 0.1), (1, 0.06, 0.06, 0.06), (1, 0.03, 0.03, 0.03)]
  [09:10:51] dolum: sym=btc S=1789809000 oi=0 p=0.15 ofset=0.15 yeni=5.0 toplam=5.0 kaynak=yoklama gecen_sn=51.9
  [09:11:34] dolum: sym=btc S=1789809000 oi=0 p=0.1 ofset=0.1 yeni=2.59 toplam=2.59 kaynak=yoklama gecen_sn=94.7
  [09:11:36] dolum: sym=btc S=1789809000 oi=0 p=0.1 ofset=0.1 yeni=2.41 toplam=5.0 kaynak=yoklama gecen_sn=96.3
  [09:11:37] DENGE_SINIRI: sym=btc S=1789809000 agir=Up up=10.0 down=0.0 iptal=4 kalan_hafif=7
  [09:11:40] maruziyet: acik_pozisyon=0 pazar=0 dis_risk=0.0
  [09:11:46] mutabakat: pnl=-12.39 yerel=-11.43 etkin=-12.39 pencere=164 risk=3.1 emir=2147 dolum=164 pay=3175.1 geri_cekilen=1 red=19
  [09:13:01] COZULDU: sym=btc S=1789808700 kol=A kazanan=0 pay=10.0 maliyet=1.85 pnl=-1.85 geri_cekildi=None emirler=[{'oi': 0, 'p': 0.4, 'ofs': 0.4, 'hedef_ofs': 0.4, 'bb': 0.68, 'pay': 0.0, 'durum': 'kapali', 'gecikme_ms': None}, {'oi': 0, 'p': 0.3, 'ofs': 0.3, 'hedef_ofs': 0.3, 'bb': 0.68, 'pay': 0.0, 'durum': 'kapali', 'gecikme_ms': None}, {'oi': 0, 'p': 0.22, 'ofs': 0.22, 'hedef_ofs': 0.22, 'bb': 0.68, 'pay': 0.0, 'durum': 'kapali', 'gecikme_ms': None}, {'oi': 0, 'p': 0.15, 'ofs': 0.15, 'hedef_ofs': 0.15, 'bb': 0.68, 'pay': 0.0, 'durum': 'kapali', 'gecikme_ms': None}, {'oi': 0, 'p': 0.1, 'ofs': 0.1, 'hedef_ofs': 0.1, 'bb': 0.68, 'pay': 0.0, 'durum': 'kapali', 'gecikme_ms': None}, {'oi': 0, 'p': 0.06, 'ofs': 0.06, 'hedef_ofs': 0.06, 'bb': 0.68, 'pay': 0.0, 'durum': 'kapali', 'gecikme_ms': None}, {'oi': 0, 'p': 0.03, 'ofs': 0.03, 'hedef_ofs': 0.03, 'bb': 0.68, 'pay': 0.0, 'durum': 'kapali', 'gecikme_ms': None}, {'oi': 1, 'p': 0.22, 'ofs': 0.22, 'hedef_ofs': 0.22, 'bb': 0.31, 'pay': 5.0, 'durum': 'kapali', 'gecikme_ms': 84684}, {'oi': 1, 'p': 0.15, 'ofs': 0.15, 'hedef_ofs': 0.15, 'bb': 0.31, 'pay': 5.0, 'durum': 'kapali', 'gecikme_ms': 101926}, {'oi': 1, 'p': 0.1, 'ofs': 0.1, 'hedef_ofs': 0.1, 'bb': 0.31, 'pay': 0.0, 'durum': 'kapali', 'gecikme_ms': None}, {'oi': 1, 'p': 0.06, 'ofs': 0.06, 'hedef_ofs': 0.06, 'bb': 0.31, 'pay': 0.0, 'durum': 'kapali', 'gecikme_ms': None}, {'oi': 1, 'p': 0.03, 'ofs': 0.03, 'hedef_ofs': 0.03, 'bb': 0.31, 'pay': 0.0, 'durum': 'kapali', 'gecikme_ms': None}]
  [09:13:21] GEC_UCUZ_KESILDI: sym=btc S=1789809000 iptal=5 fiyatlar=[0.03, 0.06, 0.1, 0.15, 0.22] kalan_acik=2
  [09:15:05] BOY: S=1789809300 klip=5.0 kol=A
  [09:15:06] pencere: sym=btc S=1789809300 kol=A tokens=[0, 1] emir=12 kabul=[5, 7] fiyatlar=[(0, 0.22, 0.22, 0.22), (0, 0.15, 0.15, 0.15), (0, 0.1, 0.1, 0.1), (0, 0.06, 0.06, 0.06), (0, 0.03, 0.03, 0.03), (1, 0.4, 0.4, 0.4), (1, 0.3, 0.3, 0.3), (1, 0.22, 0.22, 0.22), (1, 0.15, 0.15, 0.15), (1, 0.1, 0.1, 0.1), (1, 0.06, 0.06, 0.06), (1, 0.03, 0.03, 0.03)]
  [09:16:02] maruziyet: acik_pozisyon=0 pazar=0 dis_risk=0.0
  [09:16:08] mutabakat: pnl=-14.24 yerel=-13.28 etkin=-14.24 pencere=165 risk=7.55 emir=2159 dolum=165 pay=3185.1 geri_cekilen=1 red=19
  [09:16:10] dolum: sym=btc S=1789809300 oi=0 p=0.22 ofset=0.22 yeni=5.0 toplam=5.0 kaynak=yoklama gecen_sn=70.8
  [09:16:39] dolum: sym=btc S=1789809300 oi=0 p=0.15 ofset=0.15 yeni=5.0 toplam=5.0 kaynak=yoklama gecen_sn=99.7
  [09:16:41] DENGE_SINIRI: sym=btc S=1789809300 agir=Up up=10.0 down=0.0 iptal=5 kalan_hafif=7
  [09:18:13] COZULDU: sym=btc S=1789809000 kol=A kazanan=1 pay=10.0 maliyet=1.25 pnl=-1.25 geri_cekildi=None emirler=[{'oi': 0, 'p': 0.15, 'ofs': 0.15, 'hedef_ofs': 0.15, 'bb': 0.23, 'pay': 5.0, 'durum': 'kapali', 'gecikme_ms': 45652}, {'oi': 0, 'p': 0.1, 'ofs': 0.1, 'hedef_ofs': 0.1, 'bb': 0.23, 'pay': 5.0, 'durum': 'kapali', 'gecikme_ms': 88443}, {'oi': 0, 'p': 0.06, 'ofs': 0.06, 'hedef_ofs': 0.06, 'bb': 0.23, 'pay': 0.0, 'durum': 'kapali', 'gecikme_ms': None}, {'oi': 0, 'p': 0.03, 'ofs': 0.03, 'hedef_ofs': 0.03, 'bb': 0.23, 'pay': 0.0, 'durum': 'kapali', 'gecikme_ms': None}, {'oi': 1, 'p': 0.4, 'ofs': 0.4, 'hedef_ofs': 0.4, 'bb': 0.76, 'pay': 0.0, 'durum': 'kapali', 'gecikme_ms': None}, {'oi': 1, 'p': 0.3, 'ofs': 0.3, 'hedef_ofs': 0.3, 'bb': 0.76, 'pay': 0.0, 'durum': 'kapali', 'gecikme_ms': None}, {'oi': 1, 'p': 0.22, 'ofs': 0.22, 'hedef_ofs': 0.22, 'bb': 0.76, 'pay': 0.0, 'durum': 'kapali', 'gecikme_ms': None}, {'oi': 1, 'p': 0.15, 'ofs': 0.15, 'hedef_ofs': 0.15, 'bb': 0.76, 'pay': 0.0, 'durum': 'kapali', 'gecikme_ms': None}, {'oi': 1, 'p': 0.1, 'ofs': 0.1, 'hedef_ofs': 0.1, 'bb': 0.76, 'pay': 0.0, 'durum': 'kapali', 'gecikme_ms': None}, {'oi': 1, 'p': 0.06, 'ofs': 0.06, 'hedef_ofs': 0.06, 'bb': 0.76, 'pay': 0.0, 'durum': 'kapali', 'gecikme_ms': None}, {'oi': 1, 'p': 0.03, 'ofs': 0.03, 'hedef_ofs': 0.03, 'bb': 0.76, 'pay': 0.0, 'durum': 'kapali', 'gecikme_ms': None}]
  [09:18:21] GEC_UCUZ_KESILDI: sym=btc S=1789809300 iptal=5 fiyatlar=[0.03, 0.06, 0.1, 0.15, 0.22] kalan_acik=2
  [09:20:06] BOY: S=1789809600 klip=5.0 kol=A
  [09:20:06] pencere: sym=btc S=1789809600 kol=A tokens=[0, 1] emir=13 kabul=[7, 6] fiyatlar=[(0, 0.4, 0.4, 0.4), (0, 0.3, 0.3, 0.3), (0, 0.22, 0.22, 0.22), (0, 0.15, 0.15, 0.15), (0, 0.1, 0.1, 0.1), (0, 0.06, 0.06, 0.06), (0, 0.03, 0.03, 0.03), (1, 0.3, 0.3, 0.3), (1, 0.22, 0.22, 0.22), (1, 0.15, 0.15, 0.15), (1, 0.1, 0.1, 0.1), (1, 0.06, 0.06, 0.06), (1, 0.03, 0.03, 0.03)]
  [09:20:22] maruziyet: acik_pozisyon=0 pazar=0 dis_risk=0.0
  [09:20:28] mutabakat: pnl=-15.49 yerel=-14.53 etkin=-15.49 pencere=166 risk=8.15 emir=2172 dolum=166 pay=3195.1 geri_cekilen=1 red=19
  [09:20:29] dolum: sym=btc S=1789809600 oi=1 p=0.3 ofset=0.3 yeni=5.0 toplam=5.0 kaynak=yoklama gecen_sn=29.8
  [09:20:33] dolum: sym=btc S=1789809600 oi=1 p=0.22 ofset=0.22 yeni=5.0 toplam=5.0 kaynak=yoklama gecen_sn=33.4
  [09:20:34] DENGE_SINIRI: sym=btc S=1789809600 agir=Down up=0.0 down=10.0 iptal=6 kalan_hafif=7
  [09:23:13] COZULDU: sym=btc S=1789809300 kol=A kazanan=1 pay=10.0 maliyet=1.85 pnl=-1.85 geri_cekildi=None emirler=[{'oi': 0, 'p': 0.22, 'ofs': 0.22, 'hedef_ofs': 0.22, 'bb': 0.31, 'pay': 5.0, 'durum': 'kapali', 'gecikme_ms': 64250}, {'oi': 0, 'p': 0.15, 'ofs': 0.15, 'hedef_ofs': 0.15, 'bb': 0.31, 'pay': 5.0, 'durum': 'kapali', 'gecikme_ms': 93172}, {'oi': 0, 'p': 0.1, 'ofs': 0.1, 'hedef_ofs': 0.1, 'bb': 0.31, 'pay': 0.0, 'durum': 'kapali', 'gecikme_ms': None}, {'oi': 0, 'p': 0.06, 'ofs': 0.06, 'hedef_ofs': 0.06, 'bb': 0.31, 'pay': 0.0, 'durum': 'kapali', 'gecikme_ms': None}, {'oi': 0, 'p': 0.03, 'ofs': 0.03, 'hedef_ofs': 0.03, 'bb': 0.31, 'pay': 0.0, 'durum': 'kapali', 'gecikme_ms': None}, {'oi': 1, 'p': 0.4, 'ofs': 0.4, 'hedef_ofs': 0.4, 'bb': 0.68, 'pay': 0.0, 'durum': 'kapali', 'gecikme_ms': None}, {'oi': 1, 'p': 0.3, 'ofs': 0.3, 'hedef_ofs': 0.3, 'bb': 0.68, 'pay': 0.0, 'durum': 'kapali', 'gecikme_ms': None}, {'oi': 1, 'p': 0.22, 'ofs': 0.22, 'hedef_ofs': 0.22, 'bb': 0.68, 'pay': 0.0, 'durum': 'kapali', 'gecikme_ms': None}, {'oi': 1, 'p': 0.15, 'ofs': 0.15, 'hedef_ofs': 0.15, 'bb': 0.68, 'pay': 0.0, 'durum': 'kapali', 'gecikme_ms': None}, {'oi': 1, 'p': 0.1, 'ofs': 0.1, 'hedef_ofs': 0.1, 'bb': 0.68, 'pay': 0.0, 'durum': 'kapali', 'gecikme_ms': None}, {'oi': 1, 'p': 0.06, 'ofs': 0.06, 'hedef_ofs': 0.06, 'bb': 0.68, 'pay': 0.0, 'durum': 'kapali', 'gecikme_ms': None}, {'oi': 1, 'p': 0.03, 'ofs': 0.03, 'hedef_ofs': 0.03, 'bb': 0.68, 'pay': 0.0, 'durum': 'kapali', 'gecikme_ms': None}]
  [09:23:21] GEC_UCUZ_KESILDI: sym=btc S=1789809600 iptal=5 fiyatlar=[0.03, 0.06, 0.1, 0.15, 0.22] kalan_acik=2
  [09:24:43] maruziyet: acik_pozisyon=0 pazar=0 dis_risk=0.0
  [09:24:48] mutabakat: pnl=-17.34 yerel=-16.38 etkin=-17.34 pencere=167 risk=2.6 emir=2172 dolum=167 pay=3205.1 geri_cekilen=1 red=19
  [09:25:05] BOY: S=1789809900 klip=5.0 kol=A
  [09:25:06] pencere: sym=btc S=1789809900 kol=A tokens=[0, 1] emir=12 kabul=[7, 5] fiyatlar=[(0, 0.4, 0.4, 0.4), (0, 0.3, 0.3, 0.3), (0, 0.22, 0.22, 0.22), (0, 0.15, 0.15, 0.15), (0, 0.1, 0.1, 0.1), (0, 0.06, 0.06, 0.06), (0, 0.03, 0.03, 0.03), (1, 0.22, 0.22, 0.22), (1, 0.15, 0.15, 0.15), (1, 0.1, 0.1, 0.1), (1, 0.06, 0.06, 0.06), (1, 0.03, 0.03, 0.03)]
  [09:25:14] dolum: sym=btc S=1789809900 oi=0 p=0.4 ofset=0.4 yeni=5.0 toplam=5.0 kaynak=yoklama gecen_sn=14.6
  [09:25:28] dolum: sym=btc S=1789809900 oi=0 p=0.3 ofset=0.3 yeni=5.0 toplam=5.0 kaynak=yoklama gecen_sn=28.4
  [09:25:30] DENGE_SINIRI: sym=btc S=1789809900 agir=Up up=10.0 down=0.0 iptal=7 kalan_hafif=5
  [09:28:05] COZULDU: sym=btc S=1789809600 kol=A kazanan=0 pay=10.0 maliyet=2.6 pnl=-2.6 geri_cekildi=None emirler=[{'oi': 0, 'p': 0.4, 'ofs': 0.4, 'hedef_ofs': 0.4, 'bb': 0.62, 'pay': 0.0, 'durum': 'kapali', 'gecikme_ms': None}, {'oi': 0, 'p': 0.3, 'ofs': 0.3, 'hedef_ofs': 0.3, 'bb': 0.62, 'pay': 0.0, 'durum': 'kapali', 'gecikme_ms': None}, {'oi': 0, 'p': 0.22, 'ofs': 0.22, 'hedef_ofs': 0.22, 'bb': 0.62, 'pay': 0.0, 'durum': 'kapali', 'gecikme_ms': None}, {'oi': 0, 'p': 0.15, 'ofs': 0.15, 'hedef_ofs': 0.15, 'bb': 0.62, 'pay': 0.0, 'durum': 'kapali', 'gecikme_ms': None}, {'oi': 0, 'p': 0.1, 'ofs': 0.1, 'hedef_ofs': 0.1, 'bb': 0.62, 'pay': 0.0, 'durum': 'kapali', 'gecikme_ms': None}, {'oi': 0, 'p': 0.06, 'ofs': 0.06, 'hedef_ofs': 0.06, 'bb': 0.62, 'pay': 0.0, 'durum': 'kapali', 'gecikme_ms': None}, {'oi': 0, 'p': 0.03, 'ofs': 0.03, 'hedef_ofs': 0.03, 'bb': 0.62, 'pay': 0.0, 'durum': 'kapali', 'gecikme_ms': None}, {'oi': 1, 'p': 0.3, 'ofs': 0.3, 'hedef_ofs': 0.3, 'bb': 0.37, 'pay': 5.0, 'durum': 'kapali', 'gecikme_ms': 23175}, {'oi': 1, 'p': 0.22, 'ofs': 0.22, 'hedef_ofs': 0.22, 'bb': 0.37, 'pay': 5.0, 'durum': 'kapali', 'gecikme_ms': 26794}, {'oi': 1, 'p': 0.15, 'ofs': 0.15, 'hedef_ofs': 0.15, 'bb': 0.37, 'pay': 0.0, 'durum': 'kapali', 'gecikme_ms': None}, {'oi': 1, 'p': 0.1, 'ofs': 0.1, 'hedef_ofs': 0.1, 'bb': 0.37, 'pay': 0.0, 'durum': 'kapali', 'gecikme_ms': None}, {'oi': 1, 'p': 0.06, 'ofs': 0.06, 'hedef_ofs': 0.06, 'bb': 0.37, 'pay': 0.0, 'durum': 'kapali', 'gecikme_ms': None}, {'oi': 1, 'p': 0.03, 'ofs': 0.03, 'hedef_ofs': 0.03, 'bb': 0.37, 'pay': 0.0, 'durum': 'kapali', 'gecikme_ms': None}]
  [09:28:21] GEC_UCUZ_KESILDI: sym=btc S=1789809900 iptal=5 fiyatlar=[0.03, 0.06, 0.1, 0.15, 0.22] kalan_acik=0
  [09:29:03] maruziyet: acik_pozisyon=0 pazar=0 dis_risk=0.0
  [09:29:09] mutabakat: pnl=-19.94 yerel=-18.98 etkin=-19.94 pencere=168 risk=3.5 emir=2184 dolum=168 pay=3215.1 geri_cekilen=1 red=19
  [09:30:06] BOY: S=1789810200 klip=5.0 kol=A
  [09:30:06] pencere: sym=btc S=1789810200 kol=A tokens=[0, 1] emir=13 kabul=[6, 7] fiyatlar=[(0, 0.3, 0.3, 0.3), (0, 0.22, 0.22, 0.22), (0, 0.15, 0.15, 0.15), (0, 0.1, 0.1, 0.1), (0, 0.06, 0.06, 0.06), (0, 0.03, 0.03, 0.03), (1, 0.4, 0.4, 0.4), (1, 0.3, 0.3, 0.3), (1, 0.22, 0.22, 0.22), (1, 0.15, 0.15, 0.15), (1, 0.1, 0.1, 0.1), (1, 0.06, 0.06, 0.06), (1, 0.03, 0.03, 0.03)]
  [09:30:37] dolum: sym=btc S=1789810200 oi=1 p=0.4 ofset=0.4 yeni=5.0 toplam=5.0 kaynak=yoklama gecen_sn=37.1
  [09:31:25] dolum: sym=btc S=1789810200 oi=0 p=0.3 ofset=0.3 yeni=5.0 toplam=5.0 kaynak=yoklama gecen_sn=86.0
  [09:31:27] dolum: sym=btc S=1789810200 oi=0 p=0.22 ofset=0.22 yeni=5.0 toplam=5.0 kaynak=yoklama gecen_sn=87.8
  [09:31:51] dolum: sym=btc S=1789810200 oi=0 p=0.15 ofset=0.15 yeni=5.0 toplam=5.0 kaynak=yoklama gecen_sn=111.6
  [09:31:52] dolum: sym=btc S=1789810200 oi=0 p=0.1 ofset=0.1 yeni=5.0 toplam=5.0 kaynak=iptal gecen_sn=112.9
  [09:31:53] DENGE_SINIRI: sym=btc S=1789810200 agir=Up up=15.0 down=5.0 iptal=6 kalan_hafif=7
  [09:33:21] GEC_UCUZ_KESILDI: sym=btc S=1789810200 iptal=5 fiyatlar=[0.03, 0.06, 0.1, 0.15, 0.22] kalan_acik=2
  [09:33:23] maruziyet: acik_pozisyon=0 pazar=0 dis_risk=0.0
  [09:33:28] mutabakat: pnl=-19.94 yerel=-18.98 etkin=-19.94 pencere=168 risk=4.35 emir=2197 dolum=168 pay=3215.1 geri_cekilen=1 red=19
  [09:33:57] COZULDU: sym=btc S=1789809900 kol=A kazanan=1 pay=10.0 maliyet=3.5 pnl=-3.5 geri_cekildi=None emirler=[{'oi': 0, 'p': 0.4, 'ofs': 0.4, 'hedef_ofs': 0.4, 'bb': 0.61, 'pay': 5.0, 'durum': 'kapali', 'gecikme_ms': 8028}, {'oi': 0, 'p': 0.3, 'ofs': 0.3, 'hedef_ofs': 0.3, 'bb': 0.61, 'pay': 5.0, 'durum': 'kapali', 'gecikme_ms': 21876}, {'oi': 0, 'p': 0.22, 'ofs': 0.22, 'hedef_ofs': 0.22, 'bb': 0.61, 'pay': 0.0, 'durum': 'kapali', 'gecikme_ms': None}, {'oi': 0, 'p': 0.15, 'ofs': 0.15, 'hedef_ofs': 0.15, 'bb': 0.61, 'pay': 0.0, 'durum': 'kapali', 'gecikme_ms': None}, {'oi': 0, 'p': 0.1, 'ofs': 0.1, 'hedef_ofs': 0.1, 'bb': 0.61, 'pay': 0.0, 'durum': 'kapali', 'gecikme_ms': None}, {'oi': 0, 'p': 0.06, 'ofs': 0.06, 'hedef_ofs': 0.06, 'bb': 0.61, 'pay': 0.0, 'durum': 'kapali', 'gecikme_ms': None}, {'oi': 0, 'p': 0.03, 'ofs': 0.03, 'hedef_ofs': 0.03, 'bb': 0.61, 'pay': 0.0, 'durum': 'kapali', 'gecikme_ms': None}, {'oi': 1, 'p': 0.22, 'ofs': 0.22, 'hedef_ofs': 0.22, 'bb': 0.35, 'pay': 0.0, 'durum': 'kapali', 'gecikme_ms': None}, {'oi': 1, 'p': 0.15, 'ofs': 0.15, 'hedef_ofs': 0.15, 'bb': 0.35, 'pay': 0.0, 'durum': 'kapali', 'gecikme_ms': None}, {'oi': 1, 'p': 0.1, 'ofs': 0.1, 'hedef_ofs': 0.1, 'bb': 0.35, 'pay': 0.0, 'durum': 'kapali', 'gecikme_ms': None}, {'oi': 1, 'p': 0.06, 'ofs': 0.06, 'hedef_ofs': 0.06, 'bb': 0.35, 'pay': 0.0, 'durum': 'kapali', 'gecikme_ms': None}, {'oi': 1, 'p': 0.03, 'ofs': 0.03, 'hedef_ofs': 0.03, 'bb': 0.35, 'pay': 0.0, 'durum': 'kapali', 'gecikme_ms': None}]
  [09:35:05] BOY: S=1789810500 klip=5.0 kol=A
  [09:35:06] pencere: sym=btc S=1789810500 kol=A tokens=[0, 1] emir=13 kabul=[7, 6] fiyatlar=[(0, 0.4, 0.4, 0.4), (0, 0.3, 0.3, 0.3), (0, 0.22, 0.22, 0.22), (0, 0.15, 0.15, 0.15), (0, 0.1, 0.1, 0.1), (0, 0.06, 0.06, 0.06), (0, 0.03, 0.03, 0.03), (1, 0.3, 0.3, 0.3), (1, 0.22, 0.22, 0.22), (1, 0.15, 0.15, 0.15), (1, 0.1, 0.1, 0.1), (1, 0.06, 0.06, 0.06), (1, 0.03, 0.03, 0.03)]
  [09:35:30] dolum: sym=btc S=1789810500 oi=0 p=0.4 ofset=0.4 yeni=5.0 toplam=5.0 kaynak=yoklama gecen_sn=30.5
  [09:35:47] dolum: sym=btc S=1789810500 oi=0 p=0.3 ofset=0.3 yeni=5.0 toplam=5.0 kaynak=yoklama gecen_sn=47.2
  [09:35:48] DENGE_SINIRI: sym=btc S=1789810500 agir=Up up=10.0 down=0.0 iptal=7 kalan_hafif=6
  [09:37:13] dolum: sym=btc S=1789810500 oi=1 p=0.3 ofset=0.3 yeni=5.0 toplam=5.0 kaynak=yoklama gecen_sn=133.7
  [09:37:44] maruziyet: acik_pozisyon=0 pazar=0 dis_risk=0.0
  [09:37:49] mutabakat: pnl=-23.44 yerel=-22.48 etkin=-23.44 pencere=169 risk=0.85 emir=2210 dolum=169 pay=3225.1 geri_cekilen=1 red=19
  [09:38:21] GEC_UCUZ_KESILDI: sym=btc S=1789810500 iptal=5 fiyatlar=[0.03, 0.06, 0.1, 0.15, 0.22] kalan_acik=1
  [09:39:02] COZULDU: sym=btc S=1789810200 kol=A kazanan=1 pay=25.0 maliyet=5.85 pnl=-0.85 geri_cekildi=None emirler=[{'oi': 0, 'p': 0.3, 'ofs': 0.3, 'hedef_ofs': 0.3, 'bb': 0.45, 'pay': 5.0, 'durum': 'kapali', 'gecikme_ms': 79253}, {'oi': 0, 'p': 0.22, 'ofs': 0.22, 'hedef_ofs': 0.22, 'bb': 0.45, 'pay': 5.0, 'durum': 'kapali', 'gecikme_ms': 81068}, {'oi': 0, 'p': 0.15, 'ofs': 0.15, 'hedef_ofs': 0.15, 'bb': 0.45, 'pay': 5.0, 'durum': 'kapali', 'gecikme_ms': 104885}, {'oi': 0, 'p': 0.1, 'ofs': 0.1, 'hedef_ofs': 0.1, 'bb': 0.45, 'pay': 5.0, 'durum': 'kapali', 'gecikme_ms': 106179}, {'oi': 0, 'p': 0.06, 'ofs': 0.06, 'hedef_ofs': 0.06, 'bb': 0.45, 'pay': 0.0, 'durum': 'kapali', 'gecikme_ms': None}, {'oi': 0, 'p': 0.03, 'ofs': 0.03, 'hedef_ofs': 0.03, 'bb': 0.45, 'pay': 0.0, 'durum': 'kapali', 'gecikme_ms': None}, {'oi': 1, 'p': 0.4, 'ofs': 0.4, 'hedef_ofs': 0.4, 'bb': 0.56, 'pay': 5.0, 'durum': 'kapali', 'gecikme_ms': 30356}, {'oi': 1, 'p': 0.3, 'ofs': 0.3, 'hedef_ofs': 0.3, 'bb': 0.56, 'pay': 0.0, 'durum': 'kapali', 'gecikme_ms': None}, {'oi': 1, 'p': 0.22, 'ofs': 0.22, 'hedef_ofs': 0.22, 'bb': 0.56, 'pay': 0.0, 'durum': 'kapali', 'gecikme_ms': None}, {'oi': 1, 'p': 0.15, 'ofs': 0.15, 'hedef_ofs': 0.15, 'bb': 0.56, 'pay': 0.0, 'durum': 'kapali', 'gecikme_ms': None}, {'oi': 1, 'p': 0.1, 'ofs': 0.1, 'hedef_ofs': 0.1, 'bb': 0.56, 'pay': 0.0, 'durum': 'kapali', 'gecikme_ms': None}, {'oi': 1, 'p': 0.06, 'ofs': 0.06, 'hedef_ofs': 0.06, 'bb': 0.56, 'pay': 0.0, 'durum': 'kapali', 'gecikme_ms': None}, {'oi': 1, 'p': 0.03, 'ofs': 0.03, 'hedef_ofs': 0.03, 'bb': 0.56, 'pay': 0.0, 'durum': 'kapali', 'gecikme_ms': None}]
  [09:40:05] BOY: S=1789810800 klip=5.0 kol=A
  [09:40:06] pencere: sym=btc S=1789810800 kol=A tokens=[0, 1] emir=12 kabul=[7, 5] fiyatlar=[(0, 0.4, 0.4, 0.4), (0, 0.3, 0.3, 0.3), (0, 0.22, 0.22, 0.22), (0, 0.15, 0.15, 0.15), (0, 0.1, 0.1, 0.1), (0, 0.06, 0.06, 0.06), (0, 0.03, 0.03, 0.03), (1, 0.22, 0.22, 0.22), (1, 0.15, 0.15, 0.15), (1, 0.1, 0.1, 0.1), (1, 0.06, 0.06, 0.06), (1, 0.03, 0.03, 0.03)]
  [09:40:44] dolum: sym=btc S=1789810800 oi=0 p=0.4 ofset=0.4 yeni=5.0 toplam=5.0 kaynak=yoklama gecen_sn=45.0
  [09:41:36] dolum: sym=btc S=1789810800 oi=0 p=0.3 ofset=0.3 yeni=5.0 toplam=5.0 kaynak=yoklama gecen_sn=96.3
  [09:41:37] DENGE_SINIRI: sym=btc S=1789810800 agir=Up up=10.0 down=0.0 iptal=7 kalan_hafif=5
  [09:42:04] maruziyet: acik_pozisyon=0 pazar=0 dis_risk=0.0
  [09:42:10] mutabakat: pnl=-24.29 yerel=-23.33 etkin=-24.29 pencere=170 risk=3.5 emir=2222 dolum=170 pay=3250.1 geri_cekilen=1 red=19
  [09:43:21] GEC_UCUZ_KESILDI: sym=btc S=1789810800 iptal=5 fiyatlar=[0.03, 0.06, 0.1, 0.15, 0.22] kalan_acik=0
  [09:43:52] COZULDU: sym=btc S=1789810500 kol=A kazanan=0 pay=15.0 maliyet=5.0 pnl=5.0 geri_cekildi=None emirler=[{'oi': 0, 'p': 0.4, 'ofs': 0.4, 'hedef_ofs': 0.4, 'bb': 0.62, 'pay': 5.0, 'durum': 'kapali', 'gecikme_ms': 23798}, {'oi': 0, 'p': 0.3, 'ofs': 0.3, 'hedef_ofs': 0.3, 'bb': 0.62, 'pay': 5.0, 'durum': 'kapali', 'gecikme_ms': 40473}, {'oi': 0, 'p': 0.22, 'ofs': 0.22, 'hedef_ofs': 0.22, 'bb': 0.62, 'pay': 0.0, 'durum': 'kapali', 'gecikme_ms': None}, {'oi': 0, 'p': 0.15, 'ofs': 0.15, 'hedef_ofs': 0.15, 'bb': 0.62, 'pay': 0.0, 'durum': 'kapali', 'gecikme_ms': None}, {'oi': 0, 'p': 0.1, 'ofs': 0.1, 'hedef_ofs': 0.1, 'bb': 0.62, 'pay': 0.0, 'durum': 'kapali', 'gecikme_ms': None}, {'oi': 0, 'p': 0.06, 'ofs': 0.06, 'hedef_ofs': 0.06, 'bb': 0.62, 'pay': 0.0, 'durum': 'kapali', 'gecikme_ms': None}, {'oi': 0, 'p': 0.03, 'ofs': 0.03, 'hedef_ofs': 0.03, 'bb': 0.62, 'pay': 0.0, 'durum': 'kapali', 'gecikme_ms': None}, {'oi': 1, 'p': 0.3, 'ofs': 0.3, 'hedef_ofs': 0.3, 'bb': 0.37, 'pay': 5.0, 'durum': 'kapali', 'gecikme_ms': 126960}, {'oi': 1, 'p': 0.22, 'ofs': 0.22, 'hedef_ofs': 0.22, 'bb': 0.37, 'pay': 0.0, 'durum': 'kapali', 'gecikme_ms': None}, {'oi': 1, 'p': 0.15, 'ofs': 0.15, 'hedef_ofs': 0.15, 'bb': 0.37, 'pay': 0.0, 'durum': 'kapali', 'gecikme_ms': None}, {'oi': 1, 'p': 0.1, 'ofs': 0.1, 'hedef_ofs': 0.1, 'bb': 0.37, 'pay': 0.0, 'durum': 'kapali', 'gecikme_ms': None}, {'oi': 1, 'p': 0.06, 'ofs': 0.06, 'hedef_ofs': 0.06, 'bb': 0.37, 'pay': 0.0, 'durum': 'kapali', 'gecikme_ms': None}, {'oi': 1, 'p': 0.03, 'ofs': 0.03, 'hedef_ofs': 0.03, 'bb': 0.37, 'pay': 0.0, 'durum': 'kapali', 'gecikme_ms': None}]
  [09:45:05] BOY: S=1789811100 klip=5.0 kol=A
  [09:45:06] pencere: sym=btc S=1789811100 kol=A tokens=[0, 1] emir=13 kabul=[7, 6] fiyatlar=[(0, 0.4, 0.4, 0.4), (0, 0.3, 0.3, 0.3), (0, 0.22, 0.22, 0.22), (0, 0.15, 0.15, 0.15), (0, 0.1, 0.1, 0.1), (0, 0.06, 0.06, 0.06), (0, 0.03, 0.03, 0.03), (1, 0.3, 0.3, 0.3), (1, 0.22, 0.22, 0.22), (1, 0.15, 0.15, 0.15), (1, 0.1, 0.1, 0.1), (1, 0.06, 0.06, 0.06), (1, 0.03, 0.03, 0.03)]
  [09:45:43] dolum: sym=btc S=1789811100 oi=1 p=0.3 ofset=0.3 yeni=3.286 toplam=3.286 kaynak=yoklama gecen_sn=44.0
  [09:45:45] dolum: sym=btc S=1789811100 oi=1 p=0.3 ofset=0.3 yeni=1.71 toplam=4.996 kaynak=yoklama gecen_sn=45.6
  [09:45:56] dolum: sym=btc S=1789811100 oi=1 p=0.22 ofset=0.22 yeni=5.0 toplam=5.0 kaynak=yoklama gecen_sn=56.5
  [09:45:57] DENGE_SINIRI: sym=btc S=1789811100 agir=Down up=0.0 down=10.0 iptal=6 kalan_hafif=7
  [09:46:25] maruziyet: acik_pozisyon=0 pazar=0 dis_risk=0.0
  [09:46:30] mutabakat: pnl=-19.29 yerel=-18.33 etkin=-19.29 pencere=171 risk=6.1 emir=2235 dolum=171 pay=3265.1 geri_cekilen=1 red=19
  [09:48:21] GEC_UCUZ_KESILDI: sym=btc S=1789811100 iptal=5 fiyatlar=[0.03, 0.06, 0.1, 0.15, 0.22] kalan_acik=2
  [09:49:02] COZULDU: sym=btc S=1789810800 kol=A kazanan=1 pay=10.0 maliyet=3.5 pnl=-3.5 geri_cekildi=None emirler=[{'oi': 0, 'p': 0.4, 'ofs': 0.4, 'hedef_ofs': 0.4, 'bb': 0.65, 'pay': 5.0, 'durum': 'kapali', 'gecikme_ms': 38374}, {'oi': 0, 'p': 0.3, 'ofs': 0.3, 'hedef_ofs': 0.3, 'bb': 0.65, 'pay': 5.0, 'durum': 'kapali', 'gecikme_ms': 89703}, {'oi': 0, 'p': 0.22, 'ofs': 0.22, 'hedef_ofs': 0.22, 'bb': 0.65, 'pay': 0.0, 'durum': 'kapali', 'gecikme_ms': None}, {'oi': 0, 'p': 0.15, 'ofs': 0.15, 'hedef_ofs': 0.15, 'bb': 0.65, 'pay': 0.0, 'durum': 'kapali', 'gecikme_ms': None}, {'oi': 0, 'p': 0.1, 'ofs': 0.1, 'hedef_ofs': 0.1, 'bb': 0.65, 'pay': 0.0, 'durum': 'kapali', 'gecikme_ms': None}, {'oi': 0, 'p': 0.06, 'ofs': 0.06, 'hedef_ofs': 0.06, 'bb': 0.65, 'pay': 0.0, 'durum': 'kapali', 'gecikme_ms': None}, {'oi': 0, 'p': 0.03, 'ofs': 0.03, 'hedef_ofs': 0.03, 'bb': 0.65, 'pay': 0.0, 'durum': 'kapali', 'gecikme_ms': None}, {'oi': 1, 'p': 0.22, 'ofs': 0.22, 'hedef_ofs': 0.22, 'bb': 0.34, 'pay': 0.0, 'durum': 'kapali', 'gecikme_ms': None}, {'oi': 1, 'p': 0.15, 'ofs': 0.15, 'hedef_ofs': 0.15, 'bb': 0.34, 'pay': 0.0, 'durum': 'kapali', 'gecikme_ms': None}, {'oi': 1, 'p': 0.1, 'ofs': 0.1, 'hedef_ofs': 0.1, 'bb': 0.34, 'pay': 0.0, 'durum': 'kapali', 'gecikme_ms': None}, {'oi': 1, 'p': 0.06, 'ofs': 0.06, 'hedef_ofs': 0.06, 'bb': 0.34, 'pay': 0.0, 'durum': 'kapali', 'gecikme_ms': None}, {'oi': 1, 'p': 0.03, 'ofs': 0.03, 'hedef_ofs': 0.03, 'bb': 0.34, 'pay': 0.0, 'durum': 'kapali', 'gecikme_ms': None}]
  [09:50:06] BOY: S=1789811400 klip=5.0 kol=A
  [09:50:06] pencere: sym=btc S=1789811400 kol=A tokens=[0, 1] emir=13 kabul=[7, 6] fiyatlar=[(0, 0.4, 0.4, 0.4), (0, 0.3, 0.3, 0.3), (0, 0.22, 0.22, 0.22), (0, 0.15, 0.15, 0.15), (0, 0.1, 0.1, 0.1), (0, 0.06, 0.06, 0.06), (0, 0.03, 0.03, 0.03), (1, 0.3, 0.3, 0.3), (1, 0.22, 0.22, 0.22), (1, 0.15, 0.15, 0.15), (1, 0.1, 0.1, 0.1), (1, 0.06, 0.06, 0.06), (1, 0.03, 0.03, 0.03)]
  [09:50:21] dolum: sym=btc S=1789811400 oi=0 p=0.4 ofset=0.4 yeni=5.0 toplam=5.0 kaynak=yoklama gecen_sn=21.7
  [09:50:46] maruziyet: acik_pozisyon=0 pazar=0 dis_risk=0.0
  [09:50:52] mutabakat: pnl=-22.79 yerel=-21.83 etkin=-22.79 pencere=172 risk=8.9 emir=2248 dolum=172 pay=3275.1 geri_cekilen=1 red=19
  [09:51:09] dolum: sym=btc S=1789811400 oi=0 p=0.3 ofset=0.3 yeni=5.0 toplam=5.0 kaynak=yoklama gecen_sn=69.7
  [09:51:11] DENGE_SINIRI: sym=btc S=1789811400 agir=Up up=10.0 down=0.0 iptal=7 kalan_hafif=6
  [09:53:21] GEC_UCUZ_KESILDI: sym=btc S=1789811400 iptal=5 fiyatlar=[0.03, 0.06, 0.1, 0.15, 0.22] kalan_acik=1
  [09:54:36] COZULDU: sym=btc S=1789811100 kol=A kazanan=0 pay=10.0 maliyet=2.6 pnl=-2.6 geri_cekildi=None emirler=[{'oi': 0, 'p': 0.4, 'ofs': 0.4, 'hedef_ofs': 0.4, 'bb': 0.54, 'pay': 0.0, 'durum': 'kapali', 'gecikme_ms': None}, {'oi': 0, 'p': 0.3, 'ofs': 0.3, 'hedef_ofs': 0.3, 'bb': 0.54, 'pay': 0.0, 'durum': 'kapali', 'gecikme_ms': None}, {'oi': 0, 'p': 0.22, 'ofs': 0.22, 'hedef_ofs': 0.22, 'bb': 0.54, 'pay': 0.0, 'durum': 'kapali', 'gecikme_ms': None}, {'oi': 0, 'p': 0.15, 'ofs': 0.15, 'hedef_ofs': 0.15, 'bb': 0.54, 'pay': 0.0, 'durum': 'kapali', 'gecikme_ms': None}, {'oi': 0, 'p': 0.1, 'ofs': 0.1, 'hedef_ofs': 0.1, 'bb': 0.54, 'pay': 0.0, 'durum': 'kapali', 'gecikme_ms': None}, {'oi': 0, 'p': 0.06, 'ofs': 0.06, 'hedef_ofs': 0.06, 'bb': 0.54, 'pay': 0.0, 'durum': 'kapali', 'gecikme_ms': None}, {'oi': 0, 'p': 0.03, 'ofs': 0.03, 'hedef_ofs': 0.03, 'bb': 0.54, 'pay': 0.0, 'durum': 'kapali', 'gecikme_ms': None}, {'oi': 1, 'p': 0.3, 'ofs': 0.3, 'hedef_ofs': 0.3, 'bb': 0.45, 'pay': 5.0, 'durum': 'kapali', 'gecikme_ms': 37358}, {'oi': 1, 'p': 0.22, 'ofs': 0.22, 'hedef_ofs': 0.22, 'bb': 0.45, 'pay': 5.0, 'durum': 'kapali', 'gecikme_ms': 49820}, {'oi': 1, 'p': 0.15, 'ofs': 0.15, 'hedef_ofs': 0.15, 'bb': 0.45, 'pay': 0.0, 'durum': 'kapali', 'gecikme_ms': None}, {'oi': 1, 'p': 0.1, 'ofs': 0.1, 'hedef_ofs': 0.1, 'bb': 0.45, 'pay': 0.0, 'durum': 'kapali', 'gecikme_ms': None}, {'oi': 1, 'p': 0.06, 'ofs': 0.06, 'hedef_ofs': 0.06, 'bb': 0.45, 'pay': 0.0, 'durum': 'kapali', 'gecikme_ms': None}, {'oi': 1, 'p': 0.03, 'ofs': 0.03, 'hedef_ofs': 0.03, 'bb': 0.45, 'pay': 0.0, 'durum': 'kapali', 'gecikme_ms': None}]
  [09:55:06] BOY: S=1789811700 klip=5.0 kol=A
  [09:55:06] pencere: sym=btc S=1789811700 kol=A tokens=[0, 1] emir=13 kabul=[7, 6] fiyatlar=[(0, 0.4, 0.4, 0.4), (0, 0.3, 0.3, 0.3), (0, 0.22, 0.22, 0.22), (0, 0.15, 0.15, 0.15), (0, 0.1, 0.1, 0.1), (0, 0.06, 0.06, 0.06), (0, 0.03, 0.03, 0.03), (1, 0.3, 0.3, 0.3), (1, 0.22, 0.22, 0.22), (1, 0.15, 0.15, 0.15), (1, 0.1, 0.1, 0.1), (1, 0.06, 0.06, 0.06), (1, 0.03, 0.03, 0.03)]
  [09:55:09] maruziyet: acik_pozisyon=0 pazar=0 dis_risk=0.0
  [09:55:14] mutabakat: pnl=-25.39 yerel=-24.43 etkin=-25.39 pencere=173 risk=9.8 emir=2261 dolum=173 pay=3285.1 geri_cekilen=1 red=19
  [09:57:10] dolum: sym=btc S=1789811700 oi=1 p=0.3 ofset=0.3 yeni=5.0 toplam=5.0 kaynak=yoklama gecen_sn=130.0
  [09:57:53] dolum: sym=btc S=1789811700 oi=1 p=0.22 ofset=0.22 yeni=5.0 toplam=5.0 kaynak=yoklama gecen_sn=173.1
  [09:57:54] DENGE_SINIRI: sym=btc S=1789811700 agir=Down up=0.0 down=10.0 iptal=6 kalan_hafif=7
  [09:58:20] GEC_UCUZ_KESILDI: sym=btc S=1789811700 iptal=5 fiyatlar=[0.03, 0.06, 0.1, 0.15, 0.22] kalan_acik=2
  [09:59:29] maruziyet: acik_pozisyon=0 pazar=0 dis_risk=0.0
  [09:59:34] mutabakat: pnl=-25.39 yerel=-24.43 etkin=-25.39 pencere=173 risk=6.1 emir=2261 dolum=173 pay=3285.1 geri_cekilen=1 red=19
  [09:59:45] COZULDU: sym=btc S=1789811400 kol=A kazanan=1 pay=10.0 maliyet=3.5 pnl=-3.5 geri_cekildi=None emirler=[{'oi': 0, 'p': 0.4, 'ofs': 0.4, 'hedef_ofs': 0.4, 'bb': 0.55, 'pay': 5.0, 'durum': 'kapali', 'gecikme_ms': 14984}, {'oi': 0, 'p': 0.3, 'ofs': 0.3, 'hedef_ofs': 0.3, 'bb': 0.55, 'pay': 5.0, 'durum': 'kapali', 'gecikme_ms': 62966}, {'oi': 0, 'p': 0.22, 'ofs': 0.22, 'hedef_ofs': 0.22, 'bb': 0.55, 'pay': 0.0, 'durum': 'kapali', 'gecikme_ms': None}, {'oi': 0, 'p': 0.15, 'ofs': 0.15, 'hedef_ofs': 0.15, 'bb': 0.55, 'pay': 0.0, 'durum': 'kapali', 'gecikme_ms': None}, {'oi': 0, 'p': 0.1, 'ofs': 0.1, 'hedef_ofs': 0.1, 'bb': 0.55, 'pay': 0.0, 'durum': 'kapali', 'gecikme_ms': None}, {'oi': 0, 'p': 0.06, 'ofs': 0.06, 'hedef_ofs': 0.06, 'bb': 0.55, 'pay': 0.0, 'durum': 'kapali', 'gecikme_ms': None}, {'oi': 0, 'p': 0.03, 'ofs': 0.03, 'hedef_ofs': 0.03, 'bb': 0.55, 'pay': 0.0, 'durum': 'kapali', 'gecikme_ms': None}, {'oi': 1, 'p': 0.3, 'ofs': 0.3, 'hedef_ofs': 0.3, 'bb': 0.44, 'pay': 0.0, 'durum': 'kapali', 'gecikme_ms': None}, {'oi': 1, 'p': 0.22, 'ofs': 0.22, 'hedef_ofs': 0.22, 'bb': 0.44, 'pay': 0.0, 'durum': 'kapali', 'gecikme_ms': None}, {'oi': 1, 'p': 0.15, 'ofs': 0.15, 'hedef_ofs': 0.15, 'bb': 0.44, 'pay': 0.0, 'durum': 'kapali', 'gecikme_ms': None}, {'oi': 1, 'p': 0.1, 'ofs': 0.1, 'hedef_ofs': 0.1, 'bb': 0.44, 'pay': 0.0, 'durum': 'kapali', 'gecikme_ms': None}, {'oi': 1, 'p': 0.06, 'ofs': 0.06, 'hedef_ofs': 0.06, 'bb': 0.44, 'pay': 0.0, 'durum': 'kapali', 'gecikme_ms': None}, {'oi': 1, 'p': 0.03, 'ofs': 0.03, 'hedef_ofs': 0.03, 'bb': 0.44, 'pay': 0.0, 'durum': 'kapali', 'gecikme_ms': None}]
  [10:00:05] BOY: S=1789812000 klip=5.0 kol=A
  [10:00:06] pencere: sym=btc S=1789812000 kol=A tokens=[0, 1] emir=12 kabul=[5, 7] fiyatlar=[(0, 0.22, 0.22, 0.22), (0, 0.15, 0.15, 0.15), (0, 0.1, 0.1, 0.1), (0, 0.06, 0.06, 0.06), (0, 0.03, 0.03, 0.03), (1, 0.4, 0.4, 0.4), (1, 0.3, 0.3, 0.3), (1, 0.22, 0.22, 0.22), (1, 0.15, 0.15, 0.15), (1, 0.1, 0.1, 0.1), (1, 0.06, 0.06, 0.06), (1, 0.03, 0.03, 0.03)]
  [10:03:21] GEC_UCUZ_KESILDI: sym=btc S=1789812000 iptal=10 fiyatlar=[0.03, 0.06, 0.1, 0.15, 0.22] kalan_acik=2
  [10:03:49] acilis_maruziyeti_OKUNAMADI: err=HTTP Error 429: Too Many Requests karar=FAIL_CLOSED
  [10:03:59] mutabakat: pnl=-28.89 yerel=-27.93 etkin=-28.89 pencere=174 risk=6.1 emir=2273 dolum=174 pay=3295.1 geri_cekilen=1 red=19
  [10:05:02] COZULDU: sym=btc S=1789811700 kol=A kazanan=0 pay=10.0 maliyet=2.6 pnl=-2.6 geri_cekildi=None emirler=[{'oi': 0, 'p': 0.4, 'ofs': 0.4, 'hedef_ofs': 0.4, 'bb': 0.56, 'pay': 0.0, 'durum': 'kapali', 'gecikme_ms': None}, {'oi': 0, 'p': 0.3, 'ofs': 0.3, 'hedef_ofs': 0.3, 'bb': 0.56, 'pay': 0.0, 'durum': 'kapali', 'gecikme_ms': None}, {'oi': 0, 'p': 0.22, 'ofs': 0.22, 'hedef_ofs': 0.22, 'bb': 0.56, 'pay': 0.0, 'durum': 'kapali', 'gecikme_ms': None}, {'oi': 0, 'p': 0.15, 'ofs': 0.15, 'hedef_ofs': 0.15, 'bb': 0.56, 'pay': 0.0, 'durum': 'kapali', 'gecikme_ms': None}, {'oi': 0, 'p': 0.1, 'ofs': 0.1, 'hedef_ofs': 0.1, 'bb': 0.56, 'pay': 0.0, 'durum': 'kapali', 'gecikme_ms': None}, {'oi': 0, 'p': 0.06, 'ofs': 0.06, 'hedef_ofs': 0.06, 'bb': 0.56, 'pay': 0.0, 'durum': 'kapali', 'gecikme_ms': None}, {'oi': 0, 'p': 0.03, 'ofs': 0.03, 'hedef_ofs': 0.03, 'bb': 0.56, 'pay': 0.0, 'durum': 'kapali', 'gecikme_ms': None}, {'oi': 1, 'p': 0.3, 'ofs': 0.3, 'hedef_ofs': 0.3, 'bb': 0.43, 'pay': 5.0, 'durum': 'kapali', 'gecikme_ms': 123379}, {'oi': 1, 'p': 0.22, 'ofs': 0.22, 'hedef_ofs': 0.22, 'bb': 0.43, 'pay': 5.0, 'durum': 'kapali', 'gecikme_ms': 166450}, {'oi': 1, 'p': 0.15, 'ofs': 0.15, 'hedef_ofs': 0.15, 'bb': 0.43, 'pay': 0.0, 'durum': 'kapali', 'gecikme_ms': None}, {'oi': 1, 'p': 0.1, 'ofs': 0.1, 'hedef_ofs': 0.1, 'bb': 0.43, 'pay': 0.0, 'durum': 'kapali', 'gecikme_ms': None}, {'oi': 1, 'p': 0.06, 'ofs': 0.06, 'hedef_ofs': 0.06, 'bb': 0.43, 'pay': 0.0, 'durum': 'kapali', 'gecikme_ms': None}, {'oi': 1, 'p': 0.03, 'ofs': 0.03, 'hedef_ofs': 0.03, 'bb': 0.43, 'pay': 0.0, 'durum': 'kapali', 'gecikme_ms': None}]
  [10:05:05] BOY: S=1789812300 klip=5.0 kol=A
  [10:05:06] pencere: sym=btc S=1789812300 kol=A tokens=[0, 1] emir=13 kabul=[6, 7] fiyatlar=[(0, 0.3, 0.3, 0.3), (0, 0.22, 0.22, 0.22), (0, 0.15, 0.15, 0.15), (0, 0.1, 0.1, 0.1), (0, 0.06, 0.06, 0.06), (0, 0.03, 0.03, 0.03), (1, 0.4, 0.4, 0.4), (1, 0.3, 0.3, 0.3), (1, 0.22, 0.22, 0.22), (1, 0.15, 0.15, 0.15), (1, 0.1, 0.1, 0.1), (1, 0.06, 0.06, 0.06), (1, 0.03, 0.03, 0.03)]
  [10:05:18] dolum: sym=btc S=1789812300 oi=0 p=0.3 ofset=0.3 yeni=5.0 toplam=5.0 kaynak=yoklama gecen_sn=18.9
  [10:06:02] dolum: sym=btc S=1789812300 oi=1 p=0.4 ofset=0.4 yeni=4.999 toplam=4.999 kaynak=yoklama gecen_sn=62.7
  [10:06:10] dolum: sym=btc S=1789812300 oi=1 p=0.3 ofset=0.3 yeni=5.0 toplam=5.0 kaynak=yoklama gecen_sn=70.0
  [10:07:36] dolum: sym=btc S=1789812300 oi=0 p=0.15 ofset=0.15 yeni=5.0 toplam=5.0 kaynak=yoklama gecen_sn=156.4
  [10:07:36] dolum: sym=btc S=1789812300 oi=0 p=0.1 ofset=0.1 yeni=5.0 toplam=5.0 kaynak=yoklama gecen_sn=156.5
  [10:07:38] dolum: sym=btc S=1789812300 oi=0 p=0.22 ofset=0.22 yeni=5.0 toplam=5.0 kaynak=yoklama gecen_sn=158.0
  [10:07:39] DENGE_SINIRI: sym=btc S=1789812300 agir=Up up=20.0 down=10.0 iptal=6 kalan_hafif=7
  [10:08:10] maruziyet: acik_pozisyon=0 pazar=0 dis_risk=0.0
  [10:08:16] mutabakat: pnl=-31.49 yerel=-30.53 etkin=-31.49 pencere=175 risk=0.0 emir=2286 dolum=175 pay=3305.1 geri_cekilen=1 red=19
  [10:08:21] GEC_UCUZ_KESILDI: sym=btc S=1789812300 iptal=5 fiyatlar=[0.03, 0.06, 0.1, 0.15, 0.22] kalan_acik=2
  [10:09:56] COZULDU: sym=btc S=1789812000 kol=A kazanan=1 pay=0.0 maliyet=0 pnl=0 geri_cekildi=None emirler=[{'oi': 0, 'p': 0.22, 'ofs': 0.22, 'hedef_ofs': 0.22, 'bb': 0.32, 'pay': 0.0, 'durum': 'kapali', 'gecikme_ms': None}, {'oi': 0, 'p': 0.15, 'ofs': 0.15, 'hedef_ofs': 0.15, 'bb': 0.32, 'pay': 0.0, 'durum': 'kapali', 'gecikme_ms': None}, {'oi': 0, 'p': 0.1, 'ofs': 0.1, 'hedef_ofs': 0.1, 'bb': 0.32, 'pay': 0.0, 'durum': 'kapali', 'gecikme_ms': None}, {'oi': 0, 'p': 0.06, 'ofs': 0.06, 'hedef_ofs': 0.06, 'bb': 0.32, 'pay': 0.0, 'durum': 'kapali', 'gecikme_ms': None}, {'oi': 0, 'p': 0.03, 'ofs': 0.03, 'hedef_ofs': 0.03, 'bb': 0.32, 'pay': 0.0, 'durum': 'kapali', 'gecikme_ms': None}, {'oi': 1, 'p': 0.4, 'ofs': 0.4, 'hedef_ofs': 0.4, 'bb': 0.67, 'pay': 0.0, 'durum': 'kapali', 'gecikme_ms': None}, {'oi': 1, 'p': 0.3, 'ofs': 0.3, 'hedef_ofs': 0.3, 'bb': 0.67, 'pay': 0.0, 'durum': 'kapali', 'gecikme_ms': None}, {'oi': 1, 'p': 0.22, 'ofs': 0.22, 'hedef_ofs': 0.22, 'bb': 0.67, 'pay': 0.0, 'durum': 'kapali', 'gecikme_ms': None}, {'oi': 1, 'p': 0.15, 'ofs': 0.15, 'hedef_ofs': 0.15, 'bb': 0.67, 'pay': 0.0, 'durum': 'kapali', 'gecikme_ms': None}, {'oi': 1, 'p': 0.1, 'ofs': 0.1, 'hedef_ofs': 0.1, 'bb': 0.67, 'pay': 0.0, 'durum': 'kapali', 'gecikme_ms': None}, {'oi': 1, 'p': 0.06, 'ofs': 0.06, 'hedef_ofs': 0.06, 'bb': 0.67, 'pay': 0.0, 'durum': 'kapali', 'gecikme_ms': None}, {'oi': 1, 'p': 0.03, 'ofs': 0.03, 'hedef_ofs': 0.03, 'bb': 0.67, 'pay': 0.0, 'durum': 'kapali', 'gecikme_ms': None}]
  [10:10:05] BOY: S=1789812600 klip=5.0 kol=A
  [10:10:06] pencere: sym=btc S=1789812600 kol=A tokens=[0, 1] emir=13 kabul=[7, 6] fiyatlar=[(0, 0.4, 0.4, 0.4), (0, 0.3, 0.3, 0.3), (0, 0.22, 0.22, 0.22), (0, 0.15, 0.15, 0.15), (0, 0.1, 0.1, 0.1), (0, 0.06, 0.06, 0.06), (0, 0.03, 0.03, 0.03), (1, 0.3, 0.3, 0.3), (1, 0.22, 0.22, 0.22), (1, 0.15, 0.15, 0.15), (1, 0.1, 0.1, 0.1), (1, 0.06, 0.06, 0.06), (1, 0.03, 0.03, 0.03)]
  [10:10:40] dolum: sym=btc S=1789812600 oi=1 p=0.3 ofset=0.3 yeni=4.999 toplam=4.999 kaynak=yoklama gecen_sn=40.2
  [10:11:10] dolum: sym=btc S=1789812600 oi=1 p=0.22 ofset=0.22 yeni=5.0 toplam=5.0 kaynak=yoklama gecen_sn=70.4
  [10:11:11] DENGE_SINIRI: sym=btc S=1789812600 agir=Down up=0.0 down=10.0 iptal=6 kalan_hafif=7
  [10:12:31] maruziyet: acik_pozisyon=0 pazar=0 dis_risk=0.0
  [10:12:36] mutabakat: pnl=-31.49 yerel=-30.53 etkin=-31.49 pencere=175 risk=2.6 emir=2299 dolum=175 pay=3305.1 geri_cekilen=1 red=19
  [10:13:20] GEC_UCUZ_KESILDI: sym=btc S=1789812600 iptal=5 fiyatlar=[0.03, 0.06, 0.1, 0.15, 0.22] kalan_acik=2
  [10:15:05] BOY: S=1789812900 klip=5.0 kol=A
  [10:15:06] pencere: sym=btc S=1789812900 kol=A tokens=[0, 1] emir=13 kabul=[7, 6] fiyatlar=[(0, 0.4, 0.4, 0.4), (0, 0.3, 0.3, 0.3), (0, 0.22, 0.22, 0.22), (0, 0.15, 0.15, 0.15), (0, 0.1, 0.1, 0.1), (0, 0.06, 0.06, 0.06), (0, 0.03, 0.03, 0.03), (1, 0.3, 0.3, 0.3), (1, 0.22, 0.22, 0.22), (1, 0.15, 0.15, 0.15), (1, 0.1, 0.1, 0.1), (1, 0.06, 0.06, 0.06), (1, 0.03, 0.03, 0.03)]
  [10:15:21] dolum: sym=btc S=1789812900 oi=0 p=0.4 ofset=0.4 yeni=5.0 toplam=5.0 kaynak=yoklama gecen_sn=21.2
  [10:15:33] dolum: sym=btc S=1789812900 oi=0 p=0.3 ofset=0.3 yeni=5.0 toplam=5.0 kaynak=yoklama gecen_sn=33.7
  [10:15:35] DENGE_SINIRI: sym=btc S=1789812900 agir=Up up=10.0 down=0.0 iptal=7 kalan_hafif=6
  [10:16:52] maruziyet: acik_pozisyon=0 pazar=0 dis_risk=0.0
  [10:16:58] mutabakat: pnl=-31.49 yerel=-30.53 etkin=-31.49 pencere=175 risk=6.1 emir=2312 dolum=175 pay=3305.1 geri_cekilen=1 red=19
  [10:17:15] COZULDU: sym=btc S=1789812300 kol=A kazanan=1 pay=30.0 maliyet=7.35 pnl=2.65 geri_cekildi=None emirler=[{'oi': 0, 'p': 0.3, 'ofs': 0.3, 'hedef_ofs': 0.3, 'bb': 0.37, 'pay': 5.0, 'durum': 'kapali', 'gecikme_ms': 12232}, {'oi': 0, 'p': 0.22, 'ofs': 0.22, 'hedef_ofs': 0.22, 'bb': 0.37, 'pay': 5.0, 'durum': 'kapali', 'gecikme_ms': 151348}, {'oi': 0, 'p': 0.15, 'ofs': 0.15, 'hedef_ofs': 0.15, 'bb': 0.37, 'pay': 5.0, 'durum': 'kapali', 'gecikme_ms': 149714}, {'oi': 0, 'p': 0.1, 'ofs': 0.1, 'hedef_ofs': 0.1, 'bb': 0.37, 'pay': 5.0, 'durum': 'kapali', 'gecikme_ms': 149813}, {'oi': 0, 'p': 0.06, 'ofs': 0.06, 'hedef_ofs': 0.06, 'bb': 0.37, 'pay': 0.0, 'durum': 'kapali', 'gecikme_ms': None}, {'oi': 0, 'p': 0.03, 'ofs': 0.03, 'hedef_ofs': 0.03, 'bb': 0.37, 'pay': 0.0, 'durum': 'kapali', 'gecikme_ms': None}, {'oi': 1, 'p': 0.4, 'ofs': 0.4, 'hedef_ofs': 0.4, 'bb': 0.62, 'pay': 5.0, 'durum': 'kapali', 'gecikme_ms': 56010}, {'oi': 1, 'p': 0.3, 'ofs': 0.3, 'hedef_ofs': 0.3, 'bb': 0.62, 'pay': 5.0, 'durum': 'kapali', 'gecikme_ms': 63358}, {'oi': 1, 'p': 0.22, 'ofs': 0.22, 'hedef_ofs': 0.22, 'bb': 0.62, 'pay': 0.0, 'durum': 'kapali', 'gecikme_ms': None}, {'oi': 1, 'p': 0.15, 'ofs': 0.15, 'hedef_ofs': 0.15, 'bb': 0.62, 'pay': 0.0, 'durum': 'kapali', 'gecikme_ms': None}, {'oi': 1, 'p': 0.1, 'ofs': 0.1, 'hedef_ofs': 0.1, 'bb': 0.62, 'pay': 0.0, 'durum': 'kapali', 'gecikme_ms': None}, {'oi': 1, 'p': 0.06, 'ofs': 0.06, 'hedef_ofs': 0.06, 'bb': 0.62, 'pay': 0.0, 'durum': 'kapali', 'gecikme_ms': None}, {'oi': 1, 'p': 0.03, 'ofs': 0.03, 'hedef_ofs': 0.03, 'bb': 0.62, 'pay': 0.0, 'durum': 'kapali', 'gecikme_ms': None}]
  [10:18:20] GEC_UCUZ_KESILDI: sym=btc S=1789812900 iptal=5 fiyatlar=[0.03, 0.06, 0.1, 0.15, 0.22] kalan_acik=1
  [10:20:06] BOY: S=1789813200 klip=5.0 kol=A
  [10:20:06] pencere: sym=btc S=1789813200 kol=A tokens=[0, 1] emir=11 kabul=[7, 4] fiyatlar=[(0, 0.4, 0.4, 0.4), (0, 0.3, 0.3, 0.3), (0, 0.22, 0.22, 0.22), (0, 0.15, 0.15, 0.15), (0, 0.1, 0.1, 0.1), (0, 0.06, 0.06, 0.06), (0, 0.03, 0.03, 0.03), (1, 0.15, 0.15, 0.15), (1, 0.1, 0.1, 0.1), (1, 0.06, 0.06, 0.06), (1, 0.03, 0.03, 0.03)]
  [10:20:18] dolum: sym=btc S=1789813200 oi=1 p=0.15 ofset=0.15 yeni=4.998 toplam=4.998 kaynak=yoklama gecen_sn=18.7
  [10:20:48] COZULDU: sym=btc S=1789812600 kol=A kazanan=0 pay=10.0 maliyet=2.6 pnl=-2.6 geri_cekildi=None emirler=[{'oi': 0, 'p': 0.4, 'ofs': 0.4, 'hedef_ofs': 0.4, 'bb': 0.56, 'pay': 0.0, 'durum': 'kapali', 'gecikme_ms': None}, {'oi': 0, 'p': 0.3, 'ofs': 0.3, 'hedef_ofs': 0.3, 'bb': 0.56, 'pay': 0.0, 'durum': 'kapali', 'gecikme_ms': None}, {'oi': 0, 'p': 0.22, 'ofs': 0.22, 'hedef_ofs': 0.22, 'bb': 0.56, 'pay': 0.0, 'durum': 'kapali', 'gecikme_ms': None}, {'oi': 0, 'p': 0.15, 'ofs': 0.15, 'hedef_ofs': 0.15, 'bb': 0.56, 'pay': 0.0, 'durum': 'kapali', 'gecikme_ms': None}, {'oi': 0, 'p': 0.1, 'ofs': 0.1, 'hedef_ofs': 0.1, 'bb': 0.56, 'pay': 0.0, 'durum': 'kapali', 'gecikme_ms': None}, {'oi': 0, 'p': 0.06, 'ofs': 0.06, 'hedef_ofs': 0.06, 'bb': 0.56, 'pay': 0.0, 'durum': 'kapali', 'gecikme_ms': None}, {'oi': 0, 'p': 0.03, 'ofs': 0.03, 'hedef_ofs': 0.03, 'bb': 0.56, 'pay': 0.0, 'durum': 'kapali', 'gecikme_ms': None}, {'oi': 1, 'p': 0.3, 'ofs': 0.3, 'hedef_ofs': 0.3, 'bb': 0.43, 'pay': 5.0, 'durum': 'kapali', 'gecikme_ms': 33746}, {'oi': 1, 'p': 0.22, 'ofs': 0.22, 'hedef_ofs': 0.22, 'bb': 0.43, 'pay': 5.0, 'durum': 'kapali', 'gecikme_ms': 64015}, {'oi': 1, 'p': 0.15, 'ofs': 0.15, 'hedef_ofs': 0.15, 'bb': 0.43, 'pay': 0.0, 'durum': 'kapali', 'gecikme_ms': None}, {'oi': 1, 'p': 0.1, 'ofs': 0.1, 'hedef_ofs': 0.1, 'bb': 0.43, 'pay': 0.0, 'durum': 'kapali', 'gecikme_ms': None}, {'oi': 1, 'p': 0.06, 'ofs': 0.06, 'hedef_ofs': 0.06, 'bb': 0.43, 'pay': 0.0, 'durum': 'kapali', 'gecikme_ms': None}, {'oi': 1, 'p': 0.03, 'ofs': 0.03, 'hedef_ofs': 0.03, 'bb': 0.43, 'pay': 0.0, 'durum': 'kapali', 'gecikme_ms': None}]
  [10:21:12] maruziyet: acik_pozisyon=0 pazar=0 dis_risk=0.0
  [10:21:18] mutabakat: pnl=-31.44 yerel=-30.48 etkin=-31.44 pencere=177 risk=5.55 emir=2323 dolum=177 pay=3345.1 geri_cekilen=1 red=19
  [10:21:42] dolum: sym=btc S=1789813200 oi=1 p=0.1 ofset=0.1 yeni=5.0 toplam=5.0 kaynak=yoklama gecen_sn=102.2
  [10:21:42] DENGE_SINIRI: sym=btc S=1789813200 agir=Down up=0.0 down=10.0 iptal=4 kalan_hafif=7
  [10:23:21] GEC_UCUZ_KESILDI: sym=btc S=1789813200 iptal=5 fiyatlar=[0.03, 0.06, 0.1, 0.15, 0.22] kalan_acik=2
  [10:25:05] BOY: S=1789813500 klip=5.0 kol=A
  [10:25:06] pencere: sym=btc S=1789813500 kol=A tokens=[0, 1] emir=13 kabul=[7, 6] fiyatlar=[(0, 0.4, 0.4, 0.4), (0, 0.3, 0.3, 0.3), (0, 0.22, 0.22, 0.22), (0, 0.15, 0.15, 0.15), (0, 0.1, 0.1, 0.1), (0, 0.06, 0.06, 0.06), (0, 0.03, 0.03, 0.03), (1, 0.3, 0.3, 0.3), (1, 0.22, 0.22, 0.22), (1, 0.15, 0.15, 0.15), (1, 0.1, 0.1, 0.1), (1, 0.06, 0.06, 0.06), (1, 0.03, 0.03, 0.03)]
  [10:25:34] maruziyet: acik_pozisyon=0 pazar=0 dis_risk=0.0
  [10:25:40] mutabakat: pnl=-31.44 yerel=-30.48 etkin=-31.44 pencere=177 risk=11.05 emir=2336 dolum=177 pay=3345.1 geri_cekilen=1 red=19
  [10:25:51] COZULDU: sym=btc S=1789812900 kol=A kazanan=1 pay=10.0 maliyet=3.5 pnl=-3.5 geri_cekildi=None emirler=[{'oi': 0, 'p': 0.4, 'ofs': 0.4, 'hedef_ofs': 0.4, 'bb': 0.58, 'pay': 5.0, 'durum': 'kapali', 'gecikme_ms': 14607}, {'oi': 0, 'p': 0.3, 'ofs': 0.3, 'hedef_ofs': 0.3, 'bb': 0.58, 'pay': 5.0, 'durum': 'kapali', 'gecikme_ms': 27144}, {'oi': 0, 'p': 0.22, 'ofs': 0.22, 'hedef_ofs': 0.22, 'bb': 0.58, 'pay': 0.0, 'durum': 'kapali', 'gecikme_ms': None}, {'oi': 0, 'p': 0.15, 'ofs': 0.15, 'hedef_ofs': 0.15, 'bb': 0.58, 'pay': 0.0, 'durum': 'kapali', 'gecikme_ms': None}, {'oi': 0, 'p': 0.1, 'ofs': 0.1, 'hedef_ofs': 0.1, 'bb': 0.58, 'pay': 0.0, 'durum': 'kapali', 'gecikme_ms': None}, {'oi': 0, 'p': 0.06, 'ofs': 0.06, 'hedef_ofs': 0.06, 'bb': 0.58, 'pay': 0.0, 'durum': 'kapali', 'gecikme_ms': None}, {'oi': 0, 'p': 0.03, 'ofs': 0.03, 'hedef_ofs': 0.03, 'bb': 0.58, 'pay': 0.0, 'durum': 'kapali', 'gecikme_ms': None}, {'oi': 1, 'p': 0.3, 'ofs': 0.3, 'hedef_ofs': 0.3, 'bb': 0.42, 'pay': 0.0, 'durum': 'kapali', 'gecikme_ms': None}, {'oi': 1, 'p': 0.22, 'ofs': 0.22, 'hedef_ofs': 0.22, 'bb': 0.42, 'pay': 0.0, 'durum': 'kapali', 'gecikme_ms': None}, {'oi': 1, 'p': 0.15, 'ofs': 0.15, 'hedef_ofs': 0.15, 'bb': 0.42, 'pay': 0.0, 'durum': 'kapali', 'gecikme_ms': None}, {'oi': 1, 'p': 0.1, 'ofs': 0.1, 'hedef_ofs': 0.1, 'bb': 0.42, 'pay': 0.0, 'durum': 'kapali', 'gecikme_ms': None}, {'oi': 1, 'p': 0.06, 'ofs': 0.06, 'hedef_ofs': 0.06, 'bb': 0.42, 'pay': 0.0, 'durum': 'kapali', 'gecikme_ms': None}, {'oi': 1, 'p': 0.03, 'ofs': 0.03, 'hedef_ofs': 0.03, 'bb': 0.42, 'pay': 0.0, 'durum': 'kapali', 'gecikme_ms': None}]
  [10:26:36] dolum: sym=btc S=1789813500 oi=0 p=0.4 ofset=0.4 yeni=5.0 toplam=5.0 kaynak=yoklama gecen_sn=96.0
  [10:26:36] dolum: sym=btc S=1789813500 oi=0 p=0.3 ofset=0.3 yeni=5.0 toplam=5.0 kaynak=yoklama gecen_sn=96.1
  [10:26:37] DENGE_SINIRI: sym=btc S=1789813500 agir=Up up=10.0 down=0.0 iptal=7 kalan_hafif=6
  [10:27:16] COZULDU: sym=btc S=1789813200 kol=A kazanan=0 pay=10.0 maliyet=1.25 pnl=-1.25 geri_cekildi=None emirler=[{'oi': 0, 'p': 0.4, 'ofs': 0.4, 'hedef_ofs': 0.4, 'bb': 0.78, 'pay': 0.0, 'durum': 'kapali', 'gecikme_ms': None}, {'oi': 0, 'p': 0.3, 'ofs': 0.3, 'hedef_ofs': 0.3, 'bb': 0.78, 'pay': 0.0, 'durum': 'kapali', 'gecikme_ms': None}, {'oi': 0, 'p': 0.22, 'ofs': 0.22, 'hedef_ofs': 0.22, 'bb': 0.78, 'pay': 0.0, 'durum': 'kapali', 'gecikme_ms': None}, {'oi': 0, 'p': 0.15, 'ofs': 0.15, 'hedef_ofs': 0.15, 'bb': 0.78, 'pay': 0.0, 'durum': 'kapali', 'gecikme_ms': None}, {'oi': 0, 'p': 0.1, 'ofs': 0.1, 'hedef_ofs': 0.1, 'bb': 0.78, 'pay': 0.0, 'durum': 'kapali', 'gecikme_ms': None}, {'oi': 0, 'p': 0.06, 'ofs': 0.06, 'hedef_ofs': 0.06, 'bb': 0.78, 'pay': 0.0, 'durum': 'kapali', 'gecikme_ms': None}, {'oi': 0, 'p': 0.03, 'ofs': 0.03, 'hedef_ofs': 0.03, 'bb': 0.78, 'pay': 0.0, 'durum': 'kapali', 'gecikme_ms': None}, {'oi': 1, 'p': 0.15, 'ofs': 0.15, 'hedef_ofs': 0.15, 'bb': 0.21, 'pay': 5.0, 'durum': 'kapali', 'gecikme_ms': 12011}, {'oi': 1, 'p': 0.1, 'ofs': 0.1, 'hedef_ofs': 0.1, 'bb': 0.21, 'pay': 5.0, 'durum': 'kapali', 'gecikme_ms': 95500}, {'oi': 1, 'p': 0.06, 'ofs': 0.06, 'hedef_ofs': 0.06, 'bb': 0.21, 'pay': 0.0, 'durum': 'kapali', 'gecikme_ms': None}, {'oi': 1, 'p': 0.03, 'ofs': 0.03, 'hedef_ofs': 0.03, 'bb': 0.21, 'pay': 0.0, 'durum': 'kapali', 'gecikme_ms': None}]
  [10:28:21] GEC_UCUZ_KESILDI: sym=btc S=1789813500 iptal=5 fiyatlar=[0.03, 0.06, 0.1, 0.15, 0.22] kalan_acik=1
  [10:28:55] dolum: sym=btc S=1789813500 oi=1 p=0.3 ofset=0.3 yeni=5.0 toplam=5.0 kaynak=yoklama gecen_sn=235.1
  [10:29:54] maruziyet: acik_pozisyon=0 pazar=0 dis_risk=0.0
  [10:30:00] mutabakat: pnl=-36.19 yerel=-35.23 etkin=-36.19 pencere=179 risk=0.0 emir=2336 dolum=179 pay=3365.1 geri_cekilen=1 red=19
  [10:30:06] BOY: S=1789813800 klip=5.0 kol=A
  [10:30:06] pencere: sym=btc S=1789813800 kol=A tokens=[0, 1] emir=12 kabul=[5, 7] fiyatlar=[(0, 0.22, 0.22, 0.22), (0, 0.15, 0.15, 0.15), (0, 0.1, 0.1, 0.1), (0, 0.06, 0.06, 0.06), (0, 0.03, 0.03, 0.03), (1, 0.4, 0.4, 0.4), (1, 0.3, 0.3, 0.3), (1, 0.22, 0.22, 0.22), (1, 0.15, 0.15, 0.15), (1, 0.1, 0.1, 0.1), (1, 0.06, 0.06, 0.06), (1, 0.03, 0.03, 0.03)]
  [10:32:07] dolum: sym=btc S=1789813800 oi=0 p=0.22 ofset=0.22 yeni=4.992 toplam=4.992 kaynak=yoklama gecen_sn=127.8
  [10:32:09] dolum: sym=btc S=1789813800 oi=0 p=0.15 ofset=0.15 yeni=5.0 toplam=5.0 kaynak=yoklama gecen_sn=129.8
  [10:32:11] DENGE_SINIRI: sym=btc S=1789813800 agir=Up up=10.0 down=0.0 iptal=5 kalan_hafif=7
  [10:33:23] GEC_UCUZ_KESILDI: sym=btc S=1789813800 iptal=5 fiyatlar=[0.03, 0.06, 0.1, 0.15, 0.22] kalan_acik=2
  [10:34:15] maruziyet: acik_pozisyon=0 pazar=0 dis_risk=0.0
  [10:34:21] mutabakat: pnl=-36.19 yerel=-35.23 etkin=-36.19 pencere=179 risk=1.85 emir=2348 dolum=179 pay=3365.1 geri_cekilen=1 red=19
  [10:35:06] BOY: S=1789814100 klip=5.0 kol=A
  [10:35:06] pencere: sym=btc S=1789814100 kol=A tokens=[0, 1] emir=13 kabul=[6, 7] fiyatlar=[(0, 0.3, 0.3, 0.3), (0, 0.22, 0.22, 0.22), (0, 0.15, 0.15, 0.15), (0, 0.1, 0.1, 0.1), (0, 0.06, 0.06, 0.06), (0, 0.03, 0.03, 0.03), (1, 0.4, 0.4, 0.4), (1, 0.3, 0.3, 0.3), (1, 0.22, 0.22, 0.22), (1, 0.15, 0.15, 0.15), (1, 0.1, 0.1, 0.1), (1, 0.06, 0.06, 0.06), (1, 0.03, 0.03, 0.03)]
  [10:35:23] dolum: sym=btc S=1789814100 oi=0 p=0.3 ofset=0.3 yeni=5.0 toplam=5.0 kaynak=yoklama gecen_sn=24.0
  [10:35:34] dolum: sym=btc S=1789814100 oi=0 p=0.22 ofset=0.22 yeni=5.0 toplam=5.0 kaynak=yoklama gecen_sn=34.5
  [10:35:36] DENGE_SINIRI: sym=btc S=1789814100 agir=Up up=10.0 down=0.0 iptal=6 kalan_hafif=7
  [10:35:55] COZULDU: sym=btc S=1789813500 kol=A kazanan=0 pay=15.0 maliyet=5.0 pnl=5.0 geri_cekildi=None emirler=[{'oi': 0, 'p': 0.4, 'ofs': 0.4, 'hedef_ofs': 0.4, 'bb': 0.56, 'pay': 5.0, 'durum': 'kapali', 'gecikme_ms': 89415}, {'oi': 0, 'p': 0.3, 'ofs': 0.3, 'hedef_ofs': 0.3, 'bb': 0.56, 'pay': 5.0, 'durum': 'kapali', 'gecikme_ms': 89538}, {'oi': 0, 'p': 0.22, 'ofs': 0.22, 'hedef_ofs': 0.22, 'bb': 0.56, 'pay': 0.0, 'durum': 'kapali', 'gecikme_ms': None}, {'oi': 0, 'p': 0.15, 'ofs': 0.15, 'hedef_ofs': 0.15, 'bb': 0.56, 'pay': 0.0, 'durum': 'kapali', 'gecikme_ms': None}, {'oi': 0, 'p': 0.1, 'ofs': 0.1, 'hedef_ofs': 0.1, 'bb': 0.56, 'pay': 0.0, 'durum': 'kapali', 'gecikme_ms': None}, {'oi': 0, 'p': 0.06, 'ofs': 0.06, 'hedef_ofs': 0.06, 'bb': 0.56, 'pay': 0.0, 'durum': 'kapali', 'gecikme_ms': None}, {'oi': 0, 'p': 0.03, 'ofs': 0.03, 'hedef_ofs': 0.03, 'bb': 0.56, 'pay': 0.0, 'durum': 'kapali', 'gecikme_ms': None}, {'oi': 1, 'p': 0.3, 'ofs': 0.3, 'hedef_ofs': 0.3, 'bb': 0.43, 'pay': 5.0, 'durum': 'kapali', 'gecikme_ms': 228498}, {'oi': 1, 'p': 0.22, 'ofs': 0.22, 'hedef_ofs': 0.22, 'bb': 0.43, 'pay': 0.0, 'durum': 'kapali', 'gecikme_ms': None}, {'oi': 1, 'p': 0.15, 'ofs': 0.15, 'hedef_ofs': 0.15, 'bb': 0.43, 'pay': 0.0, 'durum': 'kapali', 'gecikme_ms': None}, {'oi': 1, 'p': 0.1, 'ofs': 0.1, 'hedef_ofs': 0.1, 'bb': 0.43, 'pay': 0.0, 'durum': 'kapali', 'gecikme_ms': None}, {'oi': 1, 'p': 0.06, 'ofs': 0.06, 'hedef_ofs': 0.06, 'bb': 0.43, 'pay': 0.0, 'durum': 'kapali', 'gecikme_ms': None}, {'oi': 1, 'p': 0.03, 'ofs': 0.03, 'hedef_ofs': 0.03, 'bb': 0.43, 'pay': 0.0, 'durum': 'kapali', 'gecikme_ms': None}]
  [10:38:05] COZULDU: sym=btc S=1789813800 kol=A kazanan=1 pay=9.99 maliyet=1.85 pnl=-1.85 geri_cekildi=None emirler=[{'oi': 0, 'p': 0.22, 'ofs': 0.22, 'hedef_ofs': 0.22, 'bb': 0.32, 'pay': 4.99, 'durum': 'kapali', 'gecikme_ms': 120966}, {'oi': 0, 'p': 0.15, 'ofs': 0.15, 'hedef_ofs': 0.15, 'bb': 0.32, 'pay': 5.0, 'durum': 'kapali', 'gecikme_ms': 123026}, {'oi': 0, 'p': 0.1, 'ofs': 0.1, 'hedef_ofs': 0.1, 'bb': 0.32, 'pay': 0.0, 'durum': 'kapali', 'gecikme_ms': None}, {'oi': 0, 'p': 0.06, 'ofs': 0.06, 'hedef_ofs': 0.06, 'bb': 0.32, 'pay': 0.0, 'durum': 'kapali', 'gecikme_ms': None}, {'oi': 0, 'p': 0.03, 'ofs': 0.03, 'hedef_ofs': 0.03, 'bb': 0.32, 'pay': 0.0, 'durum': 'kapali', 'gecikme_ms': None}, {'oi': 1, 'p': 0.4, 'ofs': 0.4, 'hedef_ofs': 0.4, 'bb': 0.67, 'pay': 0.0, 'durum': 'kapali', 'gecikme_ms': None}, {'oi': 1, 'p': 0.3, 'ofs': 0.3, 'hedef_ofs': 0.3, 'bb': 0.67, 'pay': 0.0, 'durum': 'kapali', 'gecikme_ms': None}, {'oi': 1, 'p': 0.22, 'ofs': 0.22, 'hedef_ofs': 0.22, 'bb': 0.67, 'pay': 0.0, 'durum': 'kapali', 'gecikme_ms': None}, {'oi': 1, 'p': 0.15, 'ofs': 0.15, 'hedef_ofs': 0.15, 'bb': 0.67, 'pay': 0.0, 'durum': 'kapali', 'gecikme_ms': None}, {'oi': 1, 'p': 0.1, 'ofs': 0.1, 'hedef_ofs': 0.1, 'bb': 0.67, 'pay': 0.0, 'durum': 'kapali', 'gecikme_ms': None}, {'oi': 1, 'p': 0.06, 'ofs': 0.06, 'hedef_ofs': 0.06, 'bb': 0.67, 'pay': 0.0, 'durum': 'kapali', 'gecikme_ms': None}, {'oi': 1, 'p': 0.03, 'ofs': 0.03, 'hedef_ofs': 0.03, 'bb': 0.67, 'pay': 0.0, 'durum': 'kapali', 'gecikme_ms': None}]
  [10:38:20] GEC_UCUZ_KESILDI: sym=btc S=1789814100 iptal=5 fiyatlar=[0.03, 0.06, 0.1, 0.15, 0.22] kalan_acik=2
  [10:38:35] maruziyet: acik_pozisyon=0 pazar=0 dis_risk=0.0
  [10:38:41] mutabakat: pnl=-33.04 yerel=-32.08 etkin=-33.04 pencere=181 risk=2.6 emir=2361 dolum=181 pay=3390.1 geri_cekilen=1 red=19
  [10:40:05] BOY: S=1789814400 klip=5.0 kol=A
  [10:40:06] pencere: sym=btc S=1789814400 kol=A tokens=[0, 1] emir=13 kabul=[6, 7] fiyatlar=[(0, 0.3, 0.3, 0.3), (0, 0.22, 0.22, 0.22), (0, 0.15, 0.15, 0.15), (0, 0.1, 0.1, 0.1), (0, 0.06, 0.06, 0.06), (0, 0.03, 0.03, 0.03), (1, 0.4, 0.4, 0.4), (1, 0.3, 0.3, 0.3), (1, 0.22, 0.22, 0.22), (1, 0.15, 0.15, 0.15), (1, 0.1, 0.1, 0.1), (1, 0.06, 0.06, 0.06), (1, 0.03, 0.03, 0.03)]
  [10:40:41] dolum: sym=btc S=1789814400 oi=1 p=0.4 ofset=0.4 yeni=5.0 toplam=5.0 kaynak=yoklama gecen_sn=41.4
  [10:41:05] dolum: sym=btc S=1789814400 oi=1 p=0.3 ofset=0.3 yeni=5.0 toplam=5.0 kaynak=yoklama gecen_sn=65.7
  [10:41:06] DENGE_SINIRI: sym=btc S=1789814400 agir=Down up=0.0 down=10.0 iptal=7 kalan_hafif=6
  [10:42:59] maruziyet: acik_pozisyon=0 pazar=0 dis_risk=0.0
  [10:43:04] mutabakat: pnl=-33.04 yerel=-32.08 etkin=-33.04 pencere=181 risk=6.1 emir=2374 dolum=181 pay=3390.1 geri_cekilen=1 red=19
  [10:43:07] COZULDU: sym=btc S=1789814100 kol=A kazanan=1 pay=10.0 maliyet=2.6 pnl=-2.6 geri_cekildi=None emirler=[{'oi': 0, 'p': 0.3, 'ofs': 0.3, 'hedef_ofs': 0.3, 'bb': 0.36, 'pay': 5.0, 'durum': 'kapali', 'gecikme_ms': 17363}, {'oi': 0, 'p': 0.22, 'ofs': 0.22, 'hedef_ofs': 0.22, 'bb': 0.36, 'pay': 5.0, 'durum': 'kapali', 'gecikme_ms': 27873}, {'oi': 0, 'p': 0.15, 'ofs': 0.15, 'hedef_ofs': 0.15, 'bb': 0.36, 'pay': 0.0, 'durum': 'kapali', 'gecikme_ms': None}, {'oi': 0, 'p': 0.1, 'ofs': 0.1, 'hedef_ofs': 0.1, 'bb': 0.36, 'pay': 0.0, 'durum': 'kapali', 'gecikme_ms': None}, {'oi': 0, 'p': 0.06, 'ofs': 0.06, 'hedef_ofs': 0.06, 'bb': 0.36, 'pay': 0.0, 'durum': 'kapali', 'gecikme_ms': None}, {'oi': 0, 'p': 0.03, 'ofs': 0.03, 'hedef_ofs': 0.03, 'bb': 0.36, 'pay': 0.0, 'durum': 'kapali', 'gecikme_ms': None}, {'oi': 1, 'p': 0.4, 'ofs': 0.4, 'hedef_ofs': 0.4, 'bb': 0.63, 'pay': 0.0, 'durum': 'kapali', 'gecikme_ms': None}, {'oi': 1, 'p': 0.3, 'ofs': 0.3, 'hedef_ofs': 0.3, 'bb': 0.63, 'pay': 0.0, 'durum': 'kapali', 'gecikme_ms': None}, {'oi': 1, 'p': 0.22, 'ofs': 0.22, 'hedef_ofs': 0.22, 'bb': 0.63, 'pay': 0.0, 'durum': 'kapali', 'gecikme_ms': None}, {'oi': 1, 'p': 0.15, 'ofs': 0.15, 'hedef_ofs': 0.15, 'bb': 0.63, 'pay': 0.0, 'durum': 'kapali', 'gecikme_ms': None}, {'oi': 1, 'p': 0.1, 'ofs': 0.1, 'hedef_ofs': 0.1, 'bb': 0.63, 'pay': 0.0, 'durum': 'kapali', 'gecikme_ms': None}, {'oi': 1, 'p': 0.06, 'ofs': 0.06, 'hedef_ofs': 0.06, 'bb': 0.63, 'pay': 0.0, 'durum': 'kapali', 'gecikme_ms': None}, {'oi': 1, 'p': 0.03, 'ofs': 0.03, 'hedef_ofs': 0.03, 'bb': 0.63, 'pay': 0.0, 'durum': 'kapali', 'gecikme_ms': None}]
  [10:43:21] GEC_UCUZ_KESILDI: sym=btc S=1789814400 iptal=5 fiyatlar=[0.03, 0.06, 0.1, 0.15, 0.22] kalan_acik=1
  [10:45:06] BOY: S=1789814700 klip=5.0 kol=A
  [10:45:06] pencere: sym=btc S=1789814700 kol=A tokens=[0, 1] emir=12 kabul=[7, 5] fiyatlar=[(0, 0.4, 0.4, 0.4), (0, 0.3, 0.3, 0.3), (0, 0.22, 0.22, 0.22), (0, 0.15, 0.15, 0.15), (0, 0.1, 0.1, 0.1), (0, 0.06, 0.06, 0.06), (0, 0.03, 0.03, 0.03), (1, 0.22, 0.22, 0.22), (1, 0.15, 0.15, 0.15), (1, 0.1, 0.1, 0.1), (1, 0.06, 0.06, 0.06), (1, 0.03, 0.03, 0.03)]
  [10:45:42] dolum: sym=btc S=1789814700 oi=1 p=0.22 ofset=0.22 yeni=5.0 toplam=5.0 kaynak=yoklama gecen_sn=42.5
  [10:46:05] dolum: sym=btc S=1789814700 oi=1 p=0.15 ofset=0.15 yeni=5.0 toplam=5.0 kaynak=yoklama gecen_sn=65.6
  [10:46:05] dolum: sym=btc S=1789814700 oi=1 p=0.1 ofset=0.1 yeni=5.0 toplam=5.0 kaynak=yoklama gecen_sn=65.7
  [10:46:06] DENGE_SINIRI: sym=btc S=1789814700 agir=Down up=0.0 down=15.0 iptal=5 kalan_hafif=7
  [10:47:20] maruziyet: acik_pozisyon=0 pazar=0 dis_risk=0.0
  [10:47:25] mutabakat: pnl=-39.14 yerel=-34.68 etkin=-39.14 pencere=183 risk=5.85 emir=2386 dolum=182 pay=3400.1 geri_cekilen=1 red=19
  [10:47:26] COZULDU: sym=btc S=1789814400 kol=A kazanan=0 pay=10.0 maliyet=3.5 pnl=-3.5 geri_cekildi=None emirler=[{'oi': 0, 'p': 0.3, 'ofs': 0.3, 'hedef_ofs': 0.3, 'bb': 0.36, 'pay': 0.0, 'durum': 'kapali', 'gecikme_ms': None}, {'oi': 0, 'p': 0.22, 'ofs': 0.22, 'hedef_ofs': 0.22, 'bb': 0.36, 'pay': 0.0, 'durum': 'kapali', 'gecikme_ms': None}, {'oi': 0, 'p': 0.15, 'ofs': 0.15, 'hedef_ofs': 0.15, 'bb': 0.36, 'pay': 0.0, 'durum': 'kapali', 'gecikme_ms': None}, {'oi': 0, 'p': 0.1, 'ofs': 0.1, 'hedef_ofs': 0.1, 'bb': 0.36, 'pay': 0.0, 'durum': 'kapali', 'gecikme_ms': None}, {'oi': 0, 'p': 0.06, 'ofs': 0.06, 'hedef_ofs': 0.06, 'bb': 0.36, 'pay': 0.0, 'durum': 'kapali', 'gecikme_ms': None}, {'oi': 0, 'p': 0.03, 'ofs': 0.03, 'hedef_ofs': 0.03, 'bb': 0.36, 'pay': 0.0, 'durum': 'kapali', 'gecikme_ms': None}, {'oi': 1, 'p': 0.4, 'ofs': 0.4, 'hedef_ofs': 0.4, 'bb': 0.63, 'pay': 5.0, 'durum': 'kapali', 'gecikme_ms': 34932}, {'oi': 1, 'p': 0.3, 'ofs': 0.3, 'hedef_ofs': 0.3, 'bb': 0.63, 'pay': 5.0, 'durum': 'kapali', 'gecikme_ms': 59269}, {'oi': 1, 'p': 0.22, 'ofs': 0.22, 'hedef_ofs': 0.22, 'bb': 0.63, 'pay': 0.0, 'durum': 'kapali', 'gecikme_ms': None}, {'oi': 1, 'p': 0.15, 'ofs': 0.15, 'hedef_ofs': 0.15, 'bb': 0.63, 'pay': 0.0, 'durum': 'kapali', 'gecikme_ms': None}, {'oi': 1, 'p': 0.1, 'ofs': 0.1, 'hedef_ofs': 0.1, 'bb': 0.63, 'pay': 0.0, 'durum': 'kapali', 'gecikme_ms': None}, {'oi': 1, 'p': 0.06, 'ofs': 0.06, 'hedef_ofs': 0.06, 'bb': 0.63, 'pay': 0.0, 'durum': 'kapali', 'gecikme_ms': None}, {'oi': 1, 'p': 0.03, 'ofs': 0.03, 'hedef_ofs': 0.03, 'bb': 0.63, 'pay': 0.0, 'durum': 'kapali', 'gecikme_ms': None}]
  [10:48:21] GEC_UCUZ_KESILDI: sym=btc S=1789814700 iptal=5 fiyatlar=[0.03, 0.06, 0.1, 0.15, 0.22] kalan_acik=2
  [10:50:06] BOY: S=1789815000 klip=5.0 kol=A
  [10:50:06] pencere: sym=btc S=1789815000 kol=A tokens=[0, 1] emir=13 kabul=[7, 6] fiyatlar=[(0, 0.4, 0.4, 0.4), (0, 0.3, 0.3, 0.3), (0, 0.22, 0.22, 0.22), (0, 0.15, 0.15, 0.15), (0, 0.1, 0.1, 0.1), (0, 0.06, 0.06, 0.06), (0, 0.03, 0.03, 0.03), (1, 0.3, 0.3, 0.3), (1, 0.22, 0.22, 0.22), (1, 0.15, 0.15, 0.15), (1, 0.1, 0.1, 0.1), (1, 0.06, 0.06, 0.06), (1, 0.03, 0.03, 0.03)]
  [10:50:10] dolum: sym=btc S=1789815000 oi=0 p=0.4 ofset=0.4 yeni=5.0 toplam=5.0 kaynak=yoklama gecen_sn=10.5
  [10:51:41] maruziyet: acik_pozisyon=0 pazar=0 dis_risk=0.0
  [10:51:47] mutabakat: pnl=-39.14 yerel=-38.18 etkin=-39.14 pencere=183 risk=8.65 emir=2399 dolum=183 pay=3410.1 geri_cekilen=1 red=19
  [10:51:49] dolum: sym=btc S=1789815000 oi=0 p=0.3 ofset=0.3 yeni=5.0 toplam=5.0 kaynak=yoklama gecen_sn=109.8
  [10:51:51] DENGE_SINIRI: sym=btc S=1789815000 agir=Up up=10.0 down=0.0 iptal=7 kalan_hafif=6
  [10:53:10] COZULDU: sym=btc S=1789814700 kol=A kazanan=0 pay=15.0 maliyet=2.35 pnl=-2.35 geri_cekildi=None emirler=[{'oi': 0, 'p': 0.4, 'ofs': 0.4, 'hedef_ofs': 0.4, 'bb': 0.65, 'pay': 0.0, 'durum': 'kapali', 'gecikme_ms': None}, {'oi': 0, 'p': 0.3, 'ofs': 0.3, 'hedef_ofs': 0.3, 'bb': 0.65, 'pay': 0.0, 'durum': 'kapali', 'gecikme_ms': None}, {'oi': 0, 'p': 0.22, 'ofs': 0.22, 'hedef_ofs': 0.22, 'bb': 0.65, 'pay': 0.0, 'durum': 'kapali', 'gecikme_ms': None}, {'oi': 0, 'p': 0.15, 'ofs': 0.15, 'hedef_ofs': 0.15, 'bb': 0.65, 'pay': 0.0, 'durum': 'kapali', 'gecikme_ms': None}, {'oi': 0, 'p': 0.1, 'ofs': 0.1, 'hedef_ofs': 0.1, 'bb': 0.65, 'pay': 0.0, 'durum': 'kapali', 'gecikme_ms': None}, {'oi': 0, 'p': 0.06, 'ofs': 0.06, 'hedef_ofs': 0.06, 'bb': 0.65, 'pay': 0.0, 'durum': 'kapali', 'gecikme_ms': None}, {'oi': 0, 'p': 0.03, 'ofs': 0.03, 'hedef_ofs': 0.03, 'bb': 0.65, 'pay': 0.0, 'durum': 'kapali', 'gecikme_ms': None}, {'oi': 1, 'p': 0.22, 'ofs': 0.22, 'hedef_ofs': 0.22, 'bb': 0.34, 'pay': 5.0, 'durum': 'kapali', 'gecikme_ms': 35533}, {'oi': 1, 'p': 0.15, 'ofs': 0.15, 'hedef_ofs': 0.15, 'bb': 0.34, 'pay': 5.0, 'durum': 'kapali', 'gecikme_ms': 58652}, {'oi': 1, 'p': 0.1, 'ofs': 0.1, 'hedef_ofs': 0.1, 'bb': 0.34, 'pay': 5.0, 'durum': 'kapali', 'gecikme_ms': 58750}, {'oi': 1, 'p': 0.06, 'ofs': 0.06, 'hedef_ofs': 0.06, 'bb': 0.34, 'pay': 0.0, 'durum': 'kapali', 'gecikme_ms': None}, {'oi': 1, 'p': 0.03, 'ofs': 0.03, 'hedef_ofs': 0.03, 'bb': 0.34, 'pay': 0.0, 'durum': 'kapali', 'gecikme_ms': None}]
  [10:53:20] GEC_UCUZ_KESILDI: sym=btc S=1789815000 iptal=5 fiyatlar=[0.03, 0.06, 0.1, 0.15, 0.22] kalan_acik=1
  [10:54:09] dolum: sym=btc S=1789815000 oi=1 p=0.3 ofset=0.3 yeni=5.0 toplam=5.0 kaynak=yoklama gecen_sn=249.1
  [10:55:06] BOY: S=1789815300 klip=5.0 kol=A
  [10:55:06] pencere: sym=btc S=1789815300 kol=A tokens=[0, 1] emir=11 kabul=[7, 4] fiyatlar=[(0, 0.4, 0.4, 0.4), (0, 0.3, 0.3, 0.3), (0, 0.22, 0.22, 0.22), (0, 0.15, 0.15, 0.15), (0, 0.1, 0.1, 0.1), (0, 0.06, 0.06, 0.06), (0, 0.03, 0.03, 0.03), (1, 0.15, 0.15, 0.15), (1, 0.1, 0.1, 0.1), (1, 0.06, 0.06, 0.06), (1, 0.03, 0.03, 0.03)]
  [10:55:44] dolum: sym=btc S=1789815300 oi=0 p=0.4 ofset=0.4 yeni=4.999 toplam=4.999 kaynak=yoklama gecen_sn=44.8
  [10:56:02] maruziyet: acik_pozisyon=0 pazar=0 dis_risk=0.0
  [10:56:07] mutabakat: pnl=-41.49 yerel=-40.53 etkin=-41.49 pencere=184 risk=6.3 emir=2410 dolum=184 pay=3425.1 geri_cekilen=1 red=19
  [10:56:47] dolum: sym=btc S=1789815300 oi=0 p=0.3 ofset=0.3 yeni=5.0 toplam=5.0 kaynak=yoklama gecen_sn=107.5
  [10:56:48] DENGE_SINIRI: sym=btc S=1789815300 agir=Up up=10.0 down=0.0 iptal=7 kalan_hafif=4
  [10:57:06] COZULDU: sym=btc S=1789815000 kol=A kazanan=0 pay=15.0 maliyet=5.0 pnl=5.0 geri_cekildi=None emirler=[{'oi': 0, 'p': 0.4, 'ofs': 0.4, 'hedef_ofs': 0.4, 'bb': 0.52, 'pay': 5.0, 'durum': 'kapali', 'gecikme_ms': 3733}, {'oi': 0, 'p': 0.3, 'ofs': 0.3, 'hedef_ofs': 0.3, 'bb': 0.52, 'pay': 5.0, 'durum': 'kapali', 'gecikme_ms': 103023}, {'oi': 0, 'p': 0.22, 'ofs': 0.22, 'hedef_ofs': 0.22, 'bb': 0.52, 'pay': 0.0, 'durum': 'kapali', 'gecikme_ms': None}, {'oi': 0, 'p': 0.15, 'ofs': 0.15, 'hedef_ofs': 0.15, 'bb': 0.52, 'pay': 0.0, 'durum': 'kapali', 'gecikme_ms': None}, {'oi': 0, 'p': 0.1, 'ofs': 0.1, 'hedef_ofs': 0.1, 'bb': 0.52, 'pay': 0.0, 'durum': 'kapali', 'gecikme_ms': None}, {'oi': 0, 'p': 0.06, 'ofs': 0.06, 'hedef_ofs': 0.06, 'bb': 0.52, 'pay': 0.0, 'durum': 'kapali', 'gecikme_ms': None}, {'oi': 0, 'p': 0.03, 'ofs': 0.03, 'hedef_ofs': 0.03, 'bb': 0.52, 'pay': 0.0, 'durum': 'kapali', 'gecikme_ms': None}, {'oi': 1, 'p': 0.3, 'ofs': 0.3, 'hedef_ofs': 0.3, 'bb': 0.47, 'pay': 5.0, 'durum': 'kapali', 'gecikme_ms': 242375}, {'oi': 1, 'p': 0.22, 'ofs': 0.22, 'hedef_ofs': 0.22, 'bb': 0.47, 'pay': 0.0, 'durum': 'kapali', 'gecikme_ms': None}, {'oi': 1, 'p': 0.15, 'ofs': 0.15, 'hedef_ofs': 0.15, 'bb': 0.47, 'pay': 0.0, 'durum': 'kapali', 'gecikme_ms': None}, {'oi': 1, 'p': 0.1, 'ofs': 0.1, 'hedef_ofs': 0.1, 'bb': 0.47, 'pay': 0.0, 'durum': 'kapali', 'gecikme_ms': None}, {'oi': 1, 'p': 0.06, 'ofs': 0.06, 'hedef_ofs': 0.06, 'bb': 0.47, 'pay': 0.0, 'durum': 'kapali', 'gecikme_ms': None}, {'oi': 1, 'p': 0.03, 'ofs': 0.03, 'hedef_ofs': 0.03, 'bb': 0.47, 'pay': 0.0, 'durum': 'kapali', 'gecikme_ms': None}]
  [10:58:20] GEC_UCUZ_KESILDI: sym=btc S=1789815300 iptal=4 fiyatlar=[0.03, 0.06, 0.1, 0.15] kalan_acik=0
  [11:00:05] BOY: S=1789815600 klip=5.0 kol=A
  [11:00:06] pencere: sym=btc S=1789815600 kol=A tokens=[0, 1] emir=13 kabul=[7, 6] fiyatlar=[(0, 0.4, 0.4, 0.4), (0, 0.3, 0.3, 0.3), (0, 0.22, 0.22, 0.22), (0, 0.15, 0.15, 0.15), (0, 0.1, 0.1, 0.1), (0, 0.06, 0.06, 0.06), (0, 0.03, 0.03, 0.03), (1, 0.3, 0.3, 0.3), (1, 0.22, 0.22, 0.22), (1, 0.15, 0.15, 0.15), (1, 0.1, 0.1, 0.1), (1, 0.06, 0.06, 0.06), (1, 0.03, 0.03, 0.03)]
  [11:00:23] maruziyet: acik_pozisyon=0 pazar=0 dis_risk=0.0
  [11:00:29] mutabakat: pnl=-36.49 yerel=-35.53 etkin=-36.49 pencere=185 risk=9.8 emir=2423 dolum=185 pay=3440.1 geri_cekilen=1 red=19
  [11:01:16] dolum: sym=btc S=1789815600 oi=1 p=0.3 ofset=0.3 yeni=5.0 toplam=5.0 kaynak=yoklama gecen_sn=76.8
  [11:01:32] dolum: sym=btc S=1789815600 oi=1 p=0.22 ofset=0.22 yeni=5.0 toplam=5.0 kaynak=yoklama gecen_sn=92.3
  [11:01:33] DENGE_SINIRI: sym=btc S=1789815600 agir=Down up=0.0 down=10.0 iptal=6 kalan_hafif=7
  [11:03:20] GEC_UCUZ_KESILDI: sym=btc S=1789815600 iptal=5 fiyatlar=[0.03, 0.06, 0.1, 0.15, 0.22] kalan_acik=2
  [11:04:33] COZULDU: sym=btc S=1789815300 kol=A kazanan=1 pay=10.0 maliyet=3.5 pnl=-3.5 geri_cekildi=None emirler=[{'oi': 0, 'p': 0.4, 'ofs': 0.4, 'hedef_ofs': 0.4, 'bb': 0.76, 'pay': 5.0, 'durum': 'kapali', 'gecikme_ms': 37936}, {'oi': 0, 'p': 0.3, 'ofs': 0.3, 'hedef_ofs': 0.3, 'bb': 0.76, 'pay': 5.0, 'durum': 'kapali', 'gecikme_ms': 100616}, {'oi': 0, 'p': 0.22, 'ofs': 0.22, 'hedef_ofs': 0.22, 'bb': 0.76, 'pay': 0.0, 'durum': 'kapali', 'gecikme_ms': None}, {'oi': 0, 'p': 0.15, 'ofs': 0.15, 'hedef_ofs': 0.15, 'bb': 0.76, 'pay': 0.0, 'durum': 'kapali', 'gecikme_ms': None}, {'oi': 0, 'p': 0.1, 'ofs': 0.1, 'hedef_ofs': 0.1, 'bb': 0.76, 'pay': 0.0, 'durum': 'kapali', 'gecikme_ms': None}, {'oi': 0, 'p': 0.06, 'ofs': 0.06, 'hedef_ofs': 0.06, 'bb': 0.76, 'pay': 0.0, 'durum': 'kapali', 'gecikme_ms': None}, {'oi': 0, 'p': 0.03, 'ofs': 0.03, 'hedef_ofs': 0.03, 'bb': 0.76, 'pay': 0.0, 'durum': 'kapali', 'gecikme_ms': None}, {'oi': 1, 'p': 0.15, 'ofs': 0.15, 'hedef_ofs': 0.15, 'bb': 0.23, 'pay': 0.0, 'durum': 'kapali', 'gecikme_ms': None}, {'oi': 1, 'p': 0.1, 'ofs': 0.1, 'hedef_ofs': 0.1, 'bb': 0.23, 'pay': 0.0, 'durum': 'kapali', 'gecikme_ms': None}, {'oi': 1, 'p': 0.06, 'ofs': 0.06, 'hedef_ofs': 0.06, 'bb': 0.23, 'pay': 0.0, 'durum': 'kapali', 'gecikme_ms': None}, {'oi': 1, 'p': 0.03, 'ofs': 0.03, 'hedef_ofs': 0.03, 'bb': 0.23, 'pay': 0.0, 'durum': 'kapali', 'gecikme_ms': None}]
  [11:04:43] maruziyet: acik_pozisyon=0 pazar=0 dis_risk=0.0
  [11:04:48] mutabakat: pnl=-39.99 yerel=-39.03 etkin=-39.99 pencere=186 risk=2.6 emir=2423 dolum=186 pay=3450.1 geri_cekilen=1 red=19
  [11:05:06] BOY: S=1789815900 klip=5.0 kol=A
  [11:05:06] pencere: sym=btc S=1789815900 kol=A tokens=[0, 1] emir=13 kabul=[6, 7] fiyatlar=[(0, 0.3, 0.3, 0.3), (0, 0.22, 0.22, 0.22), (0, 0.15, 0.15, 0.15), (0, 0.1, 0.1, 0.1), (0, 0.06, 0.06, 0.06), (0, 0.03, 0.03, 0.03), (1, 0.4, 0.4, 0.4), (1, 0.3, 0.3, 0.3), (1, 0.22, 0.22, 0.22), (1, 0.15, 0.15, 0.15), (1, 0.1, 0.1, 0.1), (1, 0.06, 0.06, 0.06), (1, 0.03, 0.03, 0.03)]
  [11:06:11] dolum: sym=btc S=1789815900 oi=0 p=0.3 ofset=0.3 yeni=4.993 toplam=4.993 kaynak=yoklama gecen_sn=71.3
  [11:07:51] dolum: sym=btc S=1789815900 oi=1 p=0.4 ofset=0.4 yeni=5.0 toplam=5.0 kaynak=yoklama gecen_sn=171.4
  [11:07:51] dolum: sym=btc S=1789815900 oi=1 p=0.3 ofset=0.3 yeni=5.0 toplam=5.0 kaynak=yoklama gecen_sn=171.5
  [11:08:01] DENGE_SINIRI: sym=btc S=1789815900 agir=Down up=5.0 down=10.0 iptal=7 kalan_hafif=6
  [11:08:21] GEC_UCUZ_KESILDI: sym=btc S=1789815900 iptal=5 fiyatlar=[0.03, 0.06, 0.1, 0.15, 0.22] kalan_acik=1
  [11:09:03] maruziyet: acik_pozisyon=0 pazar=0 dis_risk=0.0
  [11:09:09] mutabakat: pnl=-39.99 yerel=-39.03 etkin=-39.99 pencere=186 risk=2.61 emir=2436 dolum=186 pay=3450.1 geri_cekilen=1 red=19
  [11:09:44] COZULDU: sym=btc S=1789815600 kol=A kazanan=0 pay=10.0 maliyet=2.6 pnl=-2.6 geri_cekildi=None emirler=[{'oi': 0, 'p': 0.4, 'ofs': 0.4, 'hedef_ofs': 0.4, 'bb': 0.54, 'pay': 0.0, 'durum': 'kapali', 'gecikme_ms': None}, {'oi': 0, 'p': 0.3, 'ofs': 0.3, 'hedef_ofs': 0.3, 'bb': 0.54, 'pay': 0.0, 'durum': 'kapali', 'gecikme_ms': None}, {'oi': 0, 'p': 0.22, 'ofs': 0.22, 'hedef_ofs': 0.22, 'bb': 0.54, 'pay': 0.0, 'durum': 'kapali', 'gecikme_ms': None}, {'oi': 0, 'p': 0.15, 'ofs': 0.15, 'hedef_ofs': 0.15, 'bb': 0.54, 'pay': 0.0, 'durum': 'kapali', 'gecikme_ms': None}, {'oi': 0, 'p': 0.1, 'ofs': 0.1, 'hedef_ofs': 0.1, 'bb': 0.54, 'pay': 0.0, 'durum': 'kapali', 'gecikme_ms': None}, {'oi': 0, 'p': 0.06, 'ofs': 0.06, 'hedef_ofs': 0.06, 'bb': 0.54, 'pay': 0.0, 'durum': 'kapali', 'gecikme_ms': None}, {'oi': 0, 'p': 0.03, 'ofs': 0.03, 'hedef_ofs': 0.03, 'bb': 0.54, 'pay': 0.0, 'durum': 'kapali', 'gecikme_ms': None}, {'oi': 1, 'p': 0.3, 'ofs': 0.3, 'hedef_ofs': 0.3, 'bb': 0.45, 'pay': 5.0, 'durum': 'kapali', 'gecikme_ms': 70071}, {'oi': 1, 'p': 0.22, 'ofs': 0.22, 'hedef_ofs': 0.22, 'bb': 0.45, 'pay': 5.0, 'durum': 'kapali', 'gecikme_ms': 85579}, {'oi': 1, 'p': 0.15, 'ofs': 0.15, 'hedef_ofs': 0.15, 'bb': 0.45, 'pay': 0.0, 'durum': 'kapali', 'gecikme_ms': None}, {'oi': 1, 'p': 0.1, 'ofs': 0.1, 'hedef_ofs': 0.1, 'bb': 0.45, 'pay': 0.0, 'durum': 'kapali', 'gecikme_ms': None}, {'oi': 1, 'p': 0.06, 'ofs': 0.06, 'hedef_ofs': 0.06, 'bb': 0.45, 'pay': 0.0, 'durum': 'kapali', 'gecikme_ms': None}, {'oi': 1, 'p': 0.03, 'ofs': 0.03, 'hedef_ofs': 0.03, 'bb': 0.45, 'pay': 0.0, 'durum': 'kapali', 'gecikme_ms': None}]
  [11:10:05] BOY: S=1789816200 klip=5.0 kol=A
  [11:10:06] pencere: sym=btc S=1789816200 kol=A tokens=[0, 1] emir=11 kabul=[7, 4] fiyatlar=[(0, 0.4, 0.4, 0.4), (0, 0.3, 0.3, 0.3), (0, 0.22, 0.22, 0.22), (0, 0.15, 0.15, 0.15), (0, 0.1, 0.1, 0.1), (0, 0.06, 0.06, 0.06), (0, 0.03, 0.03, 0.03), (1, 0.15, 0.15, 0.15), (1, 0.1, 0.1, 0.1), (1, 0.06, 0.06, 0.06), (1, 0.03, 0.03, 0.03)]
  [11:10:18] dolum: sym=btc S=1789816200 oi=0 p=0.4 ofset=0.4 yeni=5.0 toplam=5.0 kaynak=yoklama gecen_sn=18.9
  [11:12:31] COZULDU: sym=btc S=1789815900 kol=A kazanan=0 pay=14.99 maliyet=5.0 pnl=-0.01 geri_cekildi=None emirler=[{'oi': 0, 'p': 0.3, 'ofs': 0.3, 'hedef_ofs': 0.3, 'bb': 0.46, 'pay': 4.99, 'durum': 'kapali', 'gecikme_ms': 64621}, {'oi': 0, 'p': 0.22, 'ofs': 0.22, 'hedef_ofs': 0.22, 'bb': 0.46, 'pay': 0.0, 'durum': 'kapali', 'gecikme_ms': None}, {'oi': 0, 'p': 0.15, 'ofs': 0.15, 'hedef_ofs': 0.15, 'bb': 0.46, 'pay': 0.0, 'durum': 'kapali', 'gecikme_ms': None}, {'oi': 0, 'p': 0.1, 'ofs': 0.1, 'hedef_ofs': 0.1, 'bb': 0.46, 'pay': 0.0, 'durum': 'kapali', 'gecikme_ms': None}, {'oi': 0, 'p': 0.06, 'ofs': 0.06, 'hedef_ofs': 0.06, 'bb': 0.46, 'pay': 0.0, 'durum': 'kapali', 'gecikme_ms': None}, {'oi': 0, 'p': 0.03, 'ofs': 0.03, 'hedef_ofs': 0.03, 'bb': 0.46, 'pay': 0.0, 'durum': 'kapali', 'gecikme_ms': None}, {'oi': 1, 'p': 0.4, 'ofs': 0.4, 'hedef_ofs': 0.4, 'bb': 0.53, 'pay': 5.0, 'durum': 'kapali', 'gecikme_ms': 164781}, {'oi': 1, 'p': 0.3, 'ofs': 0.3, 'hedef_ofs': 0.3, 'bb': 0.53, 'pay': 5.0, 'durum': 'kapali', 'gecikme_ms': 164882}, {'oi': 1, 'p': 0.22, 'ofs': 0.22, 'hedef_ofs': 0.22, 'bb': 0.53, 'pay': 0.0, 'durum': 'kapali', 'gecikme_ms': None}, {'oi': 1, 'p': 0.15, 'ofs': 0.15, 'hedef_ofs': 0.15, 'bb': 0.53, 'pay': 0.0, 'durum': 'kapali', 'gecikme_ms': None}, {'oi': 1, 'p': 0.1, 'ofs': 0.1, 'hedef_ofs': 0.1, 'bb': 0.53, 'pay': 0.0, 'durum': 'kapali', 'gecikme_ms': None}, {'oi': 1, 'p': 0.06, 'ofs': 0.06, 'hedef_ofs': 0.06, 'bb': 0.53, 'pay': 0.0, 'durum': 'kapali', 'gecikme_ms': None}, {'oi': 1, 'p': 0.03, 'ofs': 0.03, 'hedef_ofs': 0.03, 'bb': 0.53, 'pay': 0.0, 'durum': 'kapali', 'gecikme_ms': None}]
  [11:12:31] dolum: sym=btc S=1789816200 oi=0 p=0.3 ofset=0.3 yeni=5.0 toplam=5.0 kaynak=yoklama gecen_sn=151.6
  [11:12:33] DENGE_SINIRI: sym=btc S=1789816200 agir=Up up=10.0 down=0.0 iptal=7 kalan_hafif=4
  [11:13:21] GEC_UCUZ_KESILDI: sym=btc S=1789816200 iptal=4 fiyatlar=[0.03, 0.06, 0.1, 0.15] kalan_acik=0
  [11:13:24] maruziyet: acik_pozisyon=0 pazar=0 dis_risk=0.0
  [11:13:29] mutabakat: pnl=-42.59 yerel=-41.64 etkin=-42.59 pencere=188 risk=3.5 emir=2447 dolum=188 pay=3475.1 geri_cekilen=1 red=19
  [11:15:06] BOY: S=1789816500 klip=5.0 kol=A
  [11:15:06] pencere: sym=btc S=1789816500 kol=A tokens=[0, 1] emir=13 kabul=[7, 6] fiyatlar=[(0, 0.4, 0.4, 0.4), (0, 0.3, 0.3, 0.3), (0, 0.22, 0.22, 0.22), (0, 0.15, 0.15, 0.15), (0, 0.1, 0.1, 0.1), (0, 0.06, 0.06, 0.06), (0, 0.03, 0.03, 0.03), (1, 0.3, 0.3, 0.3), (1, 0.22, 0.22, 0.22), (1, 0.15, 0.15, 0.15), (1, 0.1, 0.1, 0.1), (1, 0.06, 0.06, 0.06), (1, 0.03, 0.03, 0.03)]
  [11:15:42] dolum: sym=btc S=1789816500 oi=0 p=0.4 ofset=0.4 yeni=5.0 toplam=5.0 kaynak=yoklama gecen_sn=42.1
  [11:16:55] dolum: sym=btc S=1789816500 oi=0 p=0.3 ofset=0.3 yeni=5.0 toplam=5.0 kaynak=yoklama gecen_sn=115.2
  [11:16:56] DENGE_SINIRI: sym=btc S=1789816500 agir=Up up=10.0 down=0.0 iptal=7 kalan_hafif=6
  [11:17:25] dolum: sym=btc S=1789816500 oi=1 p=0.3 ofset=0.3 yeni=4.991 toplam=4.991 kaynak=yoklama gecen_sn=145.4
  [11:17:25] dolum: sym=btc S=1789816500 oi=1 p=0.22 ofset=0.22 yeni=5.0 toplam=5.0 kaynak=yoklama gecen_sn=145.5
  [11:17:25] dolum: sym=btc S=1789816500 oi=1 p=0.15 ofset=0.15 yeni=5.0 toplam=5.0 kaynak=yoklama gecen_sn=145.6
  [11:17:25] dolum: sym=btc S=1789816500 oi=1 p=0.1 ofset=0.1 yeni=5.0 toplam=5.0 kaynak=yoklama gecen_sn=145.7
  [11:17:26] DENGE_SINIRI: sym=btc S=1789816500 agir=Down up=10.0 down=20.0 iptal=6 kalan_hafif=0
  [11:17:44] maruziyet: acik_pozisyon=0 pazar=0 dis_risk=0.0
  [11:17:51] mutabakat: pnl=-42.59 yerel=-41.64 etkin=-42.59 pencere=188 risk=3.5 emir=2460 dolum=188 pay=3475.1 geri_cekilen=1 red=19
  [11:18:22] COZULDU: sym=btc S=1789816200 kol=A kazanan=1 pay=10.0 maliyet=3.5 pnl=-3.5 geri_cekildi=None emirler=[{'oi': 0, 'p': 0.4, 'ofs': 0.4, 'hedef_ofs': 0.4, 'bb': 0.75, 'pay': 5.0, 'durum': 'kapali', 'gecikme_ms': 12355}, {'oi': 0, 'p': 0.3, 'ofs': 0.3, 'hedef_ofs': 0.3, 'bb': 0.75, 'pay': 5.0, 'durum': 'kapali', 'gecikme_ms': 145111}, {'oi': 0, 'p': 0.22, 'ofs': 0.22, 'hedef_ofs': 0.22, 'bb': 0.75, 'pay': 0.0, 'durum': 'kapali', 'gecikme_ms': None}, {'oi': 0, 'p': 0.15, 'ofs': 0.15, 'hedef_ofs': 0.15, 'bb': 0.75, 'pay': 0.0, 'durum': 'kapali', 'gecikme_ms': None}, {'oi': 0, 'p': 0.1, 'ofs': 0.1, 'hedef_ofs': 0.1, 'bb': 0.75, 'pay': 0.0, 'durum': 'kapali', 'gecikme_ms': None}, {'oi': 0, 'p': 0.06, 'ofs': 0.06, 'hedef_ofs': 0.06, 'bb': 0.75, 'pay': 0.0, 'durum': 'kapali', 'gecikme_ms': None}, {'oi': 0, 'p': 0.03, 'ofs': 0.03, 'hedef_ofs': 0.03, 'bb': 0.75, 'pay': 0.0, 'durum': 'kapali', 'gecikme_ms': None}, {'oi': 1, 'p': 0.15, 'ofs': 0.15, 'hedef_ofs': 0.15, 'bb': 0.24, 'pay': 0.0, 'durum': 'kapali', 'gecikme_ms': None}, {'oi': 1, 'p': 0.1, 'ofs': 0.1, 'hedef_ofs': 0.1, 'bb': 0.24, 'pay': 0.0, 'durum': 'kapali', 'gecikme_ms': None}, {'oi': 1, 'p': 0.06, 'ofs': 0.06, 'hedef_ofs': 0.06, 'bb': 0.24, 'pay': 0.0, 'durum': 'kapali', 'gecikme_ms': None}, {'oi': 1, 'p': 0.03, 'ofs': 0.03, 'hedef_ofs': 0.03, 'bb': 0.24, 'pay': 0.0, 'durum': 'kapali', 'gecikme_ms': None}]
  [11:20:05] BOY: S=1789816800 klip=5.0 kol=A
  [11:20:06] pencere: sym=btc S=1789816800 kol=A tokens=[0, 1] emir=12 kabul=[5, 7] fiyatlar=[(0, 0.22, 0.22, 0.22), (0, 0.15, 0.15, 0.15), (0, 0.1, 0.1, 0.1), (0, 0.06, 0.06, 0.06), (0, 0.03, 0.03, 0.03), (1, 0.4, 0.4, 0.4), (1, 0.3, 0.3, 0.3), (1, 0.22, 0.22, 0.22), (1, 0.15, 0.15, 0.15), (1, 0.1, 0.1, 0.1), (1, 0.06, 0.06, 0.06), (1, 0.03, 0.03, 0.03)]
  [11:22:05] maruziyet: acik_pozisyon=0 pazar=0 dis_risk=0.0
  [11:22:11] mutabakat: pnl=-46.09 yerel=-45.14 etkin=-46.09 pencere=189 risk=6.3 emir=2472 dolum=189 pay=3485.1 geri_cekilen=1 red=19
  [11:22:48] dolum: sym=btc S=1789816800 oi=1 p=0.4 ofset=0.4 yeni=4.537 toplam=4.537 kaynak=yoklama gecen_sn=168.2
  [11:23:00] DENGE_SINIRI: sym=btc S=1789816800 agir=Down up=0.0 down=4.5 iptal=7 kalan_hafif=5
  [11:23:21] GEC_UCUZ_KESILDI: sym=btc S=1789816800 iptal=5 fiyatlar=[0.03, 0.06, 0.1, 0.15, 0.22] kalan_acik=0
  [11:25:06] BOY: S=1789817100 klip=5.0 kol=A
  [11:25:06] pencere: sym=btc S=1789817100 kol=A tokens=[0, 1] emir=14 kabul=[7, 7] fiyatlar=[(0, 0.4, 0.4, 0.4), (0, 0.3, 0.3, 0.3), (0, 0.22, 0.22, 0.22), (0, 0.15, 0.15, 0.15), (0, 0.1, 0.1, 0.1), (0, 0.06, 0.06, 0.06), (0, 0.03, 0.03, 0.03), (1, 0.4, 0.4, 0.4), (1, 0.3, 0.3, 0.3), (1, 0.22, 0.22, 0.22), (1, 0.15, 0.15, 0.15), (1, 0.1, 0.1, 0.1), (1, 0.06, 0.06, 0.06), (1, 0.03, 0.03, 0.03)]
  [11:25:09] dolum: sym=btc S=1789817100 oi=0 p=0.4 ofset=0.4 yeni=5.0 toplam=5.0 kaynak=yoklama gecen_sn=9.2
  [11:25:09] dolum: sym=btc S=1789817100 oi=0 p=0.3 ofset=0.3 yeni=5.0 toplam=5.0 kaynak=yoklama gecen_sn=9.3
  [11:25:09] dolum: sym=btc S=1789817100 oi=0 p=0.22 ofset=0.22 yeni=5.0 toplam=5.0 kaynak=yoklama gecen_sn=9.4
  [11:25:10] dolum: sym=btc S=1789817100 oi=0 p=0.15 ofset=0.15 yeni=5.0 toplam=5.0 kaynak=iptal gecen_sn=10.8
  [11:25:11] DENGE_SINIRI: sym=btc S=1789817100 agir=Up up=15.0 down=0.0 iptal=7 kalan_hafif=7
  [11:26:26] maruziyet: acik_pozisyon=0 pazar=0 dis_risk=0.0
  [11:26:32] mutabakat: pnl=-46.09 yerel=-45.14 etkin=-46.09 pencere=189 risk=7.16 emir=2486 dolum=189 pay=3485.1 geri_cekilen=1 red=19
  [11:26:47] COZULDU: sym=btc S=1789816500 kol=A kazanan=0 pay=29.99 maliyet=7.35 pnl=2.65 geri_cekildi=None emirler=[{'oi': 0, 'p': 0.4, 'ofs': 0.4, 'hedef_ofs': 0.4, 'bb': 0.53, 'pay': 5.0, 'durum': 'kapali', 'gecikme_ms': 35445}, {'oi': 0, 'p': 0.3, 'ofs': 0.3, 'hedef_ofs': 0.3, 'bb': 0.53, 'pay': 5.0, 'durum': 'kapali', 'gecikme_ms': 108498}, {'oi': 0, 'p': 0.22, 'ofs': 0.22, 'hedef_ofs': 0.22, 'bb': 0.53, 'pay': 0.0, 'durum': 'kapali', 'gecikme_ms': None}, {'oi': 0, 'p': 0.15, 'ofs': 0.15, 'hedef_ofs': 0.15, 'bb': 0.53, 'pay': 0.0, 'durum': 'kapali', 'gecikme_ms': None}, {'oi': 0, 'p': 0.1, 'ofs': 0.1, 'hedef_ofs': 0.1, 'bb': 0.53, 'pay': 0.0, 'durum': 'kapali', 'gecikme_ms': None}, {'oi': 0, 'p': 0.06, 'ofs': 0.06, 'hedef_ofs': 0.06, 'bb': 0.53, 'pay': 0.0, 'durum': 'kapali', 'gecikme_ms': None}, {'oi': 0, 'p': 0.03, 'ofs': 0.03, 'hedef_ofs': 0.03, 'bb': 0.53, 'pay': 0.0, 'durum': 'kapali', 'gecikme_ms': None}, {'oi': 1, 'p': 0.3, 'ofs': 0.3, 'hedef_ofs': 0.3, 'bb': 0.46, 'pay': 4.99, 'durum': 'kapali', 'gecikme_ms': 138713}, {'oi': 1, 'p': 0.22, 'ofs': 0.22, 'hedef_ofs': 0.22, 'bb': 0.46, 'pay': 5.0, 'durum': 'kapali', 'gecikme_ms': 138821}, {'oi': 1, 'p': 0.15, 'ofs': 0.15, 'hedef_ofs': 0.15, 'bb': 0.46, 'pay': 5.0, 'durum': 'kapali', 'gecikme_ms': 138927}, {'oi': 1, 'p': 0.1, 'ofs': 0.1, 'hedef_ofs': 0.1, 'bb': 0.46, 'pay': 5.0, 'durum': 'kapali', 'gecikme_ms': 139031}, {'oi': 1, 'p': 0.06, 'ofs': 0.06, 'hedef_ofs': 0.06, 'bb': 0.46, 'pay': 0.0, 'durum': 'kapali', 'gecikme_ms': None}, {'oi': 1, 'p': 0.03, 'ofs': 0.03, 'hedef_ofs': 0.03, 'bb': 0.46, 'pay': 0.0, 'durum': 'kapali', 'gecikme_ms': None}]
  [11:27:41] COZULDU: sym=btc S=1789816800 kol=A kazanan=0 pay=4.54 maliyet=1.81 pnl=-1.81 geri_cekildi=None emirler=[{'oi': 0, 'p': 0.22, 'ofs': 0.22, 'hedef_ofs': 0.22, 'bb': 0.33, 'pay': 0.0, 'durum': 'kapali', 'gecikme_ms': None}, {'oi': 0, 'p': 0.15, 'ofs': 0.15, 'hedef_ofs': 0.15, 'bb': 0.33, 'pay': 0.0, 'durum': 'kapali', 'gecikme_ms': None}, {'oi': 0, 'p': 0.1, 'ofs': 0.1, 'hedef_ofs': 0.1, 'bb': 0.33, 'pay': 0.0, 'durum': 'kapali', 'gecikme_ms': None}, {'oi': 0, 'p': 0.06, 'ofs': 0.06, 'hedef_ofs': 0.06, 'bb': 0.33, 'pay': 0.0, 'durum': 'kapali', 'gecikme_ms': None}, {'oi': 0, 'p': 0.03, 'ofs': 0.03, 'hedef_ofs': 0.03, 'bb': 0.33, 'pay': 0.0, 'durum': 'kapali', 'gecikme_ms': None}, {'oi': 1, 'p': 0.4, 'ofs': 0.4, 'hedef_ofs': 0.4, 'bb': 0.66, 'pay': 4.54, 'durum': 'kapali', 'gecikme_ms': 161744}, {'oi': 1, 'p': 0.3, 'ofs': 0.3, 'hedef_ofs': 0.3, 'bb': 0.66, 'pay': 0.0, 'durum': 'kapali', 'gecikme_ms': None}, {'oi': 1, 'p': 0.22, 'ofs': 0.22, 'hedef_ofs': 0.22, 'bb': 0.66, 'pay': 0.0, 'durum': 'kapali', 'gecikme_ms': None}, {'oi': 1, 'p': 0.15, 'ofs': 0.15, 'hedef_ofs': 0.15, 'bb': 0.66, 'pay': 0.0, 'durum': 'kapali', 'gecikme_ms': None}, {'oi': 1, 'p': 0.1, 'ofs': 0.1, 'hedef_ofs': 0.1, 'bb': 0.66, 'pay': 0.0, 'durum': 'kapali', 'gecikme_ms': None}, {'oi': 1, 'p': 0.06, 'ofs': 0.06, 'hedef_ofs': 0.06, 'bb': 0.66, 'pay': 0.0, 'durum': 'kapali', 'gecikme_ms': None}, {'oi': 1, 'p': 0.03, 'ofs': 0.03, 'hedef_ofs': 0.03, 'bb': 0.66, 'pay': 0.0, 'durum': 'kapali', 'gecikme_ms': None}]
  [11:28:21] GEC_UCUZ_KESILDI: sym=btc S=1789817100 iptal=5 fiyatlar=[0.03, 0.06, 0.1, 0.15, 0.22] kalan_acik=2
  [11:30:09] BOY: S=1789817400 klip=5.0 kol=A
  [11:30:10] pencere: sym=btc S=1789817400 kol=A tokens=[0, 1] emir=14 kabul=[7, 7] fiyatlar=[(0, 0.4, 0.4, 0.4), (0, 0.3, 0.3, 0.3), (0, 0.22, 0.22, 0.22), (0, 0.15, 0.15, 0.15), (0, 0.1, 0.1, 0.1), (0, 0.06, 0.06, 0.06), (0, 0.03, 0.03, 0.03), (1, 0.4, 0.4, 0.4), (1, 0.3, 0.3, 0.3), (1, 0.22, 0.22, 0.22), (1, 0.15, 0.15, 0.15), (1, 0.1, 0.1, 0.1), (1, 0.06, 0.06, 0.06), (1, 0.03, 0.03, 0.03)]
  [11:30:51] maruziyet: acik_pozisyon=0 pazar=0 dis_risk=0.0
  [11:30:56] mutabakat: pnl=-45.26 yerel=-44.3 etkin=-45.26 pencere=191 risk=11.65 emir=2500 dolum=191 pay=3519.6 geri_cekilen=1 red=19
  [11:30:57] dolum: sym=btc S=1789817400 oi=0 p=0.4 ofset=0.4 yeni=5.0 toplam=5.0 kaynak=yoklama gecen_sn=57.6
  [11:31:02] dolum: sym=btc S=1789817400 oi=0 p=0.3 ofset=0.3 yeni=5.0 toplam=5.0 kaynak=yoklama gecen_sn=62.6
  [11:31:04] DENGE_SINIRI: sym=btc S=1789817400 agir=Up up=10.0 down=0.0 iptal=7 kalan_hafif=7
  [11:31:39] dolum: sym=btc S=1789817400 oi=1 p=0.4 ofset=0.4 yeni=5.0 toplam=5.0 kaynak=yoklama gecen_sn=99.0
  [11:33:23] GEC_UCUZ_KESILDI: sym=btc S=1789817400 iptal=5 fiyatlar=[0.03, 0.06, 0.1, 0.15, 0.22] kalan_acik=2
  [11:33:39] COZULDU: sym=btc S=1789817100 kol=A kazanan=1 pay=20.0 maliyet=5.35 pnl=-5.35 geri_cekildi=None emirler=[{'oi': 0, 'p': 0.4, 'ofs': 0.4, 'hedef_ofs': 0.4, 'bb': 0.49, 'pay': 5.0, 'durum': 'kapali', 'gecikme_ms': 2368}, {'oi': 0, 'p': 0.3, 'ofs': 0.3, 'hedef_ofs': 0.3, 'bb': 0.49, 'pay': 5.0, 'durum': 'kapali', 'gecikme_ms': 2467}, {'oi': 0, 'p': 0.22, 'ofs': 0.22, 'hedef_ofs': 0.22, 'bb': 0.49, 'pay': 5.0, 'durum': 'kapali', 'gecikme_ms': 2566}, {'oi': 0, 'p': 0.15, 'ofs': 0.15, 'hedef_ofs': 0.15, 'bb': 0.49, 'pay': 5.0, 'durum': 'kapali', 'gecikme_ms': 3971}, {'oi': 0, 'p': 0.1, 'ofs': 0.1, 'hedef_ofs': 0.1, 'bb': 0.49, 'pay': 0.0, 'durum': 'kapali', 'gecikme_ms': None}, {'oi': 0, 'p': 0.06, 'ofs': 0.06, 'hedef_ofs': 0.06, 'bb': 0.49, 'pay': 0.0, 'durum': 'kapali', 'gecikme_ms': None}, {'oi': 0, 'p': 0.03, 'ofs': 0.03, 'hedef_ofs': 0.03, 'bb': 0.49, 'pay': 0.0, 'durum': 'kapali', 'gecikme_ms': None}, {'oi': 1, 'p': 0.4, 'ofs': 0.4, 'hedef_ofs': 0.4, 'bb': 0.5, 'pay': 0.0, 'durum': 'kapali', 'gecikme_ms': None}, {'oi': 1, 'p': 0.3, 'ofs': 0.3, 'hedef_ofs': 0.3, 'bb': 0.5, 'pay': 0.0, 'durum': 'kapali', 'gecikme_ms': None}, {'oi': 1, 'p': 0.22, 'ofs': 0.22, 'hedef_ofs': 0.22, 'bb': 0.5, 'pay': 0.0, 'durum': 'kapali', 'gecikme_ms': None}, {'oi': 1, 'p': 0.15, 'ofs': 0.15, 'hedef_ofs': 0.15, 'bb': 0.5, 'pay': 0.0, 'durum': 'kapali', 'gecikme_ms': None}, {'oi': 1, 'p': 0.1, 'ofs': 0.1, 'hedef_ofs': 0.1, 'bb': 0.5, 'pay': 0.0, 'durum': 'kapali', 'gecikme_ms': None}, {'oi': 1, 'p': 0.06, 'ofs': 0.06, 'hedef_ofs': 0.06, 'bb': 0.5, 'pay': 0.0, 'durum': 'kapali', 'gecikme_ms': None}, {'oi': 1, 'p': 0.03, 'ofs': 0.03, 'hedef_ofs': 0.03, 'bb': 0.5, 'pay': 0.0, 'durum': 'kapali', 'gecikme_ms': None}]
  [11:35:05] BOY: S=1789817700 klip=5.0 kol=A
  [11:35:06] pencere: sym=btc S=1789817700 kol=A tokens=[0, 1] emir=14 kabul=[7, 7] fiyatlar=[(0, 0.4, 0.4, 0.4), (0, 0.3, 0.3, 0.3), (0, 0.22, 0.22, 0.22), (0, 0.15, 0.15, 0.15), (0, 0.1, 0.1, 0.1), (0, 0.06, 0.06, 0.06), (0, 0.03, 0.03, 0.03), (1, 0.4, 0.4, 0.4), (1, 0.3, 0.3, 0.3), (1, 0.22, 0.22, 0.22), (1, 0.15, 0.15, 0.15), (1, 0.1, 0.1, 0.1), (1, 0.06, 0.06, 0.06), (1, 0.03, 0.03, 0.03)]
  [11:35:12] maruziyet: acik_pozisyon=0 pazar=0 dis_risk=0.0
  [11:35:18] mutabakat: pnl=-50.61 yerel=-49.65 etkin=-50.61 pencere=192 risk=6.8 emir=2514 dolum=192 pay=3539.6 geri_cekilen=1 red=19
  [11:35:48] dolum: sym=btc S=1789817700 oi=0 p=0.4 ofset=0.4 yeni=5.0 toplam=5.0 kaynak=yoklama gecen_sn=48.3
  [11:36:23] dolum: sym=btc S=1789817700 oi=1 p=0.4 ofset=0.4 yeni=5.0 toplam=5.0 kaynak=yoklama gecen_sn=83.7
  [11:36:38] dolum: sym=btc S=1789817700 oi=1 p=0.3 ofset=0.3 yeni=5.0 toplam=5.0 kaynak=yoklama gecen_sn=98.1
  [11:36:53] dolum: sym=btc S=1789817700 oi=1 p=0.22 ofset=0.22 yeni=5.0 toplam=5.0 kaynak=yoklama gecen_sn=113.0
  [11:36:53] dolum: sym=btc S=1789817700 oi=1 p=0.15 ofset=0.15 yeni=5.0 toplam=5.0 kaynak=yoklama gecen_sn=113.1
  [11:36:54] DENGE_SINIRI: sym=btc S=1789817700 agir=Down up=5.0 down=20.0 iptal=7 kalan_hafif=7
  [11:38:21] GEC_UCUZ_KESILDI: sym=btc S=1789817700 iptal=5 fiyatlar=[0.03, 0.06, 0.1, 0.15, 0.22] kalan_acik=2
  [11:39:24] COZULDU: sym=btc S=1789817400 kol=A kazanan=1 pay=15.0 maliyet=5.5 pnl=-0.5 geri_cekildi=None emirler=[{'oi': 0, 'p': 0.4, 'ofs': 0.4, 'hedef_ofs': 0.4, 'bb': 0.5, 'pay': 5.0, 'durum': 'kapali', 'gecikme_ms': 47478}, {'oi': 0, 'p': 0.3, 'ofs': 0.3, 'hedef_ofs': 0.3, 'bb': 0.5, 'pay': 5.0, 'durum': 'kapali', 'gecikme_ms': 52507}, {'oi': 0, 'p': 0.22, 'ofs': 0.22, 'hedef_ofs': 0.22, 'bb': 0.5, 'pay': 0.0, 'durum': 'kapali', 'gecikme_ms': None}, {'oi': 0, 'p': 0.15, 'ofs': 0.15, 'hedef_ofs': 0.15, 'bb': 0.5, 'pay': 0.0, 'durum': 'kapali', 'gecikme_ms': None}, {'oi': 0, 'p': 0.1, 'ofs': 0.1, 'hedef_ofs': 0.1, 'bb': 0.5, 'pay': 0.0, 'durum': 'kapali', 'gecikme_ms': None}, {'oi': 0, 'p': 0.06, 'ofs': 0.06, 'hedef_ofs': 0.06, 'bb': 0.5, 'pay': 0.0, 'durum': 'kapali', 'gecikme_ms': None}, {'oi': 0, 'p': 0.03, 'ofs': 0.03, 'hedef_ofs': 0.03, 'bb': 0.5, 'pay': 0.0, 'durum': 'kapali', 'gecikme_ms': None}, {'oi': 1, 'p': 0.4, 'ofs': 0.4, 'hedef_ofs': 0.4, 'bb': 0.49, 'pay': 5.0, 'durum': 'kapali', 'gecikme_ms': 88942}, {'oi': 1, 'p': 0.3, 'ofs': 0.3, 'hedef_ofs': 0.3, 'bb': 0.49, 'pay': 0.0, 'durum': 'kapali', 'gecikme_ms': None}, {'oi': 1, 'p': 0.22, 'ofs': 0.22, 'hedef_ofs': 0.22, 'bb': 0.49, 'pay': 0.0, 'durum': 'kapali', 'gecikme_ms': None}, {'oi': 1, 'p': 0.15, 'ofs': 0.15, 'hedef_ofs': 0.15, 'bb': 0.49, 'pay': 0.0, 'durum': 'kapali', 'gecikme_ms': None}, {'oi': 1, 'p': 0.1, 'ofs': 0.1, 'hedef_ofs': 0.1, 'bb': 0.49, 'pay': 0.0, 'durum': 'kapali', 'gecikme_ms': None}, {'oi': 1, 'p': 0.06, 'ofs': 0.06, 'hedef_ofs': 0.06, 'bb': 0.49, 'pay': 0.0, 'durum': 'kapali', 'gecikme_ms': None}, {'oi': 1, 'p': 0.03, 'ofs': 0.03, 'hedef_ofs': 0.03, 'bb': 0.49, 'pay': 0.0, 'durum': 'kapali', 'gecikme_ms': None}]
  [11:39:33] maruziyet: acik_pozisyon=0 pazar=0 dis_risk=0.0
  [11:39:39] mutabakat: pnl=-51.11 yerel=-50.15 etkin=-51.11 pencere=193 risk=2.35 emir=2514 dolum=193 pay=3554.6 geri_cekilen=1 red=19
  [11:40:08] BOY: S=1789818000 klip=5.0 kol=A
  [11:40:08] pencere: sym=btc S=1789818000 kol=A tokens=[0, 1] emir=13 kabul=[6, 7] fiyatlar=[(0, 0.3, 0.3, 0.3), (0, 0.22, 0.22, 0.22), (0, 0.15, 0.15, 0.15), (0, 0.1, 0.1, 0.1), (0, 0.06, 0.06, 0.06), (0, 0.03, 0.03, 0.03), (1, 0.4, 0.4, 0.4), (1, 0.3, 0.3, 0.3), (1, 0.22, 0.22, 0.22), (1, 0.15, 0.15, 0.15), (1, 0.1, 0.1, 0.1), (1, 0.06, 0.06, 0.06), (1, 0.03, 0.03, 0.03)]
  [11:40:12] dolum: sym=btc S=1789818000 oi=0 p=0.3 ofset=0.3 yeni=5.0 toplam=5.0 kaynak=yoklama gecen_sn=12.6
  [11:41:09] dolum: sym=btc S=1789818000 oi=0 p=0.22 ofset=0.22 yeni=5.0 toplam=5.0 kaynak=yoklama gecen_sn=69.7
  [11:41:12] DENGE_SINIRI: sym=btc S=1789818000 agir=Up up=10.0 down=0.0 iptal=6 kalan_hafif=7
  [11:42:14] dolum: sym=btc S=1789818000 oi=1 p=0.4 ofset=0.4 yeni=5.0 toplam=5.0 kaynak=yoklama gecen_sn=134.9
  [11:42:32] bitti: sebep=sure pnl=-51.1058 yerel=-50.1486 pencere=198 emir=2527 dolum=193 pay=3554.64 geri_cekilen=1 red=19 bilinmeyen=0 risk=2.35
  [12:34:57] SURUM: kaynak_sha=5b88180a9940 oturum=3246748 kapi=False esik_bps=16.4 boy_testi=False klip_buyuk=25.0 tamamla_acik=False tamamla_tavan=1.02 px_tavan_maker=0.4 a_uyum=False a_cift_tavan=0.8 a_uyum_ara=20.0 a_oran=1.0 tohum=20260918 delta_tik_b=[2, 4] yenileme_ara=20.0 taraf_tavan=10.0 gec_kes=60.0 ucuz_esik=0.4 gec_esik=180.0
  [12:34:57] hazir: mod=LIVE klip=5.0 fiyatlar=[0.4, 0.3, 0.22, 0.15, 0.1, 0.06, 0.03] kesici=-60.0 denge_siniri=10.0 amac=DERIN MERDIVEN v4 - mutlak fiyat noktalari
  [12:34:58] maruziyet: acik_pozisyon=0 pazar=0 dis_risk=0.0
  [12:34:58] state_yuklendi: pencere=12 pnl=-51.11 pnl_yerel=-50.15 emir=2527 dolum=193
  [12:35:04] basladi: mod=LIVE gorulen_pencere=198
  [12:35:04] COZULDU: sym=btc S=1789817700 kol=A kazanan=0 pay=25.0 maliyet=7.35 pnl=-2.35 geri_cekildi=None emirler=[{'oi': 0, 'p': 0.4, 'ofs': 0.4, 'hedef_ofs': 0.4, 'bb': 0.51, 'pay': 5.0, 'durum': 'kapali', 'gecikme_ms': 41918}, {'oi': 0, 'p': 0.3, 'ofs': 0.3, 'hedef_ofs': 0.3, 'bb': 0.51, 'pay': 0.0, 'durum': 'kapali', 'gecikme_ms': None}, {'oi': 0, 'p': 0.22, 'ofs': 0.22, 'hedef_ofs': 0.22, 'bb': 0.51, 'pay': 0.0, 'durum': 'kapali', 'gecikme_ms': None}, {'oi': 0, 'p': 0.15, 'ofs': 0.15, 'hedef_ofs': 0.15, 'bb': 0.51, 'pay': 0.0, 'durum': 'kapali', 'gecikme_ms': None}, {'oi': 0, 'p': 0.1, 'ofs': 0.1, 'hedef_ofs': 0.1, 'bb': 0.51, 'pay': 0.0, 'durum': 'kapali', 'gecikme_ms': None}, {'oi': 0, 'p': 0.06, 'ofs': 0.06, 'hedef_ofs': 0.06, 'bb': 0.51, 'pay': 0.0, 'durum': 'kapali', 'gecikme_ms': None}, {'oi': 0, 'p': 0.03, 'ofs': 0.03, 'hedef_ofs': 0.03, 'bb': 0.51, 'pay': 0.0, 'durum': 'kapali', 'gecikme_ms': None}, {'oi': 1, 'p': 0.4, 'ofs': 0.4, 'hedef_ofs': 0.4, 'bb': 0.48, 'pay': 5.0, 'durum': 'kapali', 'gecikme_ms': 77327}, {'oi': 1, 'p': 0.3, 'ofs': 0.3, 'hedef_ofs': 0.3, 'bb': 0.48, 'pay': 5.0, 'durum': 'kapali', 'gecikme_ms': 91774}, {'oi': 1, 'p': 0.22, 'ofs': 0.22, 'hedef_ofs': 0.22, 'bb': 0.48, 'pay': 5.0, 'durum': 'kapali', 'gecikme_ms': 106680}, {'oi': 1, 'p': 0.15, 'ofs': 0.15, 'hedef_ofs': 0.15, 'bb': 0.48, 'pay': 5.0, 'durum': 'kapali', 'gecikme_ms': 106783}, {'oi': 1, 'p': 0.1, 'ofs': 0.1, 'hedef_ofs': 0.1, 'bb': 0.48, 'pay': 0.0, 'durum': 'kapali', 'gecikme_ms': None}, {'oi': 1, 'p': 0.06, 'ofs': 0.06, 'hedef_ofs': 0.06, 'bb': 0.48, 'pay': 0.0, 'durum': 'kapali', 'gecikme_ms': None}, {'oi': 1, 'p': 0.03, 'ofs': 0.03, 'hedef_ofs': 0.03, 'bb': 0.48, 'pay': 0.0, 'durum': 'kapali', 'gecikme_ms': None}]
  [12:35:05] COZULDU: sym=btc S=1789818000 kol=A kazanan=0 pay=15.0 maliyet=4.6 pnl=5.4 geri_cekildi=None emirler=[{'oi': 0, 'p': 0.3, 'ofs': 0.3, 'hedef_ofs': 0.3, 'bb': 0.44, 'pay': 5.0, 'durum': 'kapali', 'gecikme_ms': 3817}, {'oi': 0, 'p': 0.22, 'ofs': 0.22, 'hedef_ofs': 0.22, 'bb': 0.44, 'pay': 5.0, 'durum': 'kapali', 'gecikme_ms': 60938}, {'oi': 0, 'p': 0.15, 'ofs': 0.15, 'hedef_ofs': 0.15, 'bb': 0.44, 'pay': 0.0, 'durum': 'kapali', 'gecikme_ms': None}, {'oi': 0, 'p': 0.1, 'ofs': 0.1, 'hedef_ofs': 0.1, 'bb': 0.44, 'pay': 0.0, 'durum': 'kapali', 'gecikme_ms': None}, {'oi': 0, 'p': 0.06, 'ofs': 0.06, 'hedef_ofs': 0.06, 'bb': 0.44, 'pay': 0.0, 'durum': 'kapali', 'gecikme_ms': None}, {'oi': 0, 'p': 0.03, 'ofs': 0.03, 'hedef_ofs': 0.03, 'bb': 0.44, 'pay': 0.0, 'durum': 'kapali', 'gecikme_ms': None}, {'oi': 1, 'p': 0.4, 'ofs': 0.4, 'hedef_ofs': 0.4, 'bb': 0.55, 'pay': 5.0, 'durum': 'kapali', 'gecikme_ms': 126078}, {'oi': 1, 'p': 0.3, 'ofs': 0.3, 'hedef_ofs': 0.3, 'bb': 0.55, 'pay': 0.0, 'durum': 'kapali', 'gecikme_ms': None}, {'oi': 1, 'p': 0.22, 'ofs': 0.22, 'hedef_ofs': 0.22, 'bb': 0.55, 'pay': 0.0, 'durum': 'kapali', 'gecikme_ms': None}, {'oi': 1, 'p': 0.15, 'ofs': 0.15, 'hedef_ofs': 0.15, 'bb': 0.55, 'pay': 0.0, 'durum': 'kapali', 'gecikme_ms': None}, {'oi': 1, 'p': 0.1, 'ofs': 0.1, 'hedef_ofs': 0.1, 'bb': 0.55, 'pay': 0.0, 'durum': 'kapali', 'gecikme_ms': None}, {'oi': 1, 'p': 0.06, 'ofs': 0.06, 'hedef_ofs': 0.06, 'bb': 0.55, 'pay': 0.0, 'durum': 'kapali', 'gecikme_ms': None}, {'oi': 1, 'p': 0.03, 'ofs': 0.03, 'hedef_ofs': 0.03, 'bb': 0.55, 'pay': 0.0, 'durum': 'kapali', 'gecikme_ms': None}]
  [12:35:06] maruziyet: acik_pozisyon=0 pazar=0 dis_risk=0.0
  [12:35:11] mutabakat: pnl=-48.06 yerel=-47.1 etkin=-48.06 pencere=195 risk=0.0 emir=2527 dolum=195 pay=3594.6 geri_cekilen=1 red=19
  [12:35:12] BOY: S=1789821300 klip=5.0 kol=A
  [12:35:13] pencere: sym=btc S=1789821300 kol=A tokens=['2840321365406442405919633393767603540964720122616427531968259038729464208106', '112056061575672997528312960078594095466967636790269579420233913712820245524007'] emir=13 kabul=[7, 6] fiyatlar=[(0, 0.4, 0.4, 0.4), (0, 0.3, 0.3, 0.3), (0, 0.22, 0.22, 0.22), (0, 0.15, 0.15, 0.15), (0, 0.1, 0.1, 0.1), (0, 0.06, 0.06, 0.06), (0, 0.03, 0.03, 0.03), (1, 0.3, 0.3, 0.3), (1, 0.22, 0.22, 0.22), (1, 0.15, 0.15, 0.15), (1, 0.1, 0.1, 0.1), (1, 0.06, 0.06, 0.06), (1, 0.03, 0.03, 0.03)]
  [12:35:20] dolum: sym=btc S=1789821300 oi=1 p=0.3 ofset=0.3 yeni=5.0 toplam=5.0 kaynak=yoklama gecen_sn=20.6
  [12:36:02] GEC_UCUZ_KESILDI: sym=btc S=1789821300 iptal=13 fiyatlar=[0.03, 0.06, 0.1, 0.15, 0.22, 0.3, 0.4] kalan_acik=0
  [12:36:36] bitti: sebep=STOP pnl=-48.0558 yerel=-47.0986 pencere=199 emir=2540 dolum=195 pay=3594.64 geri_cekilen=1 red=19 bilinmeyen=0 risk=1.5
  [12:36:40] SURUM: kaynak_sha=2b314aa9e17f oturum=3248534 kapi=False esik_bps=16.4 boy_testi=False klip_buyuk=25.0 tamamla_acik=False tamamla_tavan=1.02 px_tavan_maker=0.4 a_uyum=False a_cift_tavan=0.8 a_uyum_ara=20.0 a_oran=1.0 tohum=20260918 delta_tik_b=[2, 4] yenileme_ara=20.0 taraf_tavan=10.0 gec_kes=60.0 ucuz_esik=0.4 gec_esik=180.0
  [12:36:40] hazir: mod=LIVE klip=5.0 fiyatlar=[0.4, 0.3, 0.22, 0.15, 0.1, 0.06, 0.03] kesici=-108.0 denge_siniri=10.0 amac=DERIN MERDIVEN v4 - mutlak fiyat noktalari
  [12:36:41] maruziyet: acik_pozisyon=0 pazar=0 dis_risk=0.0
  [12:36:41] state_yuklendi: pencere=2 pnl=-48.06 pnl_yerel=-47.1 emir=2540 dolum=195
  [12:36:46] basladi: mod=LIVE gorulen_pencere=199
  [12:36:47] maruziyet: acik_pozisyon=0 pazar=0 dis_risk=0.0
  [12:36:52] mutabakat: pnl=-48.06 yerel=-47.1 etkin=-48.06 pencere=195 risk=1.5 emir=2540 dolum=195 pay=3594.6 geri_cekilen=1 red=19
  [12:40:05] BOY: S=1789821600 klip=5.0 kol=A
  [12:40:06] pencere: sym=btc S=1789821600 kol=A tokens=['63197457471237755652127851937384099347518241174860324335007296920064995187513', '58835858525936738272540723662015891022138079192703867782703062542611027472289'] emir=11 kabul=[7, 4] fiyatlar=[(0, 0.4, 0.4, 0.4), (0, 0.3, 0.3, 0.3), (0, 0.22, 0.22, 0.22), (0, 0.15, 0.15, 0.15), (0, 0.1, 0.1, 0.1), (0, 0.06, 0.06, 0.06), (0, 0.03, 0.03, 0.03), (1, 0.15, 0.15, 0.15), (1, 0.1, 0.1, 0.1), (1, 0.06, 0.06, 0.06), (1, 0.03, 0.03, 0.03)]
  [12:41:01] GEC_UCUZ_KESILDI: sym=btc S=1789821600 iptal=11 fiyatlar=[0.03, 0.06, 0.1, 0.15, 0.22, 0.3, 0.4] kalan_acik=0
  [12:41:06] maruziyet: acik_pozisyon=0 pazar=0 dis_risk=0.0
  [12:41:12] mutabakat: pnl=-48.06 yerel=-47.1 etkin=-48.06 pencere=195 risk=1.5 emir=2551 dolum=195 pay=3594.6 geri_cekilen=1 red=19
  [12:45:02] COZULDU: sym=btc S=1789821300 kol=A kazanan=1 pay=5.0 maliyet=1.5 pnl=3.5 geri_cekildi=None emirler=[{'oi': 0, 'p': 0.4, 'ofs': 0.4, 'hedef_ofs': 0.4, 'bb': 0.63, 'pay': 0.0, 'durum': 'kapali', 'gecikme_ms': None}, {'oi': 0, 'p': 0.3, 'ofs': 0.3, 'hedef_ofs': 0.3, 'bb': 0.63, 'pay': 0.0, 'durum': 'kapali', 'gecikme_ms': None}, {'oi': 0, 'p': 0.22, 'ofs': 0.22, 'hedef_ofs': 0.22, 'bb': 0.63, 'pay': 0.0, 'durum': 'kapali', 'gecikme_ms': None}, {'oi': 0, 'p': 0.15, 'ofs': 0.15, 'hedef_ofs': 0.15, 'bb': 0.63, 'pay': 0.0, 'durum': 'kapali', 'gecikme_ms': None}, {'oi': 0, 'p': 0.1, 'ofs': 0.1, 'hedef_ofs': 0.1, 'bb': 0.63, 'pay': 0.0, 'durum': 'kapali', 'gecikme_ms': None}, {'oi': 0, 'p': 0.06, 'ofs': 0.06, 'hedef_ofs': 0.06, 'bb': 0.63, 'pay': 0.0, 'durum': 'kapali', 'gecikme_ms': None}, {'oi': 0, 'p': 0.03, 'ofs': 0.03, 'hedef_ofs': 0.03, 'bb': 0.63, 'pay': 0.0, 'durum': 'kapali', 'gecikme_ms': None}, {'oi': 1, 'p': 0.3, 'ofs': 0.3, 'hedef_ofs': 0.3, 'bb': 0.36, 'pay': 5.0, 'durum': 'kapali', 'gecikme_ms': 6787}, {'oi': 1, 'p': 0.22, 'ofs': 0.22, 'hedef_ofs': 0.22, 'bb': 0.36, 'pay': 0.0, 'durum': 'kapali', 'gecikme_ms': None}, {'oi': 1, 'p': 0.15, 'ofs': 0.15, 'hedef_ofs': 0.15, 'bb': 0.36, 'pay': 0.0, 'durum': 'kapali', 'gecikme_ms': None}, {'oi': 1, 'p': 0.1, 'ofs': 0.1, 'hedef_ofs': 0.1, 'bb': 0.36, 'pay': 0.0, 'durum': 'kapali', 'gecikme_ms': None}, {'oi': 1, 'p': 0.06, 'ofs': 0.06, 'hedef_ofs': 0.06, 'bb': 0.36, 'pay': 0.0, 'durum': 'kapali', 'gecikme_ms': None}, {'oi': 1, 'p': 0.03, 'ofs': 0.03, 'hedef_ofs': 0.03, 'bb': 0.36, 'pay': 0.0, 'durum': 'kapali', 'gecikme_ms': None}]
  [12:45:06] BOY: S=1789821900 klip=5.0 kol=A
  [12:45:07] pencere: sym=btc S=1789821900 kol=A tokens=['37381565416776390719827944836515069495123474793879442018304348471828591208907', '10936212229789810512685030964883987533031479051560591563872982040680881919593'] emir=12 kabul=[7, 5] fiyatlar=[(0, 0.4, 0.4, 0.4), (0, 0.3, 0.3, 0.3), (0, 0.22, 0.22, 0.22), (0, 0.15, 0.15, 0.15), (0, 0.1, 0.1, 0.1), (0, 0.06, 0.06, 0.06), (0, 0.03, 0.03, 0.03), (1, 0.22, 0.22, 0.22), (1, 0.15, 0.15, 0.15), (1, 0.1, 0.1, 0.1), (1, 0.06, 0.06, 0.06), (1, 0.03, 0.03, 0.03)]
  [12:45:28] maruziyet: acik_pozisyon=0 pazar=0 dis_risk=0.0
  [12:45:33] mutabakat: pnl=-44.56 yerel=-43.6 etkin=-44.56 pencere=196 risk=6.3 emir=2563 dolum=196 pay=3599.6 geri_cekilen=1 red=19
  [12:46:01] GEC_UCUZ_KESILDI: sym=btc S=1789821900 iptal=12 fiyatlar=[0.03, 0.06, 0.1, 0.15, 0.22, 0.3, 0.4] kalan_acik=0
  [12:49:49] maruziyet: acik_pozisyon=0 pazar=0 dis_risk=0.0
  [12:49:54] mutabakat: pnl=-44.56 yerel=-43.6 etkin=-44.56 pencere=196 risk=0.0 emir=2563 dolum=196 pay=3599.6 geri_cekilen=1 red=19
  [12:50:06] BOY: S=1789822200 klip=5.0 kol=A
  [12:50:06] pencere: sym=btc S=1789822200 kol=A tokens=['19619460056601665850442813370377679036404636413024116780755962709919701957429', '101967522431737257760648434555195951705636864696450124390057197300024789824973'] emir=13 kabul=[7, 6] fiyatlar=[(0, 0.4, 0.4, 0.4), (0, 0.3, 0.3, 0.3), (0, 0.22, 0.22, 0.22), (0, 0.15, 0.15, 0.15), (0, 0.1, 0.1, 0.1), (0, 0.06, 0.06, 0.06), (0, 0.03, 0.03, 0.03), (1, 0.3, 0.3, 0.3), (1, 0.22, 0.22, 0.22), (1, 0.15, 0.15, 0.15), (1, 0.1, 0.1, 0.1), (1, 0.06, 0.06, 0.06), (1, 0.03, 0.03, 0.03)]
  [12:50:38] dolum: sym=btc S=1789822200 oi=1 p=0.3 ofset=0.3 yeni=4.999 toplam=4.999 kaynak=yoklama gecen_sn=38.6
  [12:50:49] dolum: sym=btc S=1789822200 oi=1 p=0.22 ofset=0.22 yeni=5.0 toplam=5.0 kaynak=yoklama gecen_sn=49.3
  [12:50:50] DENGE_SINIRI: sym=btc S=1789822200 agir=Down up=0.0 down=10.0 iptal=6 kalan_hafif=7
  [12:51:01] GEC_UCUZ_KESILDI: sym=btc S=1789822200 iptal=7 fiyatlar=[0.03, 0.06, 0.1, 0.15, 0.22, 0.3, 0.4] kalan_acik=0
  [12:51:04] COZULDU: sym=btc S=1789821600 kol=A kazanan=0 pay=0.0 maliyet=0 pnl=0 geri_cekildi=None emirler=[{'oi': 0, 'p': 0.4, 'ofs': 0.4, 'hedef_ofs': 0.4, 'bb': 0.73, 'pay': 0.0, 'durum': 'kapali', 'gecikme_ms': None}, {'oi': 0, 'p': 0.3, 'ofs': 0.3, 'hedef_ofs': 0.3, 'bb': 0.73, 'pay': 0.0, 'durum': 'kapali', 'gecikme_ms': None}, {'oi': 0, 'p': 0.22, 'ofs': 0.22, 'hedef_ofs': 0.22, 'bb': 0.73, 'pay': 0.0, 'durum': 'kapali', 'gecikme_ms': None}, {'oi': 0, 'p': 0.15, 'ofs': 0.15, 'hedef_ofs': 0.15, 'bb': 0.73, 'pay': 0.0, 'durum': 'kapali', 'gecikme_ms': None}, {'oi': 0, 'p': 0.1, 'ofs': 0.1, 'hedef_ofs': 0.1, 'bb': 0.73, 'pay': 0.0, 'durum': 'kapali', 'gecikme_ms': None}, {'oi': 0, 'p': 0.06, 'ofs': 0.06, 'hedef_ofs': 0.06, 'bb': 0.73, 'pay': 0.0, 'durum': 'kapali', 'gecikme_ms': None}, {'oi': 0, 'p': 0.03, 'ofs': 0.03, 'hedef_ofs': 0.03, 'bb': 0.73, 'pay': 0.0, 'durum': 'kapali', 'gecikme_ms': None}, {'oi': 1, 'p': 0.15, 'ofs': 0.15, 'hedef_ofs': 0.15, 'bb': 0.26, 'pay': 0.0, 'durum': 'kapali', 'gecikme_ms': None}, {'oi': 1, 'p': 0.1, 'ofs': 0.1, 'hedef_ofs': 0.1, 'bb': 0.26, 'pay': 0.0, 'durum': 'kapali', 'gecikme_ms': None}, {'oi': 1, 'p': 0.06, 'ofs': 0.06, 'hedef_ofs': 0.06, 'bb': 0.26, 'pay': 0.0, 'durum': 'kapali', 'gecikme_ms': None}, {'oi': 1, 'p': 0.03, 'ofs': 0.03, 'hedef_ofs': 0.03, 'bb': 0.26, 'pay': 0.0, 'durum': 'kapali', 'gecikme_ms': None}]
  [12:54:09] maruziyet: acik_pozisyon=0 pazar=0 dis_risk=0.0
  [12:54:14] mutabakat: pnl=-44.56 yerel=-43.6 etkin=-44.56 pencere=196 risk=2.6 emir=2576 dolum=196 pay=3599.6 geri_cekilen=1 red=19
  [12:55:06] BOY: S=1789822500 klip=5.0 kol=A
  [12:55:06] pencere: sym=btc S=1789822500 kol=A tokens=['107596916979580440708544132531418046981173803995283656058631584402493138842647', '65736203547132600178199319272681829874660693470907604576217593728276362446622'] emir=14 kabul=[7, 7] fiyatlar=[(0, 0.4, 0.4, 0.4), (0, 0.3, 0.3, 0.3), (0, 0.22, 0.22, 0.22), (0, 0.15, 0.15, 0.15), (0, 0.1, 0.1, 0.1), (0, 0.06, 0.06, 0.06), (0, 0.03, 0.03, 0.03), (1, 0.4, 0.4, 0.4), (1, 0.3, 0.3, 0.3), (1, 0.22, 0.22, 0.22), (1, 0.15, 0.15, 0.15), (1, 0.1, 0.1, 0.1), (1, 0.06, 0.06, 0.06), (1, 0.03, 0.03, 0.03)]
  [12:55:11] dolum: sym=btc S=1789822500 oi=1 p=0.4 ofset=0.4 yeni=5.0 toplam=5.0 kaynak=yoklama gecen_sn=11.5
  [12:56:02] GEC_UCUZ_KESILDI: sym=btc S=1789822500 iptal=14 fiyatlar=[0.03, 0.06, 0.1, 0.15, 0.22, 0.3, 0.4] kalan_acik=0
  [12:56:04] COZULDU: sym=btc S=1789821900 kol=A kazanan=1 pay=0.0 maliyet=0 pnl=0 geri_cekildi=None emirler=[{'oi': 0, 'p': 0.4, 'ofs': 0.4, 'hedef_ofs': 0.4, 'bb': 0.64, 'pay': 0.0, 'durum': 'kapali', 'gecikme_ms': None}, {'oi': 0, 'p': 0.3, 'ofs': 0.3, 'hedef_ofs': 0.3, 'bb': 0.64, 'pay': 0.0, 'durum': 'kapali', 'gecikme_ms': None}, {'oi': 0, 'p': 0.22, 'ofs': 0.22, 'hedef_ofs': 0.22, 'bb': 0.64, 'pay': 0.0, 'durum': 'kapali', 'gecikme_ms': None}, {'oi': 0, 'p': 0.15, 'ofs': 0.15, 'hedef_ofs': 0.15, 'bb': 0.64, 'pay': 0.0, 'durum': 'kapali', 'gecikme_ms': None}, {'oi': 0, 'p': 0.1, 'ofs': 0.1, 'hedef_ofs': 0.1, 'bb': 0.64, 'pay': 0.0, 'durum': 'kapali', 'gecikme_ms': None}, {'oi': 0, 'p': 0.06, 'ofs': 0.06, 'hedef_ofs': 0.06, 'bb': 0.64, 'pay': 0.0, 'durum': 'kapali', 'gecikme_ms': None}, {'oi': 0, 'p': 0.03, 'ofs': 0.03, 'hedef_ofs': 0.03, 'bb': 0.64, 'pay': 0.0, 'durum': 'kapali', 'gecikme_ms': None}, {'oi': 1, 'p': 0.22, 'ofs': 0.22, 'hedef_ofs': 0.22, 'bb': 0.34, 'pay': 0.0, 'durum': 'kapali', 'gecikme_ms': None}, {'oi': 1, 'p': 0.15, 'ofs': 0.15, 'hedef_ofs': 0.15, 'bb': 0.34, 'pay': 0.0, 'durum': 'kapali', 'gecikme_ms': None}, {'oi': 1, 'p': 0.1, 'ofs': 0.1, 'hedef_ofs': 0.1, 'bb': 0.34, 'pay': 0.0, 'durum': 'kapali', 'gecikme_ms': None}, {'oi': 1, 'p': 0.06, 'ofs': 0.06, 'hedef_ofs': 0.06, 'bb': 0.34, 'pay': 0.0, 'durum': 'kapali', 'gecikme_ms': None}, {'oi': 1, 'p': 0.03, 'ofs': 0.03, 'hedef_ofs': 0.03, 'bb': 0.34, 'pay': 0.0, 'durum': 'kapali', 'gecikme_ms': None}]
  [12:58:29] maruziyet: acik_pozisyon=0 pazar=0 dis_risk=0.0
  [12:58:35] mutabakat: pnl=-44.56 yerel=-43.6 etkin=-44.56 pencere=196 risk=4.6 emir=2590 dolum=196 pay=3599.6 geri_cekilen=1 red=19
  [13:00:07] BOY: S=1789822800 klip=5.0 kol=A
  [13:00:07] pencere: sym=btc S=1789822800 kol=A tokens=['90472324491322437591541513618824954449571367313508288343902288965088049035289', '73846043249732863184762738139220595777765728320007348208561738498998596674126'] emir=13 kabul=[6, 7] fiyatlar=[(0, 0.3, 0.3, 0.3), (0, 0.22, 0.22, 0.22), (0, 0.15, 0.15, 0.15), (0, 0.1, 0.1, 0.1), (0, 0.06, 0.06, 0.06), (0, 0.03, 0.03, 0.03), (1, 0.4, 0.4, 0.4), (1, 0.3, 0.3, 0.3), (1, 0.22, 0.22, 0.22), (1, 0.15, 0.15, 0.15), (1, 0.1, 0.1, 0.1), (1, 0.06, 0.06, 0.06), (1, 0.03, 0.03, 0.03)]
  [13:00:40] dolum: sym=btc S=1789822800 oi=0 p=0.3 ofset=0.3 yeni=5.0 toplam=5.0 kaynak=yoklama gecen_sn=40.7
  [13:00:48] dolum: sym=btc S=1789822800 oi=0 p=0.22 ofset=0.22 yeni=5.0 toplam=5.0 kaynak=yoklama gecen_sn=48.5
  [13:00:50] DENGE_SINIRI: sym=btc S=1789822800 agir=Up up=10.0 down=0.0 iptal=6 kalan_hafif=7
  [13:01:02] GEC_UCUZ_KESILDI: sym=btc S=1789822800 iptal=7 fiyatlar=[0.03, 0.06, 0.1, 0.15, 0.22, 0.3, 0.4] kalan_acik=0
  [13:01:25] COZULDU: sym=btc S=1789822200 kol=A kazanan=0 pay=10.0 maliyet=2.6 pnl=-2.6 geri_cekildi=None emirler=[{'oi': 0, 'p': 0.4, 'ofs': 0.4, 'hedef_ofs': 0.4, 'bb': 0.58, 'pay': 0.0, 'durum': 'kapali', 'gecikme_ms': None}, {'oi': 0, 'p': 0.3, 'ofs': 0.3, 'hedef_ofs': 0.3, 'bb': 0.58, 'pay': 0.0, 'durum': 'kapali', 'gecikme_ms': None}, {'oi': 0, 'p': 0.22, 'ofs': 0.22, 'hedef_ofs': 0.22, 'bb': 0.58, 'pay': 0.0, 'durum': 'kapali', 'gecikme_ms': None}, {'oi': 0, 'p': 0.15, 'ofs': 0.15, 'hedef_ofs': 0.15, 'bb': 0.58, 'pay': 0.0, 'durum': 'kapali', 'gecikme_ms': None}, {'oi': 0, 'p': 0.1, 'ofs': 0.1, 'hedef_ofs': 0.1, 'bb': 0.58, 'pay': 0.0, 'durum': 'kapali', 'gecikme_ms': None}, {'oi': 0, 'p': 0.06, 'ofs': 0.06, 'hedef_ofs': 0.06, 'bb': 0.58, 'pay': 0.0, 'durum': 'kapali', 'gecikme_ms': None}, {'oi': 0, 'p': 0.03, 'ofs': 0.03, 'hedef_ofs': 0.03, 'bb': 0.58, 'pay': 0.0, 'durum': 'kapali', 'gecikme_ms': None}, {'oi': 1, 'p': 0.3, 'ofs': 0.3, 'hedef_ofs': 0.3, 'bb': 0.41, 'pay': 5.0, 'durum': 'kapali', 'gecikme_ms': 31577}, {'oi': 1, 'p': 0.22, 'ofs': 0.22, 'hedef_ofs': 0.22, 'bb': 0.41, 'pay': 5.0, 'durum': 'kapali', 'gecikme_ms': 42315}, {'oi': 1, 'p': 0.15, 'ofs': 0.15, 'hedef_ofs': 0.15, 'bb': 0.41, 'pay': 0.0, 'durum': 'kapali', 'gecikme_ms': None}, {'oi': 1, 'p': 0.1, 'ofs': 0.1, 'hedef_ofs': 0.1, 'bb': 0.41, 'pay': 0.0, 'durum': 'kapali', 'gecikme_ms': None}, {'oi': 1, 'p': 0.06, 'ofs': 0.06, 'hedef_ofs': 0.06, 'bb': 0.41, 'pay': 0.0, 'durum': 'kapali', 'gecikme_ms': None}, {'oi': 1, 'p': 0.03, 'ofs': 0.03, 'hedef_ofs': 0.03, 'bb': 0.41, 'pay': 0.0, 'durum': 'kapali', 'gecikme_ms': None}]
  [13:02:49] maruziyet: acik_pozisyon=0 pazar=0 dis_risk=0.0
  [13:02:54] mutabakat: pnl=-47.16 yerel=-46.2 etkin=-47.16 pencere=197 risk=4.6 emir=2603 dolum=197 pay=3609.6 geri_cekilen=1 red=19
  [13:05:06] BOY: S=1789823100 klip=5.0 kol=A
  [13:05:06] pencere: sym=btc S=1789823100 kol=A tokens=['29069287248289970950315420492582294519690116951949015533764365399286003868452', '101383932243425539288729803641037086823823066678500792471177338612338986980562'] emir=14 kabul=[7, 7] fiyatlar=[(0, 0.4, 0.4, 0.4), (0, 0.3, 0.3, 0.3), (0, 0.22, 0.22, 0.22), (0, 0.15, 0.15, 0.15), (0, 0.1, 0.1, 0.1), (0, 0.06, 0.06, 0.06), (0, 0.03, 0.03, 0.03), (1, 0.4, 0.4, 0.4), (1, 0.3, 0.3, 0.3), (1, 0.22, 0.22, 0.22), (1, 0.15, 0.15, 0.15), (1, 0.1, 0.1, 0.1), (1, 0.06, 0.06, 0.06), (1, 0.03, 0.03, 0.03)]
  [13:05:11] COZULDU: sym=btc S=1789822500 kol=A kazanan=0 pay=5.0 maliyet=2.0 pnl=-2.0 geri_cekildi=None emirler=[{'oi': 0, 'p': 0.4, 'ofs': 0.4, 'hedef_ofs': 0.4, 'bb': 0.51, 'pay': 0.0, 'durum': 'kapali', 'gecikme_ms': None}, {'oi': 0, 'p': 0.3, 'ofs': 0.3, 'hedef_ofs': 0.3, 'bb': 0.51, 'pay': 0.0, 'durum': 'kapali', 'gecikme_ms': None}, {'oi': 0, 'p': 0.22, 'ofs': 0.22, 'hedef_ofs': 0.22, 'bb': 0.51, 'pay': 0.0, 'durum': 'kapali', 'gecikme_ms': None}, {'oi': 0, 'p': 0.15, 'ofs': 0.15, 'hedef_ofs': 0.15, 'bb': 0.51, 'pay': 0.0, 'durum': 'kapali', 'gecikme_ms': None}, {'oi': 0, 'p': 0.1, 'ofs': 0.1, 'hedef_ofs': 0.1, 'bb': 0.51, 'pay': 0.0, 'durum': 'kapali', 'gecikme_ms': None}, {'oi': 0, 'p': 0.06, 'ofs': 0.06, 'hedef_ofs': 0.06, 'bb': 0.51, 'pay': 0.0, 'durum': 'kapali', 'gecikme_ms': None}, {'oi': 0, 'p': 0.03, 'ofs': 0.03, 'hedef_ofs': 0.03, 'bb': 0.51, 'pay': 0.0, 'durum': 'kapali', 'gecikme_ms': None}, {'oi': 1, 'p': 0.4, 'ofs': 0.4, 'hedef_ofs': 0.4, 'bb': 0.48, 'pay': 5.0, 'durum': 'kapali', 'gecikme_ms': 4702}, {'oi': 1, 'p': 0.3, 'ofs': 0.3, 'hedef_ofs': 0.3, 'bb': 0.48, 'pay': 0.0, 'durum': 'kapali', 'gecikme_ms': None}, {'oi': 1, 'p': 0.22, 'ofs': 0.22, 'hedef_ofs': 0.22, 'bb': 0.48, 'pay': 0.0, 'durum': 'kapali', 'gecikme_ms': None}, {'oi': 1, 'p': 0.15, 'ofs': 0.15, 'hedef_ofs': 0.15, 'bb': 0.48, 'pay': 0.0, 'durum': 'kapali', 'gecikme_ms': None}, {'oi': 1, 'p': 0.1, 'ofs': 0.1, 'hedef_ofs': 0.1, 'bb': 0.48, 'pay': 0.0, 'durum': 'kapali', 'gecikme_ms': None}, {'oi': 1, 'p': 0.06, 'ofs': 0.06, 'hedef_ofs': 0.06, 'bb': 0.48, 'pay': 0.0, 'durum': 'kapali', 'gecikme_ms': None}, {'oi': 1, 'p': 0.03, 'ofs': 0.03, 'hedef_ofs': 0.03, 'bb': 0.48, 'pay': 0.0, 'durum': 'kapali', 'gecikme_ms': None}]
  [13:05:32] dolum: sym=btc S=1789823100 oi=0 p=0.4 ofset=0.4 yeni=5.0 toplam=5.0 kaynak=yoklama gecen_sn=32.1
  [13:05:54] dolum: sym=btc S=1789823100 oi=0 p=0.3 ofset=0.3 yeni=5.0 toplam=5.0 kaynak=yoklama gecen_sn=54.7
  [13:05:56] DENGE_SINIRI: sym=btc S=1789823100 agir=Up up=10.0 down=0.0 iptal=7 kalan_hafif=7
  [13:06:00] GEC_UCUZ_KESILDI: sym=btc S=1789823100 iptal=7 fiyatlar=[0.03, 0.06, 0.1, 0.15, 0.22, 0.3, 0.4] kalan_acik=0
  [13:07:10] maruziyet: acik_pozisyon=0 pazar=0 dis_risk=0.0
  [13:07:16] mutabakat: pnl=-49.16 yerel=-48.2 etkin=-49.16 pencere=198 risk=6.1 emir=2617 dolum=198 pay=3614.6 geri_cekilen=1 red=19
  [13:10:06] BOY: S=1789823400 klip=5.0 kol=A
  [13:10:06] pencere: sym=btc S=1789823400 kol=A tokens=['34480165907610006251737567072080876189255733273556001920721434965314936117893', '92457097532221819213701898042903357293472442908521018775548309530583640942071'] emir=13 kabul=[7, 6] fiyatlar=[(0, 0.4, 0.4, 0.4), (0, 0.3, 0.3, 0.3), (0, 0.22, 0.22, 0.22), (0, 0.15, 0.15, 0.15), (0, 0.1, 0.1, 0.1), (0, 0.06, 0.06, 0.06), (0, 0.03, 0.03, 0.03), (1, 0.3, 0.3, 0.3), (1, 0.22, 0.22, 0.22), (1, 0.15, 0.15, 0.15), (1, 0.1, 0.1, 0.1), (1, 0.06, 0.06, 0.06), (1, 0.03, 0.03, 0.03)]
  [13:10:50] COZULDU: sym=btc S=1789822800 kol=A kazanan=0 pay=10.0 maliyet=2.6 pnl=7.4 geri_cekildi=None emirler=[{'oi': 0, 'p': 0.3, 'ofs': 0.3, 'hedef_ofs': 0.3, 'bb': 0.36, 'pay': 5.0, 'durum': 'kapali', 'gecikme_ms': 33117}, {'oi': 0, 'p': 0.22, 'ofs': 0.22, 'hedef_ofs': 0.22, 'bb': 0.36, 'pay': 5.0, 'durum': 'kapali', 'gecikme_ms': 40904}, {'oi': 0, 'p': 0.15, 'ofs': 0.15, 'hedef_ofs': 0.15, 'bb': 0.36, 'pay': 0.0, 'durum': 'kapali', 'gecikme_ms': None}, {'oi': 0, 'p': 0.1, 'ofs': 0.1, 'hedef_ofs': 0.1, 'bb': 0.36, 'pay': 0.0, 'durum': 'kapali', 'gecikme_ms': None}, {'oi': 0, 'p': 0.06, 'ofs': 0.06, 'hedef_ofs': 0.06, 'bb': 0.36, 'pay': 0.0, 'durum': 'kapali', 'gecikme_ms': None}, {'oi': 0, 'p': 0.03, 'ofs': 0.03, 'hedef_ofs': 0.03, 'bb': 0.36, 'pay': 0.0, 'durum': 'kapali', 'gecikme_ms': None}, {'oi': 1, 'p': 0.4, 'ofs': 0.4, 'hedef_ofs': 0.4, 'bb': 0.63, 'pay': 0.0, 'durum': 'kapali', 'gecikme_ms': None}, {'oi': 1, 'p': 0.3, 'ofs': 0.3, 'hedef_ofs': 0.3, 'bb': 0.63, 'pay': 0.0, 'durum': 'kapali', 'gecikme_ms': None}, {'oi': 1, 'p': 0.22, 'ofs': 0.22, 'hedef_ofs': 0.22, 'bb': 0.63, 'pay': 0.0, 'durum': 'kapali', 'gecikme_ms': None}, {'oi': 1, 'p': 0.15, 'ofs': 0.15, 'hedef_ofs': 0.15, 'bb': 0.63, 'pay': 0.0, 'durum': 'kapali', 'gecikme_ms': None}, {'oi': 1, 'p': 0.1, 'ofs': 0.1, 'hedef_ofs': 0.1, 'bb': 0.63, 'pay': 0.0, 'durum': 'kapali', 'gecikme_ms': None}, {'oi': 1, 'p': 0.06, 'ofs': 0.06, 'hedef_ofs': 0.06, 'bb': 0.63, 'pay': 0.0, 'durum': 'kapali', 'gecikme_ms': None}, {'oi': 1, 'p': 0.03, 'ofs': 0.03, 'hedef_ofs': 0.03, 'bb': 0.63, 'pay': 0.0, 'durum': 'kapali', 'gecikme_ms': None}]
  [13:11:01] GEC_UCUZ_KESILDI: sym=btc S=1789823400 iptal=13 fiyatlar=[0.03, 0.06, 0.1, 0.15, 0.22, 0.3, 0.4] kalan_acik=0
  [13:11:30] maruziyet: acik_pozisyon=0 pazar=0 dis_risk=0.0
  [13:11:35] mutabakat: pnl=-41.76 yerel=-40.8 etkin=-41.76 pencere=199 risk=3.5 emir=2630 dolum=199 pay=3624.6 geri_cekilen=1 red=19
  [13:15:05] BOY: S=1789823700 klip=5.0 kol=A
  [13:15:06] pencere: sym=btc S=1789823700 kol=A tokens=['9206778390437661860501632946669938922094155064117740865002071392011157135179', '99439203270092790338565957728421511458706730884259515676991820217063068370758'] emir=12 kabul=[7, 5] fiyatlar=[(0, 0.4, 0.4, 0.4), (0, 0.3, 0.3, 0.3), (0, 0.22, 0.22, 0.22), (0, 0.15, 0.15, 0.15), (0, 0.1, 0.1, 0.1), (0, 0.06, 0.06, 0.06), (0, 0.03, 0.03, 0.03), (1, 0.22, 0.22, 0.22), (1, 0.15, 0.15, 0.15), (1, 0.1, 0.1, 0.1), (1, 0.06, 0.06, 0.06), (1, 0.03, 0.03, 0.03)]
  [13:15:52] maruziyet: acik_pozisyon=0 pazar=0 dis_risk=0.0
  [13:15:58] mutabakat: pnl=-41.76 yerel=-40.8 etkin=-41.76 pencere=199 risk=9.8 emir=2642 dolum=199 pay=3624.6 geri_cekilen=1 red=19
  [13:16:01] GEC_UCUZ_KESILDI: sym=btc S=1789823700 iptal=12 fiyatlar=[0.03, 0.06, 0.1, 0.15, 0.22, 0.3, 0.4] kalan_acik=0
  [13:16:32] COZULDU: sym=btc S=1789823100 kol=A kazanan=1 pay=10.0 maliyet=3.5 pnl=-3.5 geri_cekildi=None emirler=[{'oi': 0, 'p': 0.4, 'ofs': 0.4, 'hedef_ofs': 0.4, 'bb': 0.49, 'pay': 5.0, 'durum': 'kapali', 'gecikme_ms': 25490}, {'oi': 0, 'p': 0.3, 'ofs': 0.3, 'hedef_ofs': 0.3, 'bb': 0.49, 'pay': 5.0, 'durum': 'kapali', 'gecikme_ms': 48093}, {'oi': 0, 'p': 0.22, 'ofs': 0.22, 'hedef_ofs': 0.22, 'bb': 0.49, 'pay': 0.0, 'durum': 'kapali', 'gecikme_ms': None}, {'oi': 0, 'p': 0.15, 'ofs': 0.15, 'hedef_ofs': 0.15, 'bb': 0.49, 'pay': 0.0, 'durum': 'kapali', 'gecikme_ms': None}, {'oi': 0, 'p': 0.1, 'ofs': 0.1, 'hedef_ofs': 0.1, 'bb': 0.49, 'pay': 0.0, 'durum': 'kapali', 'gecikme_ms': None}, {'oi': 0, 'p': 0.06, 'ofs': 0.06, 'hedef_ofs': 0.06, 'bb': 0.49, 'pay': 0.0, 'durum': 'kapali', 'gecikme_ms': None}, {'oi': 0, 'p': 0.03, 'ofs': 0.03, 'hedef_ofs': 0.03, 'bb': 0.49, 'pay': 0.0, 'durum': 'kapali', 'gecikme_ms': None}, {'oi': 1, 'p': 0.4, 'ofs': 0.4, 'hedef_ofs': 0.4, 'bb': 0.5, 'pay': 0.0, 'durum': 'kapali', 'gecikme_ms': None}, {'oi': 1, 'p': 0.3, 'ofs': 0.3, 'hedef_ofs': 0.3, 'bb': 0.5, 'pay': 0.0, 'durum': 'kapali', 'gecikme_ms': None}, {'oi': 1, 'p': 0.22, 'ofs': 0.22, 'hedef_ofs': 0.22, 'bb': 0.5, 'pay': 0.0, 'durum': 'kapali', 'gecikme_ms': None}, {'oi': 1, 'p': 0.15, 'ofs': 0.15, 'hedef_ofs': 0.15, 'bb': 0.5, 'pay': 0.0, 'durum': 'kapali', 'gecikme_ms': None}, {'oi': 1, 'p': 0.1, 'ofs': 0.1, 'hedef_ofs': 0.1, 'bb': 0.5, 'pay': 0.0, 'durum': 'kapali', 'gecikme_ms': None}, {'oi': 1, 'p': 0.06, 'ofs': 0.06, 'hedef_ofs': 0.06, 'bb': 0.5, 'pay': 0.0, 'durum': 'kapali', 'gecikme_ms': None}, {'oi': 1, 'p': 0.03, 'ofs': 0.03, 'hedef_ofs': 0.03, 'bb': 0.5, 'pay': 0.0, 'durum': 'kapali', 'gecikme_ms': None}]
  [13:20:05] BOY: S=1789824000 klip=5.0 kol=A
  [13:20:06] pencere: sym=btc S=1789824000 kol=A tokens=['115254872938146879691193272222275070862983566341676106844161135151249946061688', '80016499573343651713928305455007851954788790543762202307993248563166621926030'] emir=11 kabul=[4, 7] fiyatlar=[(0, 0.15, 0.15, 0.15), (0, 0.1, 0.1, 0.1), (0, 0.06, 0.06, 0.06), (0, 0.03, 0.03, 0.03), (1, 0.4, 0.4, 0.4), (1, 0.3, 0.3, 0.3), (1, 0.22, 0.22, 0.22), (1, 0.15, 0.15, 0.15), (1, 0.1, 0.1, 0.1), (1, 0.06, 0.06, 0.06), (1, 0.03, 0.03, 0.03)]
  [13:20:13] maruziyet: acik_pozisyon=0 pazar=0 dis_risk=0.0
  [13:20:18] mutabakat: pnl=-45.26 yerel=-44.3 etkin=-45.26 pencere=200 risk=6.3 emir=2653 dolum=200 pay=3634.6 geri_cekilen=1 red=19
  [13:20:50] dolum: sym=btc S=1789824000 oi=0 p=0.15 ofset=0.15 yeni=5.0 toplam=5.0 kaynak=yoklama gecen_sn=50.6
  [13:21:02] GEC_UCUZ_KESILDI: sym=btc S=1789824000 iptal=11 fiyatlar=[0.03, 0.06, 0.1, 0.15, 0.22, 0.3, 0.4] kalan_acik=0
  [13:22:01] COZULDU: sym=btc S=1789823400 kol=A kazanan=1 pay=0.0 maliyet=0 pnl=0 geri_cekildi=None emirler=[{'oi': 0, 'p': 0.4, 'ofs': 0.4, 'hedef_ofs': 0.4, 'bb': 0.54, 'pay': 0.0, 'durum': 'kapali', 'gecikme_ms': None}, {'oi': 0, 'p': 0.3, 'ofs': 0.3, 'hedef_ofs': 0.3, 'bb': 0.54, 'pay': 0.0, 'durum': 'kapali', 'gecikme_ms': None}, {'oi': 0, 'p': 0.22, 'ofs': 0.22, 'hedef_ofs': 0.22, 'bb': 0.54, 'pay': 0.0, 'durum': 'kapali', 'gecikme_ms': None}, {'oi': 0, 'p': 0.15, 'ofs': 0.15, 'hedef_ofs': 0.15, 'bb': 0.54, 'pay': 0.0, 'durum': 'kapali', 'gecikme_ms': None}, {'oi': 0, 'p': 0.1, 'ofs': 0.1, 'hedef_ofs': 0.1, 'bb': 0.54, 'pay': 0.0, 'durum': 'kapali', 'gecikme_ms': None}, {'oi': 0, 'p': 0.06, 'ofs': 0.06, 'hedef_ofs': 0.06, 'bb': 0.54, 'pay': 0.0, 'durum': 'kapali', 'gecikme_ms': None}, {'oi': 0, 'p': 0.03, 'ofs': 0.03, 'hedef_ofs': 0.03, 'bb': 0.54, 'pay': 0.0, 'durum': 'kapali', 'gecikme_ms': None}, {'oi': 1, 'p': 0.3, 'ofs': 0.3, 'hedef_ofs': 0.3, 'bb': 0.45, 'pay': 0.0, 'durum': 'kapali', 'gecikme_ms': None}, {'oi': 1, 'p': 0.22, 'ofs': 0.22, 'hedef_ofs': 0.22, 'bb': 0.45, 'pay': 0.0, 'durum': 'kapali', 'gecikme_ms': None}, {'oi': 1, 'p': 0.15, 'ofs': 0.15, 'hedef_ofs': 0.15, 'bb': 0.45, 'pay': 0.0, 'durum': 'kapali', 'gecikme_ms': None}, {'oi': 1, 'p': 0.1, 'ofs': 0.1, 'hedef_ofs': 0.1, 'bb': 0.45, 'pay': 0.0, 'durum': 'kapali', 'gecikme_ms': None}, {'oi': 1, 'p': 0.06, 'ofs': 0.06, 'hedef_ofs': 0.06, 'bb': 0.45, 'pay': 0.0, 'durum': 'kapali', 'gecikme_ms': None}, {'oi': 1, 'p': 0.03, 'ofs': 0.03, 'hedef_ofs': 0.03, 'bb': 0.45, 'pay': 0.0, 'durum': 'kapali', 'gecikme_ms': None}]
  [13:24:33] maruziyet: acik_pozisyon=0 pazar=0 dis_risk=0.0
  [13:24:39] mutabakat: pnl=-45.26 yerel=-44.3 etkin=-45.26 pencere=200 risk=0.75 emir=2653 dolum=200 pay=3634.6 geri_cekilen=1 red=19
  [13:25:06] BOY: S=1789824300 klip=5.0 kol=A
  [13:25:06] pencere: sym=btc S=1789824300 kol=A tokens=['17100745885404030652714831656558853801655043913204727170442577837755064920807', '29267107762395385857315699314438958161021432633384884604158692699032722304990'] emir=13 kabul=[7, 6] fiyatlar=[(0, 0.4, 0.4, 0.4), (0, 0.3, 0.3, 0.3), (0, 0.22, 0.22, 0.22), (0, 0.15, 0.15, 0.15), (0, 0.1, 0.1, 0.1), (0, 0.06, 0.06, 0.06), (0, 0.03, 0.03, 0.03), (1, 0.3, 0.3, 0.3), (1, 0.22, 0.22, 0.22), (1, 0.15, 0.15, 0.15), (1, 0.1, 0.1, 0.1), (1, 0.06, 0.06, 0.06), (1, 0.03, 0.03, 0.03)]
  [13:25:57] dolum: sym=btc S=1789824300 oi=1 p=0.3 ofset=0.3 yeni=4.999 toplam=4.999 kaynak=yoklama gecen_sn=57.9
  [13:26:02] GEC_UCUZ_KESILDI: sym=btc S=1789824300 iptal=13 fiyatlar=[0.03, 0.06, 0.1, 0.15, 0.22, 0.3, 0.4] kalan_acik=0
  [13:26:58] COZULDU: sym=btc S=1789823700 kol=A kazanan=0 pay=0.0 maliyet=0 pnl=0 geri_cekildi=None emirler=[{'oi': 0, 'p': 0.4, 'ofs': 0.4, 'hedef_ofs': 0.4, 'bb': 0.68, 'pay': 0.0, 'durum': 'kapali', 'gecikme_ms': None}, {'oi': 0, 'p': 0.3, 'ofs': 0.3, 'hedef_ofs': 0.3, 'bb': 0.68, 'pay': 0.0, 'durum': 'kapali', 'gecikme_ms': None}, {'oi': 0, 'p': 0.22, 'ofs': 0.22, 'hedef_ofs': 0.22, 'bb': 0.68, 'pay': 0.0, 'durum': 'kapali', 'gecikme_ms': None}, {'oi': 0, 'p': 0.15, 'ofs': 0.15, 'hedef_ofs': 0.15, 'bb': 0.68, 'pay': 0.0, 'durum': 'kapali', 'gecikme_ms': None}, {'oi': 0, 'p': 0.1, 'ofs': 0.1, 'hedef_ofs': 0.1, 'bb': 0.68, 'pay': 0.0, 'durum': 'kapali', 'gecikme_ms': None}, {'oi': 0, 'p': 0.06, 'ofs': 0.06, 'hedef_ofs': 0.06, 'bb': 0.68, 'pay': 0.0, 'durum': 'kapali', 'gecikme_ms': None}, {'oi': 0, 'p': 0.03, 'ofs': 0.03, 'hedef_ofs': 0.03, 'bb': 0.68, 'pay': 0.0, 'durum': 'kapali', 'gecikme_ms': None}, {'oi': 1, 'p': 0.22, 'ofs': 0.22, 'hedef_ofs': 0.22, 'bb': 0.31, 'pay': 0.0, 'durum': 'kapali', 'gecikme_ms': None}, {'oi': 1, 'p': 0.15, 'ofs': 0.15, 'hedef_ofs': 0.15, 'bb': 0.31, 'pay': 0.0, 'durum': 'kapali', 'gecikme_ms': None}, {'oi': 1, 'p': 0.1, 'ofs': 0.1, 'hedef_ofs': 0.1, 'bb': 0.31, 'pay': 0.0, 'durum': 'kapali', 'gecikme_ms': None}, {'oi': 1, 'p': 0.06, 'ofs': 0.06, 'hedef_ofs': 0.06, 'bb': 0.31, 'pay': 0.0, 'durum': 'kapali', 'gecikme_ms': None}, {'oi': 1, 'p': 0.03, 'ofs': 0.03, 'hedef_ofs': 0.03, 'bb': 0.31, 'pay': 0.0, 'durum': 'kapali', 'gecikme_ms': None}]
  [13:28:53] maruziyet: acik_pozisyon=0 pazar=0 dis_risk=0.0
  [13:28:59] mutabakat: pnl=-45.26 yerel=-44.3 etkin=-45.26 pencere=200 risk=2.25 emir=2666 dolum=200 pay=3634.6 geri_cekilen=1 red=19
  [13:30:05] BOY: S=1789824600 klip=5.0 kol=A
  [13:30:06] pencere: sym=btc S=1789824600 kol=A tokens=['115208139786591757562291733229188159222659739074381544740594046504852169422226', '109432565306685160965467836723015303254087136967348123158891110356637606193114'] emir=14 kabul=[7, 7] fiyatlar=[(0, 0.4, 0.4, 0.4), (0, 0.3, 0.3, 0.3), (0, 0.22, 0.22, 0.22), (0, 0.15, 0.15, 0.15), (0, 0.1, 0.1, 0.1), (0, 0.06, 0.06, 0.06), (0, 0.03, 0.03, 0.03), (1, 0.4, 0.4, 0.4), (1, 0.3, 0.3, 0.3), (1, 0.22, 0.22, 0.22), (1, 0.15, 0.15, 0.15), (1, 0.1, 0.1, 0.1), (1, 0.06, 0.06, 0.06), (1, 0.03, 0.03, 0.03)]
  [13:30:09] dolum: sym=btc S=1789824600 oi=0 p=0.4 ofset=0.4 yeni=5.0 toplam=5.0 kaynak=yoklama gecen_sn=9.1
  [13:30:12] dolum: sym=btc S=1789824600 oi=0 p=0.3 ofset=0.3 yeni=5.0 toplam=5.0 kaynak=yoklama gecen_sn=12.9
  [13:30:14] DENGE_SINIRI: sym=btc S=1789824600 agir=Up up=10.0 down=0.0 iptal=7 kalan_hafif=7
  [13:30:23] mutabakat_hata: err=999
  [13:30:43] bitti: sebep=STOP pnl=-45.2554 yerel=-44.2982 pencere=210 emir=2680 dolum=200 pay=3634.64 geri_cekilen=1 red=19 bilinmeyen=0 risk=5.75
  [13:30:47] SURUM: kaynak_sha=5ec6450cc6e9 oturum=3301912 kapi=False esik_bps=16.4 boy_testi=False klip_buyuk=25.0 tamamla_acik=False tamamla_tavan=1.02 px_tavan_maker=0.4 a_uyum=False a_cift_tavan=0.8 a_uyum_ara=20.0 a_oran=1.0 tohum=20260918 delta_tik_b=[2, 4] yenileme_ara=20.0 taraf_tavan=10.0 gec_kes=60.0 ucuz_esik=0.4 gec_esik=180.0
  [13:30:47] hazir: mod=LIVE klip=5.0 fiyatlar=[0.34, 0.3, 0.26, 0.22, 0.2, 0.16] kesici=-108.0 denge_siniri=10.0 amac=DERIN MERDIVEN v4 - mutlak fiyat noktalari
  [13:30:47] maruziyet: acik_pozisyon=1 pazar=1 dis_risk=3.5
  [13:30:47] state_yuklendi: pencere=12 pnl=-45.26 pnl_yerel=-44.3 emir=2680 dolum=200
  [13:30:52] mutabakat_hata: err=999
  [13:31:12] BASLAMIYOR: sebep=baslangic mutabakati eksik
  [13:31:40] SURUM: kaynak_sha=5ec6450cc6e9 oturum=3302869 kapi=False esik_bps=16.4 boy_testi=False klip_buyuk=25.0 tamamla_acik=False tamamla_tavan=1.02 px_tavan_maker=0.4 a_uyum=False a_cift_tavan=0.8 a_uyum_ara=20.0 a_oran=1.0 tohum=20260918 delta_tik_b=[2, 4] yenileme_ara=20.0 taraf_tavan=10.0 gec_kes=60.0 ucuz_esik=0.4 gec_esik=180.0
  [13:31:40] hazir: mod=LIVE klip=5.0 fiyatlar=[0.34, 0.3, 0.26, 0.22, 0.2, 0.16] kesici=-108.0 denge_siniri=10.0 amac=DERIN MERDIVEN v4 - mutlak fiyat noktalari
  [13:31:41] maruziyet: acik_pozisyon=1 pazar=1 dis_risk=3.5
  [13:31:41] state_yuklendi: pencere=12 pnl=-45.26 pnl_yerel=-44.3 emir=2680 dolum=200
  [13:31:46] mutabakat_hata: err=999
  [13:32:06] BASLAMIYOR: sebep=baslangic mutabakati eksik
  [13:34:02] SURUM: kaynak_sha=95a3654ed3de oturum=3305173 kapi=False esik_bps=16.4 boy_testi=False klip_buyuk=25.0 tamamla_acik=False tamamla_tavan=1.02 px_tavan_maker=0.4 a_uyum=False a_cift_tavan=0.8 a_uyum_ara=20.0 a_oran=1.0 tohum=20260918 delta_tik_b=[2, 4] yenileme_ara=20.0 taraf_tavan=10.0 gec_kes=60.0 ucuz_esik=0.4 gec_esik=180.0
  [13:34:02] hazir: mod=LIVE klip=5.0 fiyatlar=[0.34, 0.3, 0.26, 0.22, 0.2, 0.16] kesici=-108.0 denge_siniri=10.0 amac=DERIN MERDIVEN v4 - mutlak fiyat noktalari
  [13:34:03] maruziyet: acik_pozisyon=1 pazar=1 dis_risk=3.5
  [13:34:03] state_yuklendi: pencere=12 pnl=-45.26 pnl_yerel=-44.3 emir=2680 dolum=200
  [13:34:06] mutabakat_hata: err=999
  [13:34:26] BASLAMIYOR: sebep=baslangic mutabakati eksik
  [13:36:03] SURUM: kaynak_sha=9d1c2ba1cdc6 oturum=3307201 kapi=False esik_bps=16.4 boy_testi=False klip_buyuk=25.0 tamamla_acik=False tamamla_tavan=1.02 px_tavan_maker=0.4 a_uyum=False a_cift_tavan=0.8 a_uyum_ara=20.0 a_oran=1.0 tohum=20260918 delta_tik_b=[2, 4] yenileme_ara=20.0 taraf_tavan=10.0 gec_kes=60.0 ucuz_esik=0.4 gec_esik=180.0
  [13:36:03] hazir: mod=LIVE klip=5.0 fiyatlar=[0.34, 0.3, 0.26, 0.22, 0.2, 0.16] kesici=-100.0 denge_siniri=10.0 amac=DERIN MERDIVEN v4 - mutlak fiyat noktalari
  [13:36:04] maruziyet: acik_pozisyon=1 pazar=1 dis_risk=3.5
  [13:36:04] state_yuklendi: pencere=0 pnl=0.0 pnl_yerel=0.0 emir=0 dolum=0
  [13:36:06] basladi: mod=LIVE gorulen_pencere=0
  [13:36:06] maruziyet: acik_pozisyon=1 pazar=1 dis_risk=3.5
  [13:36:08] mutabakat: pnl=0.0 yerel=0.0 etkin=0.0 pencere=0 risk=3.5 emir=0 dolum=0 pay=0.0 geri_cekilen=0 red=0
  [13:40:05] BOY: S=1789825200 klip=5.0 kol=A
  [13:40:06] pencere: sym=btc S=1789825200 kol=A tokens=['102343260851497418362991237395292775071707204584886641825799818582936786198513', '16820490912185905552912073775555522628248993866514399966569306158541628106470'] emir=12 kabul=[6, 6] fiyatlar=[(0, 0.34, 0.34, 0.34), (0, 0.3, 0.3, 0.3), (0, 0.26, 0.26, 0.26), (0, 0.22, 0.22, 0.22), (0, 0.2, 0.2, 0.2), (0, 0.16, 0.16, 0.16), (1, 0.34, 0.34, 0.34), (1, 0.3, 0.3, 0.3), (1, 0.26, 0.26, 0.26), (1, 0.22, 0.22, 0.22), (1, 0.2, 0.2, 0.2), (1, 0.16, 0.16, 0.16)]
  [13:40:27] maruziyet: acik_pozisyon=0 pazar=0 dis_risk=0.0
  [13:40:30] mutabakat: pnl=0.0 yerel=0.0 etkin=0.0 pencere=0 risk=7.4 emir=12 dolum=0 pay=0.0 geri_cekilen=0 red=0
  [13:41:02] GEC_UCUZ_KESILDI: sym=btc S=1789825200 iptal=12 fiyatlar=[0.16, 0.2, 0.22, 0.26, 0.3, 0.34] kalan_acik=0
  [13:44:48] maruziyet: acik_pozisyon=0 pazar=0 dis_risk=0.0
  [13:44:50] mutabakat: pnl=0.0 yerel=0.0 etkin=0.0 pencere=0 risk=0.0 emir=12 dolum=0 pay=0.0 geri_cekilen=0 red=0
  [13:45:06] BOY: S=1789825500 klip=5.0 kol=A
  [13:45:06] pencere: sym=btc S=1789825500 kol=A tokens=['13667240965945216216754867643422754217666587096772631761250445490417611715313', '99311730861106169820234748665901309260211616504871286047128662935055436765319'] emir=11 kabul=[6, 5] fiyatlar=[(0, 0.34, 0.34, 0.34), (0, 0.3, 0.3, 0.3), (0, 0.26, 0.26, 0.26), (0, 0.22, 0.22, 0.22), (0, 0.2, 0.2, 0.2), (0, 0.16, 0.16, 0.16), (1, 0.3, 0.3, 0.3), (1, 0.26, 0.26, 0.26), (1, 0.22, 0.22, 0.22), (1, 0.2, 0.2, 0.2), (1, 0.16, 0.16, 0.16)]
  [13:45:57] dolum: sym=btc S=1789825500 oi=1 p=0.3 ofset=0.3 yeni=5.0 toplam=5.0 kaynak=yoklama gecen_sn=57.9
  [13:46:02] GEC_UCUZ_KESILDI: sym=btc S=1789825500 iptal=11 fiyatlar=[0.16, 0.2, 0.22, 0.26, 0.3, 0.34] kalan_acik=0
  [13:48:32] COZULDU: sym=btc S=1789825200 kol=A kazanan=1 pay=0.0 maliyet=0 pnl=0 geri_cekildi=None emirler=[{'oi': 0, 'p': 0.34, 'ofs': 0.34, 'hedef_ofs': 0.34, 'bb': 0.52, 'pay': 0.0, 'durum': 'kapali', 'gecikme_ms': None}, {'oi': 0, 'p': 0.3, 'ofs': 0.3, 'hedef_ofs': 0.3, 'bb': 0.52, 'pay': 0.0, 'durum': 'kapali', 'gecikme_ms': None}, {'oi': 0, 'p': 0.26, 'ofs': 0.26, 'hedef_ofs': 0.26, 'bb': 0.52, 'pay': 0.0, 'durum': 'kapali', 'gecikme_ms': None}, {'oi': 0, 'p': 0.22, 'ofs': 0.22, 'hedef_ofs': 0.22, 'bb': 0.52, 'pay': 0.0, 'durum': 'kapali', 'gecikme_ms': None}, {'oi': 0, 'p': 0.2, 'ofs': 0.2, 'hedef_ofs': 0.2, 'bb': 0.52, 'pay': 0.0, 'durum': 'kapali', 'gecikme_ms': None}, {'oi': 0, 'p': 0.16, 'ofs': 0.16, 'hedef_ofs': 0.16, 'bb': 0.52, 'pay': 0.0, 'durum': 'kapali', 'gecikme_ms': None}, {'oi': 1, 'p': 0.34, 'ofs': 0.34, 'hedef_ofs': 0.34, 'bb': 0.47, 'pay': 0.0, 'durum': 'kapali', 'gecikme_ms': None}, {'oi': 1, 'p': 0.3, 'ofs': 0.3, 'hedef_ofs': 0.3, 'bb': 0.47, 'pay': 0.0, 'durum': 'kapali', 'gecikme_ms': None}, {'oi': 1, 'p': 0.26, 'ofs': 0.26, 'hedef_ofs': 0.26, 'bb': 0.47, 'pay': 0.0, 'durum': 'kapali', 'gecikme_ms': None}, {'oi': 1, 'p': 0.22, 'ofs': 0.22, 'hedef_ofs': 0.22, 'bb': 0.47, 'pay': 0.0, 'durum': 'kapali', 'gecikme_ms': None}, {'oi': 1, 'p': 0.2, 'ofs': 0.2, 'hedef_ofs': 0.2, 'bb': 0.47, 'pay': 0.0, 'durum': 'kapali', 'gecikme_ms': None}, {'oi': 1, 'p': 0.16, 'ofs': 0.16, 'hedef_ofs': 0.16, 'bb': 0.47, 'pay': 0.0, 'durum': 'kapali', 'gecikme_ms': None}]
  [13:49:08] maruziyet: acik_pozisyon=0 pazar=0 dis_risk=0.0
  [13:49:10] mutabakat: pnl=0.0 yerel=0.0 etkin=0.0 pencere=0 risk=1.5 emir=23 dolum=0 pay=0.0 geri_cekilen=0 red=0
  [13:50:05] BOY: S=1789825800 klip=5.0 kol=A
  [13:50:06] pencere: sym=btc S=1789825800 kol=A tokens=['58910776918422208789196171802075062170707816765056269906911474893718652130589', '25881379915192820192795274177589614673918521572241810865635832543055311563267'] emir=12 kabul=[6, 6] fiyatlar=[(0, 0.34, 0.34, 0.34), (0, 0.3, 0.3, 0.3), (0, 0.26, 0.26, 0.26), (0, 0.22, 0.22, 0.22), (0, 0.2, 0.2, 0.2), (0, 0.16, 0.16, 0.16), (1, 0.34, 0.34, 0.34), (1, 0.3, 0.3, 0.3), (1, 0.26, 0.26, 0.26), (1, 0.22, 0.22, 0.22), (1, 0.2, 0.2, 0.2), (1, 0.16, 0.16, 0.16)]
  [13:50:08] dolum: sym=btc S=1789825800 oi=0 p=0.34 ofset=0.34 yeni=5.0 toplam=5.0 kaynak=yoklama gecen_sn=8.5
  [13:50:34] dolum: sym=btc S=1789825800 oi=0 p=0.3 ofset=0.3 yeni=5.0 toplam=5.0 kaynak=yoklama gecen_sn=34.4
  [13:50:34] dolum: sym=btc S=1789825800 oi=0 p=0.26 ofset=0.26 yeni=5.0 toplam=5.0 kaynak=yoklama gecen_sn=34.5
  [13:50:34] dolum: sym=btc S=1789825800 oi=0 p=0.22 ofset=0.22 yeni=5.0 toplam=5.0 kaynak=yoklama gecen_sn=34.5
  [13:50:34] dolum: sym=btc S=1789825800 oi=0 p=0.2 ofset=0.2 yeni=5.0 toplam=5.0 kaynak=yoklama gecen_sn=34.6
  [13:50:35] DENGE_SINIRI: sym=btc S=1789825800 agir=Up up=25.0 down=0.0 iptal=6 kalan_hafif=6
  [13:51:01] GEC_UCUZ_KESILDI: sym=btc S=1789825800 iptal=6 fiyatlar=[0.16, 0.2, 0.22, 0.26, 0.3, 0.34] kalan_acik=0
  [13:52:08] COZULDU: sym=btc S=1789825500 kol=A kazanan=0 pay=5.0 maliyet=1.5 pnl=-1.5 geri_cekildi=None emirler=[{'oi': 0, 'p': 0.34, 'ofs': 0.34, 'hedef_ofs': 0.34, 'bb': 0.6, 'pay': 0.0, 'durum': 'kapali', 'gecikme_ms': None}, {'oi': 0, 'p': 0.3, 'ofs': 0.3, 'hedef_ofs': 0.3, 'bb': 0.6, 'pay': 0.0, 'durum': 'kapali', 'gecikme_ms': None}, {'oi': 0, 'p': 0.26, 'ofs': 0.26, 'hedef_ofs': 0.26, 'bb': 0.6, 'pay': 0.0, 'durum': 'kapali', 'gecikme_ms': None}, {'oi': 0, 'p': 0.22, 'ofs': 0.22, 'hedef_ofs': 0.22, 'bb': 0.6, 'pay': 0.0, 'durum': 'kapali', 'gecikme_ms': None}, {'oi': 0, 'p': 0.2, 'ofs': 0.2, 'hedef_ofs': 0.2, 'bb': 0.6, 'pay': 0.0, 'durum': 'kapali', 'gecikme_ms': None}, {'oi': 0, 'p': 0.16, 'ofs': 0.16, 'hedef_ofs': 0.16, 'bb': 0.6, 'pay': 0.0, 'durum': 'kapali', 'gecikme_ms': None}, {'oi': 1, 'p': 0.3, 'ofs': 0.3, 'hedef_ofs': 0.3, 'bb': 0.39, 'pay': 5.0, 'durum': 'kapali', 'gecikme_ms': 51180}, {'oi': 1, 'p': 0.26, 'ofs': 0.26, 'hedef_ofs': 0.26, 'bb': 0.39, 'pay': 0.0, 'durum': 'kapali', 'gecikme_ms': None}, {'oi': 1, 'p': 0.22, 'ofs': 0.22, 'hedef_ofs': 0.22, 'bb': 0.39, 'pay': 0.0, 'durum': 'kapali', 'gecikme_ms': None}, {'oi': 1, 'p': 0.2, 'ofs': 0.2, 'hedef_ofs': 0.2, 'bb': 0.39, 'pay': 0.0, 'durum': 'kapali', 'gecikme_ms': None}, {'oi': 1, 'p': 0.16, 'ofs': 0.16, 'hedef_ofs': 0.16, 'bb': 0.39, 'pay': 0.0, 'durum': 'kapali', 'gecikme_ms': None}]
  [13:53:28] maruziyet: acik_pozisyon=0 pazar=0 dis_risk=0.0
  [13:53:31] mutabakat: pnl=-1.5 yerel=-1.5 etkin=-1.5 pencere=1 risk=6.6 emir=35 dolum=1 pay=5.0 geri_cekilen=0 red=0
  [13:55:05] BOY: S=1789826100 klip=5.0 kol=A
  [13:55:06] pencere: sym=btc S=1789826100 kol=A tokens=['58667246438224849705857099482111703793375045059427051400230731074920467375691', '58168903736917565843902442662370672618082151253800499834041642745567029013386'] emir=10 kabul=[4, 6] fiyatlar=[(0, 0.26, 0.26, 0.26), (0, 0.22, 0.22, 0.22), (0, 0.2, 0.2, 0.2), (0, 0.16, 0.16, 0.16), (1, 0.34, 0.34, 0.34), (1, 0.3, 0.3, 0.3), (1, 0.26, 0.26, 0.26), (1, 0.22, 0.22, 0.22), (1, 0.2, 0.2, 0.2), (1, 0.16, 0.16, 0.16)]
  [13:56:02] GEC_UCUZ_KESILDI: sym=btc S=1789826100 iptal=10 fiyatlar=[0.16, 0.2, 0.22, 0.26, 0.3, 0.34] kalan_acik=0
  [13:57:49] maruziyet: acik_pozisyon=0 pazar=0 dis_risk=0.0
  [13:57:51] mutabakat: pnl=-1.5 yerel=-1.5 etkin=-1.5 pencere=1 risk=6.6 emir=45 dolum=1 pay=5.0 geri_cekilen=0 red=0
  [13:58:11] COZULDU: sym=btc S=1789825800 kol=A kazanan=0 pay=25.0 maliyet=6.6 pnl=18.4 geri_cekildi=None emirler=[{'oi': 0, 'p': 0.34, 'ofs': 0.34, 'hedef_ofs': 0.34, 'bb': 0.49, 'pay': 5.0, 'durum': 'kapali', 'gecikme_ms': 2036}, {'oi': 0, 'p': 0.3, 'ofs': 0.3, 'hedef_ofs': 0.3, 'bb': 0.49, 'pay': 5.0, 'durum': 'kapali', 'gecikme_ms': 27916}, {'oi': 0, 'p': 0.26, 'ofs': 0.26, 'hedef_ofs': 0.26, 'bb': 0.49, 'pay': 5.0, 'durum': 'kapali', 'gecikme_ms': 28000}, {'oi': 0, 'p': 0.22, 'ofs': 0.22, 'hedef_ofs': 0.22, 'bb': 0.49, 'pay': 5.0, 'durum': 'kapali', 'gecikme_ms': 28084}, {'oi': 0, 'p': 0.2, 'ofs': 0.2, 'hedef_ofs': 0.2, 'bb': 0.49, 'pay': 5.0, 'durum': 'kapali', 'gecikme_ms': 28172}, {'oi': 0, 'p': 0.16, 'ofs': 0.16, 'hedef_ofs': 0.16, 'bb': 0.49, 'pay': 0.0, 'durum': 'kapali', 'gecikme_ms': None}, {'oi': 1, 'p': 0.34, 'ofs': 0.34, 'hedef_ofs': 0.34, 'bb': 0.5, 'pay': 0.0, 'durum': 'kapali', 'gecikme_ms': None}, {'oi': 1, 'p': 0.3, 'ofs': 0.3, 'hedef_ofs': 0.3, 'bb': 0.5, 'pay': 0.0, 'durum': 'kapali', 'gecikme_ms': None}, {'oi': 1, 'p': 0.26, 'ofs': 0.26, 'hedef_ofs': 0.26, 'bb': 0.5, 'pay': 0.0, 'durum': 'kapali', 'gecikme_ms': None}, {'oi': 1, 'p': 0.22, 'ofs': 0.22, 'hedef_ofs': 0.22, 'bb': 0.5, 'pay': 0.0, 'durum': 'kapali', 'gecikme_ms': None}, {'oi': 1, 'p': 0.2, 'ofs': 0.2, 'hedef_ofs': 0.2, 'bb': 0.5, 'pay': 0.0, 'durum': 'kapali', 'gecikme_ms': None}, {'oi': 1, 'p': 0.16, 'ofs': 0.16, 'hedef_ofs': 0.16, 'bb': 0.5, 'pay': 0.0, 'durum': 'kapali', 'gecikme_ms': None}]
  [14:00:05] BOY: S=1789826400 klip=5.0 kol=A
  [14:00:06] pencere: sym=btc S=1789826400 kol=A tokens=['45121516378186714854163205451214251762100736360038094848003441503202509998843', '83469737805573708080722579626773408817533553154148302282905890556529750589550'] emir=10 kabul=[4, 6] fiyatlar=[(0, 0.26, 0.26, 0.26), (0, 0.22, 0.22, 0.22), (0, 0.2, 0.2, 0.2), (0, 0.16, 0.16, 0.16), (1, 0.34, 0.34, 0.34), (1, 0.3, 0.3, 0.3), (1, 0.26, 0.26, 0.26), (1, 0.22, 0.22, 0.22), (1, 0.2, 0.2, 0.2), (1, 0.16, 0.16, 0.16)]
  [14:00:44] dolum: sym=btc S=1789826400 oi=0 p=0.26 ofset=0.26 yeni=5.0 toplam=5.0 kaynak=yoklama gecen_sn=44.8
  [14:01:02] GEC_UCUZ_KESILDI: sym=btc S=1789826400 iptal=10 fiyatlar=[0.16, 0.2, 0.22, 0.26, 0.3, 0.34] kalan_acik=0
  [14:02:09] maruziyet: acik_pozisyon=0 pazar=0 dis_risk=0.0
  [14:02:12] mutabakat: pnl=16.9 yerel=16.9 etkin=16.9 pencere=2 risk=1.3 emir=55 dolum=2 pay=30.0 geri_cekilen=0 red=0
  [14:03:21] COZULDU: sym=btc S=1789826100 kol=A kazanan=0 pay=0.0 maliyet=0 pnl=0 geri_cekildi=None emirler=[{'oi': 0, 'p': 0.26, 'ofs': 0.26, 'hedef_ofs': 0.26, 'bb': 0.31, 'pay': 0.0, 'durum': 'kapali', 'gecikme_ms': None}, {'oi': 0, 'p': 0.22, 'ofs': 0.22, 'hedef_ofs': 0.22, 'bb': 0.31, 'pay': 0.0, 'durum': 'kapali', 'gecikme_ms': None}, {'oi': 0, 'p': 0.2, 'ofs': 0.2, 'hedef_ofs': 0.2, 'bb': 0.31, 'pay': 0.0, 'durum': 'kapali', 'gecikme_ms': None}, {'oi': 0, 'p': 0.16, 'ofs': 0.16, 'hedef_ofs': 0.16, 'bb': 0.31, 'pay': 0.0, 'durum': 'kapali', 'gecikme_ms': None}, {'oi': 1, 'p': 0.34, 'ofs': 0.34, 'hedef_ofs': 0.34, 'bb': 0.68, 'pay': 0.0, 'durum': 'kapali', 'gecikme_ms': None}, {'oi': 1, 'p': 0.3, 'ofs': 0.3, 'hedef_ofs': 0.3, 'bb': 0.68, 'pay': 0.0, 'durum': 'kapali', 'gecikme_ms': None}, {'oi': 1, 'p': 0.26, 'ofs': 0.26, 'hedef_ofs': 0.26, 'bb': 0.68, 'pay': 0.0, 'durum': 'kapali', 'gecikme_ms': None}, {'oi': 1, 'p': 0.22, 'ofs': 0.22, 'hedef_ofs': 0.22, 'bb': 0.68, 'pay': 0.0, 'durum': 'kapali', 'gecikme_ms': None}, {'oi': 1, 'p': 0.2, 'ofs': 0.2, 'hedef_ofs': 0.2, 'bb': 0.68, 'pay': 0.0, 'durum': 'kapali', 'gecikme_ms': None}, {'oi': 1, 'p': 0.16, 'ofs': 0.16, 'hedef_ofs': 0.16, 'bb': 0.68, 'pay': 0.0, 'durum': 'kapali', 'gecikme_ms': None}]
  [14:05:06] BOY: S=1789826700 klip=5.0 kol=A
  [14:05:06] pencere: sym=btc S=1789826700 kol=A tokens=['91374678786064419153823656287456715040891383309513235520018861329681054822347', '67163481296743965546333727716005656660762075211021946359477563500443900365872'] emir=9 kabul=[6, 3] fiyatlar=[(0, 0.34, 0.34, 0.34), (0, 0.3, 0.3, 0.3), (0, 0.26, 0.26, 0.26), (0, 0.22, 0.22, 0.22), (0, 0.2, 0.2, 0.2), (0, 0.16, 0.16, 0.16), (1, 0.22, 0.22, 0.22), (1, 0.2, 0.2, 0.2), (1, 0.16, 0.16, 0.16)]
  [14:05:08] dolum: sym=btc S=1789826700 oi=1 p=0.22 ofset=0.22 yeni=5.0 toplam=5.0 kaynak=yoklama gecen_sn=8.9
  [14:05:08] dolum: sym=btc S=1789826700 oi=1 p=0.2 ofset=0.2 yeni=5.0 toplam=5.0 kaynak=yoklama gecen_sn=9.0
  [14:05:09] DENGE_SINIRI: sym=btc S=1789826700 agir=Down up=0.0 down=10.0 iptal=3 kalan_hafif=6
  [14:06:01] GEC_UCUZ_KESILDI: sym=btc S=1789826700 iptal=6 fiyatlar=[0.16, 0.2, 0.22, 0.26, 0.3, 0.34] kalan_acik=0
  [14:06:29] maruziyet: acik_pozisyon=0 pazar=0 dis_risk=0.0
  [14:06:32] mutabakat: pnl=16.9 yerel=16.9 etkin=16.9 pencere=2 risk=3.4 emir=64 dolum=2 pay=30.0 geri_cekilen=0 red=0
  [14:08:23] COZULDU: sym=btc S=1789826400 kol=A kazanan=0 pay=5.0 maliyet=1.3 pnl=3.7 geri_cekildi=None emirler=[{'oi': 0, 'p': 0.26, 'ofs': 0.26, 'hedef_ofs': 0.26, 'bb': 0.35, 'pay': 5.0, 'durum': 'kapali', 'gecikme_ms': 38171}, {'oi': 0, 'p': 0.22, 'ofs': 0.22, 'hedef_ofs': 0.22, 'bb': 0.35, 'pay': 0.0, 'durum': 'kapali', 'gecikme_ms': None}, {'oi': 0, 'p': 0.2, 'ofs': 0.2, 'hedef_ofs': 0.2, 'bb': 0.35, 'pay': 0.0, 'durum': 'kapali', 'gecikme_ms': None}, {'oi': 0, 'p': 0.16, 'ofs': 0.16, 'hedef_ofs': 0.16, 'bb': 0.35, 'pay': 0.0, 'durum': 'kapali', 'gecikme_ms': None}, {'oi': 1, 'p': 0.34, 'ofs': 0.34, 'hedef_ofs': 0.34, 'bb': 0.66, 'pay': 0.0, 'durum': 'kapali', 'gecikme_ms': None}, {'oi': 1, 'p': 0.3, 'ofs': 0.3, 'hedef_ofs': 0.3, 'bb': 0.66, 'pay': 0.0, 'durum': 'kapali', 'gecikme_ms': None}, {'oi': 1, 'p': 0.26, 'ofs': 0.26, 'hedef_ofs': 0.26, 'bb': 0.66, 'pay': 0.0, 'durum': 'kapali', 'gecikme_ms': None}, {'oi': 1, 'p': 0.22, 'ofs': 0.22, 'hedef_ofs': 0.22, 'bb': 0.66, 'pay': 0.0, 'durum': 'kapali', 'gecikme_ms': None}, {'oi': 1, 'p': 0.2, 'ofs': 0.2, 'hedef_ofs': 0.2, 'bb': 0.66, 'pay': 0.0, 'durum': 'kapali', 'gecikme_ms': None}, {'oi': 1, 'p': 0.16, 'ofs': 0.16, 'hedef_ofs': 0.16, 'bb': 0.66, 'pay': 0.0, 'durum': 'kapali', 'gecikme_ms': None}]
  [14:10:05] BOY: S=1789827000 klip=5.0 kol=A
  [14:10:06] pencere: sym=btc S=1789827000 kol=A tokens=['109561035215488832878837080031419118121364898017518818083266909120254464207833', '52003953889301129207312515138835731676313939411337056639020735803886204594248'] emir=12 kabul=[6, 6] fiyatlar=[(0, 0.34, 0.34, 0.34), (0, 0.3, 0.3, 0.3), (0, 0.26, 0.26, 0.26), (0, 0.22, 0.22, 0.22), (0, 0.2, 0.2, 0.2), (0, 0.16, 0.16, 0.16), (1, 0.34, 0.34, 0.34), (1, 0.3, 0.3, 0.3), (1, 0.26, 0.26, 0.26), (1, 0.22, 0.22, 0.22), (1, 0.2, 0.2, 0.2), (1, 0.16, 0.16, 0.16)]
  [14:10:12] bitti: sebep=STOP pnl=20.6 yerel=20.6 pencere=7 emir=76 dolum=3 pay=35.0 geri_cekilen=0 red=0 bilinmeyen=0 risk=2.1
  [14:10:15] SURUM: kaynak_sha=d3d67e32b018 oturum=3340843 kapi=False esik_bps=16.4 boy_testi=False klip_buyuk=25.0 tamamla_acik=False tamamla_tavan=1.02 px_tavan_maker=0.4 a_uyum=False a_cift_tavan=0.8 a_uyum_ara=20.0 a_oran=1.0 tohum=20260918 delta_tik_b=[2, 4] yenileme_ara=20.0 taraf_tavan=10.0 gec_kes=200.0 ucuz_esik=0.25 gec_esik=180.0
  [14:10:15] hazir: mod=LIVE klip=5.0 fiyatlar=[0.34, 0.3, 0.26, 0.22, 0.2, 0.16] kesici=-100.0 denge_siniri=10.0 amac=DERIN MERDIVEN v4 - mutlak fiyat noktalari
  [14:10:16] maruziyet: acik_pozisyon=1 pazar=1 dis_risk=2.1
  [14:10:16] state_yuklendi: pencere=7 pnl=20.6 pnl_yerel=20.6 emir=76 dolum=3
  [14:10:18] basladi: mod=LIVE gorulen_pencere=7
  [14:10:18] maruziyet: acik_pozisyon=0 pazar=0 dis_risk=0.0
  [14:10:20] mutabakat: pnl=20.6 yerel=20.6 etkin=20.6 pencere=3 risk=2.1 emir=76 dolum=3 pay=35.0 geri_cekilen=0 red=0
  [14:13:32] COZULDU: sym=btc S=1789826700 kol=A kazanan=0 pay=10.0 maliyet=2.1 pnl=-2.1 geri_cekildi=None emirler=[{'oi': 0, 'p': 0.34, 'ofs': 0.34, 'hedef_ofs': 0.34, 'bb': 0.72, 'pay': 0.0, 'durum': 'kapali', 'gecikme_ms': None}, {'oi': 0, 'p': 0.3, 'ofs': 0.3, 'hedef_ofs': 0.3, 'bb': 0.72, 'pay': 0.0, 'durum': 'kapali', 'gecikme_ms': None}, {'oi': 0, 'p': 0.26, 'ofs': 0.26, 'hedef_ofs': 0.26, 'bb': 0.72, 'pay': 0.0, 'durum': 'kapali', 'gecikme_ms': None}, {'oi': 0, 'p': 0.22, 'ofs': 0.22, 'hedef_ofs': 0.22, 'bb': 0.72, 'pay': 0.0, 'durum': 'kapali', 'gecikme_ms': None}, {'oi': 0, 'p': 0.2, 'ofs': 0.2, 'hedef_ofs': 0.2, 'bb': 0.72, 'pay': 0.0, 'durum': 'kapali', 'gecikme_ms': None}, {'oi': 0, 'p': 0.16, 'ofs': 0.16, 'hedef_ofs': 0.16, 'bb': 0.72, 'pay': 0.0, 'durum': 'kapali', 'gecikme_ms': None}, {'oi': 1, 'p': 0.22, 'ofs': 0.22, 'hedef_ofs': 0.22, 'bb': 0.27, 'pay': 5.0, 'durum': 'kapali', 'gecikme_ms': 2134}, {'oi': 1, 'p': 0.2, 'ofs': 0.2, 'hedef_ofs': 0.2, 'bb': 0.27, 'pay': 5.0, 'durum': 'kapali', 'gecikme_ms': 2232}, {'oi': 1, 'p': 0.16, 'ofs': 0.16, 'hedef_ofs': 0.16, 'bb': 0.27, 'pay': 0.0, 'durum': 'kapali', 'gecikme_ms': None}]
  [14:14:39] maruziyet: acik_pozisyon=0 pazar=0 dis_risk=0.0
  [14:14:41] mutabakat: pnl=18.5 yerel=18.5 etkin=18.5 pencere=4 risk=0.0 emir=76 dolum=4 pay=45.0 geri_cekilen=0 red=0
  [14:15:06] BOY: S=1789827300 klip=5.0 kol=A
  [14:15:07] pencere: sym=btc S=1789827300 kol=A tokens=['55583771615007236116436443594005522299624866692947585992608191048434060910842', '64329733572780377415730741904266956270360939906369581192618665932238889694843'] emir=10 kabul=[6, 4] fiyatlar=[(0, 0.34, 0.34, 0.34), (0, 0.3, 0.3, 0.3), (0, 0.26, 0.26, 0.26), (0, 0.22, 0.22, 0.22), (0, 0.2, 0.2, 0.2), (0, 0.16, 0.16, 0.16), (1, 0.26, 0.26, 0.26), (1, 0.22, 0.22, 0.22), (1, 0.2, 0.2, 0.2), (1, 0.16, 0.16, 0.16)]
  [14:15:51] dolum: sym=btc S=1789827300 oi=1 p=0.26 ofset=0.26 yeni=5.0 toplam=5.0 kaynak=yoklama gecen_sn=51.5
  [14:15:53] dolum: sym=btc S=1789827300 oi=1 p=0.22 ofset=0.22 yeni=5.0 toplam=5.0 kaynak=yoklama gecen_sn=53.6
  [14:15:54] DENGE_SINIRI: sym=btc S=1789827300 agir=Down up=0.0 down=10.0 iptal=4 kalan_hafif=6
  [14:18:21] GEC_UCUZ_KESILDI: sym=btc S=1789827300 iptal=3 fiyatlar=[0.16, 0.2, 0.22] kalan_acik=3
  [14:18:38] COZULDU: sym=btc S=1789827000 kol=A kazanan=1 pay=0.0 maliyet=0 pnl=0 geri_cekildi=None emirler=[{'oi': 0, 'p': 0.34, 'ofs': 0.34, 'hedef_ofs': 0.34, 'bb': 0.52, 'pay': 0.0, 'durum': 'kapali', 'gecikme_ms': None}, {'oi': 0, 'p': 0.3, 'ofs': 0.3, 'hedef_ofs': 0.3, 'bb': 0.52, 'pay': 0.0, 'durum': 'kapali', 'gecikme_ms': None}, {'oi': 0, 'p': 0.26, 'ofs': 0.26, 'hedef_ofs': 0.26, 'bb': 0.52, 'pay': 0.0, 'durum': 'kapali', 'gecikme_ms': None}, {'oi': 0, 'p': 0.22, 'ofs': 0.22, 'hedef_ofs': 0.22, 'bb': 0.52, 'pay': 0.0, 'durum': 'kapali', 'gecikme_ms': None}, {'oi': 0, 'p': 0.2, 'ofs': 0.2, 'hedef_ofs': 0.2, 'bb': 0.52, 'pay': 0.0, 'durum': 'kapali', 'gecikme_ms': None}, {'oi': 0, 'p': 0.16, 'ofs': 0.16, 'hedef_ofs': 0.16, 'bb': 0.52, 'pay': 0.0, 'durum': 'kapali', 'gecikme_ms': None}, {'oi': 1, 'p': 0.34, 'ofs': 0.34, 'hedef_ofs': 0.34, 'bb': 0.45, 'pay': 0.0, 'durum': 'kapali', 'gecikme_ms': None}, {'oi': 1, 'p': 0.3, 'ofs': 0.3, 'hedef_ofs': 0.3, 'bb': 0.45, 'pay': 0.0, 'durum': 'kapali', 'gecikme_ms': None}, {'oi': 1, 'p': 0.26, 'ofs': 0.26, 'hedef_ofs': 0.26, 'bb': 0.45, 'pay': 0.0, 'durum': 'kapali', 'gecikme_ms': None}, {'oi': 1, 'p': 0.22, 'ofs': 0.22, 'hedef_ofs': 0.22, 'bb': 0.45, 'pay': 0.0, 'durum': 'kapali', 'gecikme_ms': None}, {'oi': 1, 'p': 0.2, 'ofs': 0.2, 'hedef_ofs': 0.2, 'bb': 0.45, 'pay': 0.0, 'durum': 'kapali', 'gecikme_ms': None}, {'oi': 1, 'p': 0.16, 'ofs': 0.16, 'hedef_ofs': 0.16, 'bb': 0.45, 'pay': 0.0, 'durum': 'kapali', 'gecikme_ms': None}]
  [14:19:00] maruziyet: acik_pozisyon=0 pazar=0 dis_risk=0.0
  [14:19:02] mutabakat: pnl=18.5 yerel=18.5 etkin=18.5 pencere=4 risk=2.4 emir=86 dolum=4 pay=45.0 geri_cekilen=0 red=0
  [14:20:06] BOY: S=1789827600 klip=5.0 kol=A
  [14:20:07] pencere: sym=btc S=1789827600 kol=A tokens=['93792627719748403200121000151612327307943668114102102954650009216058116808539', '70514782536266003548050421534147051362012680516654338445696766487630075898053'] emir=11 kabul=[6, 5] fiyatlar=[(0, 0.34, 0.34, 0.34), (0, 0.3, 0.3, 0.3), (0, 0.26, 0.26, 0.26), (0, 0.22, 0.22, 0.22), (0, 0.2, 0.2, 0.2), (0, 0.16, 0.16, 0.16), (1, 0.3, 0.3, 0.3), (1, 0.26, 0.26, 0.26), (1, 0.22, 0.22, 0.22), (1, 0.2, 0.2, 0.2), (1, 0.16, 0.16, 0.16)]
  [14:20:10] dolum: sym=btc S=1789827600 oi=1 p=0.3 ofset=0.3 yeni=5.0 toplam=5.0 kaynak=yoklama gecen_sn=10.8
  [14:20:12] dolum: sym=btc S=1789827600 oi=1 p=0.26 ofset=0.26 yeni=5.0 toplam=5.0 kaynak=yoklama gecen_sn=12.3
  [14:20:13] DENGE_SINIRI: sym=btc S=1789827600 agir=Down up=0.0 down=10.0 iptal=5 kalan_hafif=6
  [14:23:20] GEC_UCUZ_KESILDI: sym=btc S=1789827600 iptal=3 fiyatlar=[0.16, 0.2, 0.22] kalan_acik=3
  [14:23:21] maruziyet: acik_pozisyon=0 pazar=0 dis_risk=0.0
  [14:23:24] mutabakat: pnl=18.5 yerel=18.5 etkin=18.5 pencere=4 risk=5.2 emir=97 dolum=4 pay=45.0 geri_cekilen=0 red=0
  [14:23:38] COZULDU: sym=btc S=1789827300 kol=A kazanan=0 pay=10.0 maliyet=2.4 pnl=-2.4 geri_cekildi=None emirler=[{'oi': 0, 'p': 0.34, 'ofs': 0.34, 'hedef_ofs': 0.34, 'bb': 0.65, 'pay': 0.0, 'durum': 'kapali', 'gecikme_ms': None}, {'oi': 0, 'p': 0.3, 'ofs': 0.3, 'hedef_ofs': 0.3, 'bb': 0.65, 'pay': 0.0, 'durum': 'kapali', 'gecikme_ms': None}, {'oi': 0, 'p': 0.26, 'ofs': 0.26, 'hedef_ofs': 0.26, 'bb': 0.65, 'pay': 0.0, 'durum': 'kapali', 'gecikme_ms': None}, {'oi': 0, 'p': 0.22, 'ofs': 0.22, 'hedef_ofs': 0.22, 'bb': 0.65, 'pay': 0.0, 'durum': 'kapali', 'gecikme_ms': None}, {'oi': 0, 'p': 0.2, 'ofs': 0.2, 'hedef_ofs': 0.2, 'bb': 0.65, 'pay': 0.0, 'durum': 'kapali', 'gecikme_ms': None}, {'oi': 0, 'p': 0.16, 'ofs': 0.16, 'hedef_ofs': 0.16, 'bb': 0.65, 'pay': 0.0, 'durum': 'kapali', 'gecikme_ms': None}, {'oi': 1, 'p': 0.26, 'ofs': 0.26, 'hedef_ofs': 0.26, 'bb': 0.34, 'pay': 5.0, 'durum': 'kapali', 'gecikme_ms': 44349}, {'oi': 1, 'p': 0.22, 'ofs': 0.22, 'hedef_ofs': 0.22, 'bb': 0.34, 'pay': 5.0, 'durum': 'kapali', 'gecikme_ms': 46465}, {'oi': 1, 'p': 0.2, 'ofs': 0.2, 'hedef_ofs': 0.2, 'bb': 0.34, 'pay': 0.0, 'durum': 'kapali', 'gecikme_ms': None}, {'oi': 1, 'p': 0.16, 'ofs': 0.16, 'hedef_ofs': 0.16, 'bb': 0.34, 'pay': 0.0, 'durum': 'kapali', 'gecikme_ms': None}]
  [14:25:05] BOY: S=1789827900 klip=5.0 kol=A
  [14:25:06] pencere: sym=btc S=1789827900 kol=A tokens=['113881449043591639610334457905138107409698037744965882600263771951188416011796', '2137759076680320657460531803914838527298754842585253774763071255221176386633'] emir=11 kabul=[6, 5] fiyatlar=[(0, 0.34, 0.34, 0.34), (0, 0.3, 0.3, 0.3), (0, 0.26, 0.26, 0.26), (0, 0.22, 0.22, 0.22), (0, 0.2, 0.2, 0.2), (0, 0.16, 0.16, 0.16), (1, 0.3, 0.3, 0.3), (1, 0.26, 0.26, 0.26), (1, 0.22, 0.22, 0.22), (1, 0.2, 0.2, 0.2), (1, 0.16, 0.16, 0.16)]
  [14:25:10] dolum: sym=btc S=1789827900 oi=1 p=0.3 ofset=0.3 yeni=5.0 toplam=5.0 kaynak=yoklama gecen_sn=10.2
  [14:25:16] dolum: sym=btc S=1789827900 oi=1 p=0.26 ofset=0.26 yeni=5.0 toplam=5.0 kaynak=yoklama gecen_sn=16.2
  [14:25:16] DENGE_SINIRI: sym=btc S=1789827900 agir=Down up=0.0 down=10.0 iptal=5 kalan_hafif=6
  [14:27:42] maruziyet: acik_pozisyon=0 pazar=0 dis_risk=0.0
  [14:27:45] mutabakat: pnl=16.1 yerel=16.1 etkin=16.1 pencere=5 risk=5.6 emir=108 dolum=5 pay=55.0 geri_cekilen=0 red=0
  [14:28:20] GEC_UCUZ_KESILDI: sym=btc S=1789827900 iptal=3 fiyatlar=[0.16, 0.2, 0.22] kalan_acik=3
  [14:28:41] COZULDU: sym=btc S=1789827600 kol=A kazanan=0 pay=10.0 maliyet=2.8 pnl=-2.8 geri_cekildi=None emirler=[{'oi': 0, 'p': 0.34, 'ofs': 0.34, 'hedef_ofs': 0.34, 'bb': 0.62, 'pay': 0.0, 'durum': 'kapali', 'gecikme_ms': None}, {'oi': 0, 'p': 0.3, 'ofs': 0.3, 'hedef_ofs': 0.3, 'bb': 0.62, 'pay': 0.0, 'durum': 'kapali', 'gecikme_ms': None}, {'oi': 0, 'p': 0.26, 'ofs': 0.26, 'hedef_ofs': 0.26, 'bb': 0.62, 'pay': 0.0, 'durum': 'kapali', 'gecikme_ms': None}, {'oi': 0, 'p': 0.22, 'ofs': 0.22, 'hedef_ofs': 0.22, 'bb': 0.62, 'pay': 0.0, 'durum': 'kapali', 'gecikme_ms': None}, {'oi': 0, 'p': 0.2, 'ofs': 0.2, 'hedef_ofs': 0.2, 'bb': 0.62, 'pay': 0.0, 'durum': 'kapali', 'gecikme_ms': None}, {'oi': 0, 'p': 0.16, 'ofs': 0.16, 'hedef_ofs': 0.16, 'bb': 0.62, 'pay': 0.0, 'durum': 'kapali', 'gecikme_ms': None}, {'oi': 1, 'p': 0.3, 'ofs': 0.3, 'hedef_ofs': 0.3, 'bb': 0.37, 'pay': 5.0, 'durum': 'kapali', 'gecikme_ms': 3678}, {'oi': 1, 'p': 0.26, 'ofs': 0.26, 'hedef_ofs': 0.26, 'bb': 0.37, 'pay': 5.0, 'durum': 'kapali', 'gecikme_ms': 5212}, {'oi': 1, 'p': 0.22, 'ofs': 0.22, 'hedef_ofs': 0.22, 'bb': 0.37, 'pay': 0.0, 'durum': 'kapali', 'gecikme_ms': None}, {'oi': 1, 'p': 0.2, 'ofs': 0.2, 'hedef_ofs': 0.2, 'bb': 0.37, 'pay': 0.0, 'durum': 'kapali', 'gecikme_ms': None}, {'oi': 1, 'p': 0.16, 'ofs': 0.16, 'hedef_ofs': 0.16, 'bb': 0.37, 'pay': 0.0, 'durum': 'kapali', 'gecikme_ms': None}]
  [14:30:06] BOY: S=1789828200 klip=5.0 kol=A
  [14:30:06] pencere: sym=btc S=1789828200 kol=A tokens=['27231055693325178742095795285303266984290497561315481625437958361944526050360', '7858971075986230692177905627317153742423375377879392057283418567170824024399'] emir=8 kabul=[6, 2] fiyatlar=[(0, 0.34, 0.34, 0.34), (0, 0.3, 0.3, 0.3), (0, 0.26, 0.26, 0.26), (0, 0.22, 0.22, 0.22), (0, 0.2, 0.2, 0.2), (0, 0.16, 0.16, 0.16), (1, 0.2, 0.2, 0.2), (1, 0.16, 0.16, 0.16)]
  [14:30:52] dolum: sym=btc S=1789828200 oi=0 p=0.34 ofset=0.34 yeni=2.345 toplam=2.345 kaynak=yoklama gecen_sn=52.5
  [14:31:00] dolum: sym=btc S=1789828200 oi=0 p=0.34 ofset=0.34 yeni=2.65 toplam=4.995 kaynak=yoklama gecen_sn=60.3
  [14:31:59] dolum: sym=btc S=1789828200 oi=1 p=0.2 ofset=0.2 yeni=5.0 toplam=5.0 kaynak=yoklama gecen_sn=120.0
  [14:32:04] maruziyet: acik_pozisyon=0 pazar=0 dis_risk=0.0
  [14:32:06] mutabakat: pnl=13.3 yerel=13.3 etkin=13.3 pencere=6 risk=6.2 emir=116 dolum=6 pay=65.0 geri_cekilen=0 red=0
  [14:32:07] dolum: sym=btc S=1789828200 oi=1 p=0.16 ofset=0.16 yeni=5.0 toplam=5.0 kaynak=yoklama gecen_sn=127.7
  [14:33:01] DENGE_SINIRI: sym=btc S=1789828200 agir=Down up=5.0 down=10.0 iptal=2 kalan_hafif=6
  [14:33:21] GEC_UCUZ_KESILDI: sym=btc S=1789828200 iptal=3 fiyatlar=[0.16, 0.2, 0.22] kalan_acik=3
  [14:33:57] dolum: sym=btc S=1789828200 oi=0 p=0.3 ofset=0.3 yeni=5.0 toplam=5.0 kaynak=yoklama gecen_sn=237.8
  [14:34:03] dolum: sym=btc S=1789828200 oi=0 p=0.26 ofset=0.26 yeni=4.995 toplam=4.995 kaynak=yoklama gecen_sn=243.2
  [14:34:03] DENGE_SINIRI: sym=btc S=1789828200 agir=Up up=15.0 down=10.0 iptal=3 kalan_hafif=0
  [14:34:22] COZULDU: sym=btc S=1789827900 kol=A kazanan=0 pay=10.0 maliyet=2.8 pnl=-2.8 geri_cekildi=None emirler=[{'oi': 0, 'p': 0.34, 'ofs': 0.34, 'hedef_ofs': 0.34, 'bb': 0.63, 'pay': 0.0, 'durum': 'kapali', 'gecikme_ms': None}, {'oi': 0, 'p': 0.3, 'ofs': 0.3, 'hedef_ofs': 0.3, 'bb': 0.63, 'pay': 0.0, 'durum': 'kapali', 'gecikme_ms': None}, {'oi': 0, 'p': 0.26, 'ofs': 0.26, 'hedef_ofs': 0.26, 'bb': 0.63, 'pay': 0.0, 'durum': 'kapali', 'gecikme_ms': None}, {'oi': 0, 'p': 0.22, 'ofs': 0.22, 'hedef_ofs': 0.22, 'bb': 0.63, 'pay': 0.0, 'durum': 'kapali', 'gecikme_ms': None}, {'oi': 0, 'p': 0.2, 'ofs': 0.2, 'hedef_ofs': 0.2, 'bb': 0.63, 'pay': 0.0, 'durum': 'kapali', 'gecikme_ms': None}, {'oi': 0, 'p': 0.16, 'ofs': 0.16, 'hedef_ofs': 0.16, 'bb': 0.63, 'pay': 0.0, 'durum': 'kapali', 'gecikme_ms': None}, {'oi': 1, 'p': 0.3, 'ofs': 0.3, 'hedef_ofs': 0.3, 'bb': 0.36, 'pay': 5.0, 'durum': 'kapali', 'gecikme_ms': 3814}, {'oi': 1, 'p': 0.26, 'ofs': 0.26, 'hedef_ofs': 0.26, 'bb': 0.36, 'pay': 5.0, 'durum': 'kapali', 'gecikme_ms': 9749}, {'oi': 1, 'p': 0.22, 'ofs': 0.22, 'hedef_ofs': 0.22, 'bb': 0.36, 'pay': 0.0, 'durum': 'kapali', 'gecikme_ms': None}, {'oi': 1, 'p': 0.2, 'ofs': 0.2, 'hedef_ofs': 0.2, 'bb': 0.36, 'pay': 0.0, 'durum': 'kapali', 'gecikme_ms': None}, {'oi': 1, 'p': 0.16, 'ofs': 0.16, 'hedef_ofs': 0.16, 'bb': 0.36, 'pay': 0.0, 'durum': 'kapali', 'gecikme_ms': None}]
  [14:35:06] BOY: S=1789828500 klip=5.0 kol=A
  [14:35:06] pencere: sym=btc S=1789828500 kol=A tokens=['104909399273260491414166636168501853245536745894130702960060345457875001263957', '20461718678300840339282625234565884651807204804535575380931011895591967334000'] emir=12 kabul=[6, 6] fiyatlar=[(0, 0.34, 0.34, 0.34), (0, 0.3, 0.3, 0.3), (0, 0.26, 0.26, 0.26), (0, 0.22, 0.22, 0.22), (0, 0.2, 0.2, 0.2), (0, 0.16, 0.16, 0.16), (1, 0.34, 0.34, 0.34), (1, 0.3, 0.3, 0.3), (1, 0.26, 0.26, 0.26), (1, 0.22, 0.22, 0.22), (1, 0.2, 0.2, 0.2), (1, 0.16, 0.16, 0.16)]
  [14:36:15] dolum: sym=btc S=1789828500 oi=1 p=0.34 ofset=0.34 yeni=5.0 toplam=5.0 kaynak=yoklama gecen_sn=75.7
  [14:36:15] dolum: sym=btc S=1789828500 oi=1 p=0.3 ofset=0.3 yeni=4.99 toplam=4.99 kaynak=yoklama gecen_sn=75.8
  [14:36:17] DENGE_SINIRI: sym=btc S=1789828500 agir=Down up=0.0 down=10.0 iptal=6 kalan_hafif=6
  [14:36:24] maruziyet: acik_pozisyon=0 pazar=0 dis_risk=0.0
  [14:36:26] mutabakat_hata: err=999
  [14:36:47] dolum: sym=btc S=1789828500 oi=0 p=0.34 ofset=0.34 yeni=5.0 toplam=5.0 kaynak=yoklama gecen_sn=107.1
  [14:36:47] dolum: sym=btc S=1789828500 oi=0 p=0.3 ofset=0.3 yeni=4.994 toplam=4.994 kaynak=yoklama gecen_sn=107.2
  [14:37:20] dolum: sym=btc S=1789828500 oi=0 p=0.26 ofset=0.26 yeni=5.0 toplam=5.0 kaynak=yoklama gecen_sn=140.1
  [14:37:25] dolum: sym=btc S=1789828500 oi=0 p=0.22 ofset=0.22 yeni=4.994 toplam=4.994 kaynak=yoklama gecen_sn=145.7
  [14:37:26] DENGE_SINIRI: sym=btc S=1789828500 agir=Up up=20.0 down=10.0 iptal=6 kalan_hafif=0
  [14:39:39] COZULDU: sym=btc S=1789828200 kol=A kazanan=1 pay=24.99 maliyet=6.3 pnl=3.7 geri_cekildi=None emirler=[{'oi': 0, 'p': 0.34, 'ofs': 0.34, 'hedef_ofs': 0.34, 'bb': 0.73, 'pay': 5.0, 'durum': 'kapali', 'gecikme_ms': 45820}, {'oi': 0, 'p': 0.3, 'ofs': 0.3, 'hedef_ofs': 0.3, 'bb': 0.73, 'pay': 5.0, 'durum': 'kapali', 'gecikme_ms': 231092}, {'oi': 0, 'p': 0.26, 'ofs': 0.26, 'hedef_ofs': 0.26, 'bb': 0.73, 'pay': 4.99, 'durum': 'kapali', 'gecikme_ms': 236558}, {'oi': 0, 'p': 0.22, 'ofs': 0.22, 'hedef_ofs': 0.22, 'bb': 0.73, 'pay': 0.0, 'durum': 'kapali', 'gecikme_ms': None}, {'oi': 0, 'p': 0.2, 'ofs': 0.2, 'hedef_ofs': 0.2, 'bb': 0.73, 'pay': 0.0, 'durum': 'kapali', 'gecikme_ms': None}, {'oi': 0, 'p': 0.16, 'ofs': 0.16, 'hedef_ofs': 0.16, 'bb': 0.73, 'pay': 0.0, 'durum': 'kapali', 'gecikme_ms': None}, {'oi': 1, 'p': 0.2, 'ofs': 0.2, 'hedef_ofs': 0.2, 'bb': 0.26, 'pay': 5.0, 'durum': 'kapali', 'gecikme_ms': 113260}, {'oi': 1, 'p': 0.16, 'ofs': 0.16, 'hedef_ofs': 0.16, 'bb': 0.26, 'pay': 5.0, 'durum': 'kapali', 'gecikme_ms': 120998}]
  [14:40:05] atla_mutabakat: S=1789828800
  [14:40:44] maruziyet: acik_pozisyon=0 pazar=0 dis_risk=0.0
  [14:40:46] mutabakat_hata: err=999
  [14:44:36] COZULDU: sym=btc S=1789828500 kol=A kazanan=1 pay=29.98 maliyet=8.79 pnl=1.2 geri_cekildi=None emirler=[{'oi': 0, 'p': 0.34, 'ofs': 0.34, 'hedef_ofs': 0.34, 'bb': 0.49, 'pay': 5.0, 'durum': 'kapali', 'gecikme_ms': 100388}, {'oi': 0, 'p': 0.3, 'ofs': 0.3, 'hedef_ofs': 0.3, 'bb': 0.49, 'pay': 4.99, 'durum': 'kapali', 'gecikme_ms': 100475}, {'oi': 0, 'p': 0.26, 'ofs': 0.26, 'hedef_ofs': 0.26, 'bb': 0.49, 'pay': 5.0, 'durum': 'kapali', 'gecikme_ms': 133374}, {'oi': 0, 'p': 0.22, 'ofs': 0.22, 'hedef_ofs': 0.22, 'bb': 0.49, 'pay': 4.99, 'durum': 'kapali', 'gecikme_ms': 138975}, {'oi': 0, 'p': 0.2, 'ofs': 0.2, 'hedef_ofs': 0.2, 'bb': 0.49, 'pay': 0.0, 'durum': 'kapali', 'gecikme_ms': None}, {'oi': 0, 'p': 0.16, 'ofs': 0.16, 'hedef_ofs': 0.16, 'bb': 0.49, 'pay': 0.0, 'durum': 'kapali', 'gecikme_ms': None}, {'oi': 1, 'p': 0.34, 'ofs': 0.34, 'hedef_ofs': 0.34, 'bb': 0.5, 'pay': 5.0, 'durum': 'kapali', 'gecikme_ms': 68979}, {'oi': 1, 'p': 0.3, 'ofs': 0.3, 'hedef_ofs': 0.3, 'bb': 0.5, 'pay': 4.99, 'durum': 'kapali', 'gecikme_ms': 69101}, {'oi': 1, 'p': 0.26, 'ofs': 0.26, 'hedef_ofs': 0.26, 'bb': 0.5, 'pay': 0.0, 'durum': 'kapali', 'gecikme_ms': None}, {'oi': 1, 'p': 0.22, 'ofs': 0.22, 'hedef_ofs': 0.22, 'bb': 0.5, 'pay': 0.0, 'durum': 'kapali', 'gecikme_ms': None}, {'oi': 1, 'p': 0.2, 'ofs': 0.2, 'hedef_ofs': 0.2, 'bb': 0.5, 'pay': 0.0, 'durum': 'kapali', 'gecikme_ms': None}, {'oi': 1, 'p': 0.16, 'ofs': 0.16, 'hedef_ofs': 0.16, 'bb': 0.5, 'pay': 0.0, 'durum': 'kapali', 'gecikme_ms': None}]
  [14:45:04] maruziyet: acik_pozisyon=0 pazar=0 dis_risk=0.0
  [14:45:07] mutabakat: pnl=15.4 yerel=15.4 etkin=15.4 pencere=9 risk=0.0 emir=128 dolum=9 pay=130.0 geri_cekilen=0 red=0
  [14:45:08] BOY: S=1789829100 klip=5.0 kol=A
  [14:45:09] pencere: sym=btc S=1789829100 kol=A tokens=['75217635771927970604605268300751153223830944078447541636313871510858449789576', '33523989282857939133883478885036408330760541788805597846082199055664151697532'] emir=10 kabul=[6, 4] fiyatlar=[(0, 0.34, 0.34, 0.34), (0, 0.3, 0.3, 0.3), (0, 0.26, 0.26, 0.26), (0, 0.22, 0.22, 0.22), (0, 0.2, 0.2, 0.2), (0, 0.16, 0.16, 0.16), (1, 0.26, 0.26, 0.26), (1, 0.22, 0.22, 0.22), (1, 0.2, 0.2, 0.2), (1, 0.16, 0.16, 0.16)]
  [14:45:14] dolum: sym=btc S=1789829100 oi=1 p=0.26 ofset=0.26 yeni=5.0 toplam=5.0 kaynak=yoklama gecen_sn=14.4
  [14:45:19] dolum: sym=btc S=1789829100 oi=1 p=0.22 ofset=0.22 yeni=5.0 toplam=5.0 kaynak=yoklama gecen_sn=20.0
  [14:45:20] dolum: sym=btc S=1789829100 oi=1 p=0.2 ofset=0.2 yeni=5.0 toplam=5.0 kaynak=iptal gecen_sn=20.5
  [14:45:20] DENGE_SINIRI: sym=btc S=1789829100 agir=Down up=0.0 down=10.0 iptal=4 kalan_hafif=6
  [14:47:24] dolum: sym=btc S=1789829100 oi=0 p=0.34 ofset=0.34 yeni=5.0 toplam=5.0 kaynak=yoklama gecen_sn=144.8
  [14:48:02] dolum: sym=btc S=1789829100 oi=0 p=0.3 ofset=0.3 yeni=5.0 toplam=5.0 kaynak=yoklama gecen_sn=182.7
  [14:48:05] dolum: sym=btc S=1789829100 oi=0 p=0.26 ofset=0.26 yeni=5.0 toplam=5.0 kaynak=yoklama gecen_sn=186.0
  [14:48:06] dolum: sym=btc S=1789829100 oi=0 p=0.22 ofset=0.22 yeni=5.0 toplam=5.0 kaynak=yoklama gecen_sn=186.1
  [14:48:06] dolum: sym=btc S=1789829100 oi=0 p=0.2 ofset=0.2 yeni=5.0 toplam=5.0 kaynak=yoklama gecen_sn=186.1
  [14:48:06] DENGE_SINIRI: sym=btc S=1789829100 agir=Up up=25.0 down=15.0 iptal=6 kalan_hafif=0
  [14:49:25] maruziyet: acik_pozisyon=0 pazar=0 dis_risk=0.0
  [14:49:27] mutabakat: pnl=15.4 yerel=15.4 etkin=15.4 pencere=9 risk=0.0 emir=138 dolum=9 pay=130.0 geri_cekilen=0 red=0
  [14:50:05] BOY: S=1789829400 klip=5.0 kol=A
  [14:50:06] pencere: sym=btc S=1789829400 kol=A tokens=['8153819367449617060165290697269015397947923120661438203661517419517420029801', '109209589816554237508332307575374877809050930001092777963968603971694045839382'] emir=12 kabul=[6, 6] fiyatlar=[(0, 0.34, 0.34, 0.34), (0, 0.3, 0.3, 0.3), (0, 0.26, 0.26, 0.26), (0, 0.22, 0.22, 0.22), (0, 0.2, 0.2, 0.2), (0, 0.16, 0.16, 0.16), (1, 0.34, 0.34, 0.34), (1, 0.3, 0.3, 0.3), (1, 0.26, 0.26, 0.26), (1, 0.22, 0.22, 0.22), (1, 0.2, 0.2, 0.2), (1, 0.16, 0.16, 0.16)]
  [14:50:39] dolum: sym=btc S=1789829400 oi=0 p=0.34 ofset=0.34 yeni=5.0 toplam=5.0 kaynak=yoklama gecen_sn=39.3
  [14:51:13] dolum: sym=btc S=1789829400 oi=0 p=0.3 ofset=0.3 yeni=5.0 toplam=5.0 kaynak=yoklama gecen_sn=73.6
  [14:51:16] DENGE_SINIRI: sym=btc S=1789829400 agir=Up up=10.0 down=0.0 iptal=6 kalan_hafif=6
  [14:53:22] GEC_UCUZ_KESILDI: sym=btc S=1789829400 iptal=3 fiyatlar=[0.16, 0.2, 0.22] kalan_acik=3
  [14:53:45] maruziyet: acik_pozisyon=0 pazar=0 dis_risk=0.0
  [14:53:47] mutabakat: pnl=15.4 yerel=15.4 etkin=15.4 pencere=9 risk=3.2 emir=150 dolum=9 pay=130.0 geri_cekilen=0 red=0
  [14:53:55] dolum: sym=btc S=1789829400 oi=1 p=0.34 ofset=0.34 yeni=5.0 toplam=5.0 kaynak=yoklama gecen_sn=235.3
  [14:53:55] dolum: sym=btc S=1789829400 oi=1 p=0.3 ofset=0.3 yeni=5.0 toplam=5.0 kaynak=yoklama gecen_sn=235.4
  [14:53:55] dolum: sym=btc S=1789829400 oi=1 p=0.26 ofset=0.26 yeni=5.0 toplam=5.0 kaynak=yoklama gecen_sn=235.5
  [14:53:55] DENGE_SINIRI: sym=btc S=1789829400 agir=Down up=10.0 down=15.0 iptal=3 kalan_hafif=0
  [14:54:45] COZULDU: sym=btc S=1789829100 kol=A kazanan=1 pay=40.0 maliyet=10.0 pnl=5.0 geri_cekildi=None emirler=[{'oi': 0, 'p': 0.34, 'ofs': 0.34, 'hedef_ofs': 0.34, 'bb': 0.56, 'pay': 5.0, 'durum': 'kapali', 'gecikme_ms': 135366}, {'oi': 0, 'p': 0.3, 'ofs': 0.3, 'hedef_ofs': 0.3, 'bb': 0.56, 'pay': 5.0, 'durum': 'kapali', 'gecikme_ms': 173330}, {'oi': 0, 'p': 0.26, 'ofs': 0.26, 'hedef_ofs': 0.26, 'bb': 0.56, 'pay': 5.0, 'durum': 'kapali', 'gecikme_ms': 176546}, {'oi': 0, 'p': 0.22, 'ofs': 0.22, 'hedef_ofs': 0.22, 'bb': 0.56, 'pay': 5.0, 'durum': 'kapali', 'gecikme_ms': 176634}, {'oi': 0, 'p': 0.2, 'ofs': 0.2, 'hedef_ofs': 0.2, 'bb': 0.56, 'pay': 5.0, 'durum': 'kapali', 'gecikme_ms': 176715}, {'oi': 0, 'p': 0.16, 'ofs': 0.16, 'hedef_ofs': 0.16, 'bb': 0.56, 'pay': 0.0, 'durum': 'kapali', 'gecikme_ms': None}, {'oi': 1, 'p': 0.26, 'ofs': 0.26, 'hedef_ofs': 0.26, 'bb': 0.35, 'pay': 5.0, 'durum': 'kapali', 'gecikme_ms': 4941}, {'oi': 1, 'p': 0.22, 'ofs': 0.22, 'hedef_ofs': 0.22, 'bb': 0.35, 'pay': 5.0, 'durum': 'kapali', 'gecikme_ms': 10544}, {'oi': 1, 'p': 0.2, 'ofs': 0.2, 'hedef_ofs': 0.2, 'bb': 0.35, 'pay': 5.0, 'durum': 'kapali', 'gecikme_ms': 11127}, {'oi': 1, 'p': 0.16, 'ofs': 0.16, 'hedef_ofs': 0.16, 'bb': 0.35, 'pay': 0.0, 'durum': 'kapali', 'gecikme_ms': None}]
  [14:55:05] BOY: S=1789829700 klip=5.0 kol=A
  [14:55:06] pencere: sym=btc S=1789829700 kol=A tokens=['46388569942732788515148975009540534856685515282334394096663243992683282967237', '4635667308238348620584097520096256116729598366616926740362303282730691097033'] emir=11 kabul=[5, 6] fiyatlar=[(0, 0.3, 0.3, 0.3), (0, 0.26, 0.26, 0.26), (0, 0.22, 0.22, 0.22), (0, 0.2, 0.2, 0.2), (0, 0.16, 0.16, 0.16), (1, 0.34, 0.34, 0.34), (1, 0.3, 0.3, 0.3), (1, 0.26, 0.26, 0.26), (1, 0.22, 0.22, 0.22), (1, 0.2, 0.2, 0.2), (1, 0.16, 0.16, 0.16)]
  [14:55:11] dolum: sym=btc S=1789829700 oi=0 p=0.3 ofset=0.3 yeni=5.0 toplam=5.0 kaynak=yoklama gecen_sn=11.3
  [14:55:42] dolum: sym=btc S=1789829700 oi=1 p=0.34 ofset=0.34 yeni=5.0 toplam=5.0 kaynak=yoklama gecen_sn=42.6
  [14:55:47] dolum: sym=btc S=1789829700 oi=1 p=0.3 ofset=0.3 yeni=4.996 toplam=4.996 kaynak=yoklama gecen_sn=47.4
  [14:56:25] dolum: sym=btc S=1789829700 oi=1 p=0.26 ofset=0.26 yeni=4.991 toplam=4.991 kaynak=yoklama gecen_sn=85.8
  [14:56:26] DENGE_SINIRI: sym=btc S=1789829700 agir=Down up=5.0 down=15.0 iptal=6 kalan_hafif=5
  [14:58:06] maruziyet: acik_pozisyon=0 pazar=0 dis_risk=0.0
  [14:58:08] mutabakat: pnl=20.4 yerel=20.4 etkin=20.4 pencere=10 risk=1.0 emir=161 dolum=10 pay=170.0 geri_cekilen=0 red=0
  [14:58:20] GEC_UCUZ_KESILDI: sym=btc S=1789829700 iptal=3 fiyatlar=[0.16, 0.2, 0.22] kalan_acik=2
  [14:58:57] COZULDU: sym=btc S=1789829400 kol=A kazanan=1 pay=25.0 maliyet=7.7 pnl=7.3 geri_cekildi=None emirler=[{'oi': 0, 'p': 0.34, 'ofs': 0.34, 'hedef_ofs': 0.34, 'bb': 0.47, 'pay': 5.0, 'durum': 'kapali', 'gecikme_ms': 32812}, {'oi': 0, 'p': 0.3, 'ofs': 0.3, 'hedef_ofs': 0.3, 'bb': 0.47, 'pay': 5.0, 'durum': 'kapali', 'gecikme_ms': 67028}, {'oi': 0, 'p': 0.26, 'ofs': 0.26, 'hedef_ofs': 0.26, 'bb': 0.47, 'pay': 0.0, 'durum': 'kapali', 'gecikme_ms': None}, {'oi': 0, 'p': 0.22, 'ofs': 0.22, 'hedef_ofs': 0.22, 'bb': 0.47, 'pay': 0.0, 'durum': 'kapali', 'gecikme_ms': None}, {'oi': 0, 'p': 0.2, 'ofs': 0.2, 'hedef_ofs': 0.2, 'bb': 0.47, 'pay': 0.0, 'durum': 'kapali', 'gecikme_ms': None}, {'oi': 0, 'p': 0.16, 'ofs': 0.16, 'hedef_ofs': 0.16, 'bb': 0.47, 'pay': 0.0, 'durum': 'kapali', 'gecikme_ms': None}, {'oi': 1, 'p': 0.34, 'ofs': 0.34, 'hedef_ofs': 0.34, 'bb': 0.52, 'pay': 5.0, 'durum': 'kapali', 'gecikme_ms': 228808}, {'oi': 1, 'p': 0.3, 'ofs': 0.3, 'hedef_ofs': 0.3, 'bb': 0.52, 'pay': 5.0, 'durum': 'kapali', 'gecikme_ms': 228903}, {'oi': 1, 'p': 0.26, 'ofs': 0.26, 'hedef_ofs': 0.26, 'bb': 0.52, 'pay': 5.0, 'durum': 'kapali', 'gecikme_ms': 228992}, {'oi': 1, 'p': 0.22, 'ofs': 0.22, 'hedef_ofs': 0.22, 'bb': 0.52, 'pay': 0.0, 'durum': 'kapali', 'gecikme_ms': None}, {'oi': 1, 'p': 0.2, 'ofs': 0.2, 'hedef_ofs': 0.2, 'bb': 0.52, 'pay': 0.0, 'durum': 'kapali', 'gecikme_ms': None}, {'oi': 1, 'p': 0.16, 'ofs': 0.16, 'hedef_ofs': 0.16, 'bb': 0.52, 'pay': 0.0, 'durum': 'kapali', 'gecikme_ms': None}]
  [15:00:06] BOY: S=1789830000 klip=5.0 kol=A
  [15:00:06] pencere: sym=btc S=1789830000 kol=A tokens=['26492157373903911863317676589825915828083267053411255119774767856192619369671', '82853490361794293539718270754383631174979694242145065146776035929429948827266'] emir=12 kabul=[6, 6] fiyatlar=[(0, 0.34, 0.34, 0.34), (0, 0.3, 0.3, 0.3), (0, 0.26, 0.26, 0.26), (0, 0.22, 0.22, 0.22), (0, 0.2, 0.2, 0.2), (0, 0.16, 0.16, 0.16), (1, 0.34, 0.34, 0.34), (1, 0.3, 0.3, 0.3), (1, 0.26, 0.26, 0.26), (1, 0.22, 0.22, 0.22), (1, 0.2, 0.2, 0.2), (1, 0.16, 0.16, 0.16)]
  [15:00:46] dolum: sym=btc S=1789830000 oi=1 p=0.34 ofset=0.34 yeni=5.0 toplam=5.0 kaynak=yoklama gecen_sn=46.6
  [15:00:56] dolum: sym=btc S=1789830000 oi=1 p=0.3 ofset=0.3 yeni=5.0 toplam=5.0 kaynak=yoklama gecen_sn=56.4
  [15:00:57] DENGE_SINIRI: sym=btc S=1789830000 agir=Down up=0.0 down=10.0 iptal=6 kalan_hafif=6
  [15:02:26] maruziyet: acik_pozisyon=0 pazar=0 dis_risk=0.0
  [15:02:28] mutabakat: pnl=27.7 yerel=27.7 etkin=27.7 pencere=11 risk=4.2 emir=173 dolum=11 pay=195.0 geri_cekilen=0 red=0
  [15:03:20] GEC_UCUZ_KESILDI: sym=btc S=1789830000 iptal=3 fiyatlar=[0.16, 0.2, 0.22] kalan_acik=3
  [15:04:50] COZULDU: sym=btc S=1789829700 kol=A kazanan=0 pay=19.99 maliyet=6.0 pnl=-1.0 geri_cekildi=None emirler=[{'oi': 0, 'p': 0.3, 'ofs': 0.3, 'hedef_ofs': 0.3, 'bb': 0.37, 'pay': 5.0, 'durum': 'kapali', 'gecikme_ms': 4761}, {'oi': 0, 'p': 0.26, 'ofs': 0.26, 'hedef_ofs': 0.26, 'bb': 0.37, 'pay': 0.0, 'durum': 'kapali', 'gecikme_ms': None}, {'oi': 0, 'p': 0.22, 'ofs': 0.22, 'hedef_ofs': 0.22, 'bb': 0.37, 'pay': 0.0, 'durum': 'kapali', 'gecikme_ms': None}, {'oi': 0, 'p': 0.2, 'ofs': 0.2, 'hedef_ofs': 0.2, 'bb': 0.37, 'pay': 0.0, 'durum': 'kapali', 'gecikme_ms': None}, {'oi': 0, 'p': 0.16, 'ofs': 0.16, 'hedef_ofs': 0.16, 'bb': 0.37, 'pay': 0.0, 'durum': 'kapali', 'gecikme_ms': None}, {'oi': 1, 'p': 0.34, 'ofs': 0.34, 'hedef_ofs': 0.34, 'bb': 0.62, 'pay': 5.0, 'durum': 'kapali', 'gecikme_ms': 36129}, {'oi': 1, 'p': 0.3, 'ofs': 0.3, 'hedef_ofs': 0.3, 'bb': 0.62, 'pay': 5.0, 'durum': 'kapali', 'gecikme_ms': 40850}, {'oi': 1, 'p': 0.26, 'ofs': 0.26, 'hedef_ofs': 0.26, 'bb': 0.62, 'pay': 4.99, 'durum': 'kapali', 'gecikme_ms': 79274}, {'oi': 1, 'p': 0.22, 'ofs': 0.22, 'hedef_ofs': 0.22, 'bb': 0.62, 'pay': 0.0, 'durum': 'kapali', 'gecikme_ms': None}, {'oi': 1, 'p': 0.2, 'ofs': 0.2, 'hedef_ofs': 0.2, 'bb': 0.62, 'pay': 0.0, 'durum': 'kapali', 'gecikme_ms': None}, {'oi': 1, 'p': 0.16, 'ofs': 0.16, 'hedef_ofs': 0.16, 'bb': 0.62, 'pay': 0.0, 'durum': 'kapali', 'gecikme_ms': None}]
  [15:05:06] BOY: S=1789830300 klip=5.0 kol=A
  [15:05:07] pencere: sym=btc S=1789830300 kol=A tokens=['48598181630696607786265099113137757132564704587966863503597656424077144947923', '46509051963760259277400597087856248358247139671471460869776331293772732260788'] emir=9 kabul=[6, 3] fiyatlar=[(0, 0.34, 0.34, 0.34), (0, 0.3, 0.3, 0.3), (0, 0.26, 0.26, 0.26), (0, 0.22, 0.22, 0.22), (0, 0.2, 0.2, 0.2), (0, 0.16, 0.16, 0.16), (1, 0.22, 0.22, 0.22), (1, 0.2, 0.2, 0.2), (1, 0.16, 0.16, 0.16)]
  [15:05:28] dolum: sym=btc S=1789830300 oi=1 p=0.22 ofset=0.22 yeni=5.0 toplam=5.0 kaynak=yoklama gecen_sn=28.5
  [15:05:28] dolum: sym=btc S=1789830300 oi=1 p=0.2 ofset=0.2 yeni=5.0 toplam=5.0 kaynak=yoklama gecen_sn=28.6
  [15:05:30] DENGE_SINIRI: sym=btc S=1789830300 agir=Down up=0.0 down=10.0 iptal=3 kalan_hafif=6
  [15:06:47] maruziyet: acik_pozisyon=0 pazar=0 dis_risk=0.0
  [15:06:49] mutabakat: pnl=26.7 yerel=26.7 etkin=26.7 pencere=12 risk=5.3 emir=182 dolum=12 pay=215.0 geri_cekilen=0 red=0
  [15:08:20] GEC_UCUZ_KESILDI: sym=btc S=1789830300 iptal=3 fiyatlar=[0.16, 0.2, 0.22] kalan_acik=3
  [15:10:02] COZULDU: sym=btc S=1789830000 kol=A kazanan=0 pay=10.0 maliyet=3.2 pnl=-3.2 geri_cekildi=None emirler=[{'oi': 0, 'p': 0.34, 'ofs': 0.34, 'hedef_ofs': 0.34, 'bb': 0.5, 'pay': 0.0, 'durum': 'kapali', 'gecikme_ms': None}, {'oi': 0, 'p': 0.3, 'ofs': 0.3, 'hedef_ofs': 0.3, 'bb': 0.5, 'pay': 0.0, 'durum': 'kapali', 'gecikme_ms': None}, {'oi': 0, 'p': 0.26, 'ofs': 0.26, 'hedef_ofs': 0.26, 'bb': 0.5, 'pay': 0.0, 'durum': 'kapali', 'gecikme_ms': None}, {'oi': 0, 'p': 0.22, 'ofs': 0.22, 'hedef_ofs': 0.22, 'bb': 0.5, 'pay': 0.0, 'durum': 'kapali', 'gecikme_ms': None}, {'oi': 0, 'p': 0.2, 'ofs': 0.2, 'hedef_ofs': 0.2, 'bb': 0.5, 'pay': 0.0, 'durum': 'kapali', 'gecikme_ms': None}, {'oi': 0, 'p': 0.16, 'ofs': 0.16, 'hedef_ofs': 0.16, 'bb': 0.5, 'pay': 0.0, 'durum': 'kapali', 'gecikme_ms': None}, {'oi': 1, 'p': 0.34, 'ofs': 0.34, 'hedef_ofs': 0.34, 'bb': 0.53, 'pay': 5.0, 'durum': 'kapali', 'gecikme_ms': 39919}, {'oi': 1, 'p': 0.3, 'ofs': 0.3, 'hedef_ofs': 0.3, 'bb': 0.53, 'pay': 5.0, 'durum': 'kapali', 'gecikme_ms': 49650}, {'oi': 1, 'p': 0.26, 'ofs': 0.26, 'hedef_ofs': 0.26, 'bb': 0.53, 'pay': 0.0, 'durum': 'kapali', 'gecikme_ms': None}, {'oi': 1, 'p': 0.22, 'ofs': 0.22, 'hedef_ofs': 0.22, 'bb': 0.53, 'pay': 0.0, 'durum': 'kapali', 'gecikme_ms': None}, {'oi': 1, 'p': 0.2, 'ofs': 0.2, 'hedef_ofs': 0.2, 'bb': 0.53, 'pay': 0.0, 'durum': 'kapali', 'gecikme_ms': None}, {'oi': 1, 'p': 0.16, 'ofs': 0.16, 'hedef_ofs': 0.16, 'bb': 0.53, 'pay': 0.0, 'durum': 'kapali', 'gecikme_ms': None}]
  [15:10:05] BOY: S=1789830600 klip=5.0 kol=A
  [15:10:06] pencere: sym=btc S=1789830600 kol=A tokens=['45840508285963866929839897177355805842569633456074062634109777208508850961072', '34133402952599214615020469377215328393768939338542648723503379101169334453815'] emir=12 kabul=[6, 6] fiyatlar=[(0, 0.34, 0.34, 0.34), (0, 0.3, 0.3, 0.3), (0, 0.26, 0.26, 0.26), (0, 0.22, 0.22, 0.22), (0, 0.2, 0.2, 0.2), (0, 0.16, 0.16, 0.16), (1, 0.34, 0.34, 0.34), (1, 0.3, 0.3, 0.3), (1, 0.26, 0.26, 0.26), (1, 0.22, 0.22, 0.22), (1, 0.2, 0.2, 0.2), (1, 0.16, 0.16, 0.16)]
  [15:10:29] dolum: sym=btc S=1789830600 oi=1 p=0.34 ofset=0.34 yeni=5.0 toplam=5.0 kaynak=yoklama gecen_sn=29.3
  [15:10:29] dolum: sym=btc S=1789830600 oi=1 p=0.3 ofset=0.3 yeni=5.0 toplam=5.0 kaynak=yoklama gecen_sn=29.4
  [15:10:30] DENGE_SINIRI: sym=btc S=1789830600 agir=Down up=0.0 down=10.0 iptal=6 kalan_hafif=6
  [15:10:50] bitti: sebep=STOP pnl=23.5026 yerel=23.5026 pencere=18 emir=194 dolum=13 pay=224.96 geri_cekilen=0 red=0 bilinmeyen=0 risk=5.3
